nist_test,component,valid_streams,pass,fail,not_applicable,pass_proportion,nist_3sigma_lower_bound,below_nist_approx_bound,exact_binomial_upper_tail_p,holm_adjusted_p,holm_reject_at_0_01
Frequency,component=1,100,100,0,0,1,0.960150376887,False,1.0,1.0,False
BlockFrequency,component=1,100,99,1,0,0.99,0.960150376887,False,0.6339676587267705,1.0,False
CumulativeSums,forward,100,100,0,0,1,0.960150376887,False,1.0,1.0,False
CumulativeSums,reverse,100,100,0,0,1,0.960150376887,False,1.0,1.0,False
Runs,component=1,100,100,0,0,1,0.960150376887,False,1.0,1.0,False
LongestRun,component=1,100,99,1,0,0.99,0.960150376887,False,0.6339676587267705,1.0,False
Rank,component=1,100,98,2,0,0.98,0.960150376887,False,0.26423802107704364,1.0,False
FFT,component=1,100,99,1,0,0.99,0.960150376887,False,0.6339676587267705,1.0,False
NonOverlappingTemplate,template=1,100,99,1,0,0.99,0.960150376887,False,0.6339676587267705,1.0,False
NonOverlappingTemplate,template=2,100,100,0,0,1,0.960150376887,False,1.0,1.0,False
NonOverlappingTemplate,template=3,100,99,1,0,0.99,0.960150376887,False,0.6339676587267705,1.0,False
NonOverlappingTemplate,template=4,100,99,1,0,0.99,0.960150376887,False,0.6339676587267705,1.0,False
NonOverlappingTemplate,template=5,100,100,0,0,1,0.960150376887,False,1.0,1.0,False
NonOverlappingTemplate,template=6,100,98,2,0,0.98,0.960150376887,False,0.26423802107704364,1.0,False
NonOverlappingTemplate,template=7,100,100,0,0,1,0.960150376887,False,1.0,1.0,False
NonOverlappingTemplate,template=8,100,97,3,0,0.97,0.960150376887,False,0.07937320225218046,1.0,False
NonOverlappingTemplate,template=9,100,100,0,0,1,0.960150376887,False,1.0,1.0,False
NonOverlappingTemplate,template=10,100,99,1,0,0.99,0.960150376887,False,0.6339676587267705,1.0,False
NonOverlappingTemplate,template=11,100,100,0,0,1,0.960150376887,False,1.0,1.0,False
NonOverlappingTemplate,template=12,100,98,2,0,0.98,0.960150376887,False,0.26423802107704364,1.0,False
NonOverlappingTemplate,template=13,100,99,1,0,0.99,0.960150376887,False,0.6339676587267705,1.0,False
NonOverlappingTemplate,template=14,100,99,1,0,0.99,0.960150376887,False,0.6339676587267705,1.0,False
NonOverlappingTemplate,template=15,100,99,1,0,0.99,0.960150376887,False,0.6339676587267705,1.0,False
NonOverlappingTemplate,template=16,100,99,1,0,0.99,0.960150376887,False,0.6339676587267705,1.0,False
NonOverlappingTemplate,template=17,100,100,0,0,1,0.960150376887,False,1.0,1.0,False
NonOverlappingTemplate,template=18,100,100,0,0,1,0.960150376887,False,1.0,1.0,False
NonOverlappingTemplate,template=19,100,99,1,0,0.99,0.960150376887,False,0.6339676587267705,1.0,False
NonOverlappingTemplate,template=20,100,99,1,0,0.99,0.960150376887,False,0.6339676587267705,1.0,False
NonOverlappingTemplate,template=21,100,100,0,0,1,0.960150376887,False,1.0,1.0,False
NonOverlappingTemplate,template=22,100,98,2,0,0.98,0.960150376887,False,0.26423802107704364,1.0,False
NonOverlappingTemplate,template=23,100,100,0,0,1,0.960150376887,False,1.0,1.0,False
NonOverlappingTemplate,template=24,100,100,0,0,1,0.960150376887,False,1.0,1.0,False
NonOverlappingTemplate,template=25,100,100,0,0,1,0.960150376887,False,1.0,1.0,False
NonOverlappingTemplate,template=26,100,98,2,0,0.98,0.960150376887,False,0.26423802107704364,1.0,False
NonOverlappingTemplate,template=27,100,100,0,0,1,0.960150376887,False,1.0,1.0,False
NonOverlappingTemplate,template=28,100,99,1,0,0.99,0.960150376887,False,0.6339676587267705,1.0,False
NonOverlappingTemplate,template=29,100,100,0,0,1,0.960150376887,False,1.0,1.0,False
NonOverlappingTemplate,template=30,100,99,1,0,0.99,0.960150376887,False,0.6339676587267705,1.0,False
NonOverlappingTemplate,template=31,100,100,0,0,1,0.960150376887,False,1.0,1.0,False
NonOverlappingTemplate,template=32,100,100,0,0,1,0.960150376887,False,1.0,1.0,False
NonOverlappingTemplate,template=33,100,100,0,0,1,0.960150376887,False,1.0,1.0,False
NonOverlappingTemplate,template=34,100,98,2,0,0.98,0.960150376887,False,0.26423802107704364,1.0,False
NonOverlappingTemplate,template=35,100,100,0,0,1,0.960150376887,False,1.0,1.0,False
NonOverlappingTemplate,template=36,100,100,0,0,1,0.960150376887,False,1.0,1.0,False
NonOverlappingTemplate,template=37,100,98,2,0,0.98,0.960150376887,False,0.26423802107704364,1.0,False
NonOverlappingTemplate,template=38,100,99,1,0,0.99,0.960150376887,False,0.6339676587267705,1.0,False
NonOverlappingTemplate,template=39,100,97,3,0,0.97,0.960150376887,False,0.07937320225218046,1.0,False
NonOverlappingTemplate,template=40,100,99,1,0,0.99,0.960150376887,False,0.6339676587267705,1.0,False
NonOverlappingTemplate,template=41,100,99,1,0,0.99,0.960150376887,False,0.6339676587267705,1.0,False
NonOverlappingTemplate,template=42,100,100,0,0,1,0.960150376887,False,1.0,1.0,False
NonOverlappingTemplate,template=43,100,99,1,0,0.99,0.960150376887,False,0.6339676587267705,1.0,False
NonOverlappingTemplate,template=44,100,98,2,0,0.98,0.960150376887,False,0.26423802107704364,1.0,False
NonOverlappingTemplate,template=45,100,100,0,0,1,0.960150376887,False,1.0,1.0,False
NonOverlappingTemplate,template=46,100,100,0,0,1,0.960150376887,False,1.0,1.0,False
NonOverlappingTemplate,template=47,100,98,2,0,0.98,0.960150376887,False,0.26423802107704364,1.0,False
NonOverlappingTemplate,template=48,100,99,1,0,0.99,0.960150376887,False,0.6339676587267705,1.0,False
NonOverlappingTemplate,template=49,100,98,2,0,0.98,0.960150376887,False,0.26423802107704364,1.0,False
NonOverlappingTemplate,template=50,100,98,2,0,0.98,0.960150376887,False,0.26423802107704364,1.0,False
NonOverlappingTemplate,template=51,100,99,1,0,0.99,0.960150376887,False,0.6339676587267705,1.0,False
NonOverlappingTemplate,template=52,100,97,3,0,0.97,0.960150376887,False,0.07937320225218046,1.0,False
NonOverlappingTemplate,template=53,100,98,2,0,0.98,0.960150376887,False,0.26423802107704364,1.0,False
NonOverlappingTemplate,template=54,100,99,1,0,0.99,0.960150376887,False,0.6339676587267705,1.0,False
NonOverlappingTemplate,template=55,100,100,0,0,1,0.960150376887,False,1.0,1.0,False
NonOverlappingTemplate,template=56,100,98,2,0,0.98,0.960150376887,False,0.26423802107704364,1.0,False
NonOverlappingTemplate,template=57,100,100,0,0,1,0.960150376887,False,1.0,1.0,False
NonOverlappingTemplate,template=58,100,99,1,0,0.99,0.960150376887,False,0.6339676587267705,1.0,False
NonOverlappingTemplate,template=59,100,98,2,0,0.98,0.960150376887,False,0.26423802107704364,1.0,False
NonOverlappingTemplate,template=60,100,99,1,0,0.99,0.960150376887,False,0.6339676587267705,1.0,False
NonOverlappingTemplate,template=61,100,99,1,0,0.99,0.960150376887,False,0.6339676587267705,1.0,False
NonOverlappingTemplate,template=62,100,99,1,0,0.99,0.960150376887,False,0.6339676587267705,1.0,False
NonOverlappingTemplate,template=63,100,100,0,0,1,0.960150376887,False,1.0,1.0,False
NonOverlappingTemplate,template=64,100,99,1,0,0.99,0.960150376887,False,0.6339676587267705,1.0,False
NonOverlappingTemplate,template=65,100,100,0,0,1,0.960150376887,False,1.0,1.0,False
NonOverlappingTemplate,template=66,100,99,1,0,0.99,0.960150376887,False,0.6339676587267705,1.0,False
NonOverlappingTemplate,template=67,100,99,1,0,0.99,0.960150376887,False,0.6339676587267705,1.0,False
NonOverlappingTemplate,template=68,100,98,2,0,0.98,0.960150376887,False,0.26423802107704364,1.0,False
NonOverlappingTemplate,template=69,100,98,2,0,0.98,0.960150376887,False,0.26423802107704364,1.0,False
NonOverlappingTemplate,template=70,100,100,0,0,1,0.960150376887,False,1.0,1.0,False
NonOverlappingTemplate,template=71,100,99,1,0,0.99,0.960150376887,False,0.6339676587267705,1.0,False
NonOverlappingTemplate,template=72,100,98,2,0,0.98,0.960150376887,False,0.26423802107704364,1.0,False
NonOverlappingTemplate,template=73,100,98,2,0,0.98,0.960150376887,False,0.26423802107704364,1.0,False
NonOverlappingTemplate,template=74,100,100,0,0,1,0.960150376887,False,1.0,1.0,False
NonOverlappingTemplate,template=75,100,99,1,0,0.99,0.960150376887,False,0.6339676587267705,1.0,False
NonOverlappingTemplate,template=76,100,98,2,0,0.98,0.960150376887,False,0.26423802107704364,1.0,False
NonOverlappingTemplate,template=77,100,99,1,0,0.99,0.960150376887,False,0.6339676587267705,1.0,False
NonOverlappingTemplate,template=78,100,97,3,0,0.97,0.960150376887,False,0.07937320225218046,1.0,False
NonOverlappingTemplate,template=79,100,100,0,0,1,0.960150376887,False,1.0,1.0,False
NonOverlappingTemplate,template=80,100,100,0,0,1,0.960150376887,False,1.0,1.0,False
NonOverlappingTemplate,template=81,100,99,1,0,0.99,0.960150376887,False,0.6339676587267705,1.0,False
NonOverlappingTemplate,template=82,100,100,0,0,1,0.960150376887,False,1.0,1.0,False
NonOverlappingTemplate,template=83,100,99,1,0,0.99,0.960150376887,False,0.6339676587267705,1.0,False
NonOverlappingTemplate,template=84,100,98,2,0,0.98,0.960150376887,False,0.26423802107704364,1.0,False
NonOverlappingTemplate,template=85,100,100,0,0,1,0.960150376887,False,1.0,1.0,False
NonOverlappingTemplate,template=86,100,100,0,0,1,0.960150376887,False,1.0,1.0,False
NonOverlappingTemplate,template=87,100,100,0,0,1,0.960150376887,False,1.0,1.0,False
NonOverlappingTemplate,template=88,100,99,1,0,0.99,0.960150376887,False,0.6339676587267705,1.0,False
NonOverlappingTemplate,template=89,100,99,1,0,0.99,0.960150376887,False,0.6339676587267705,1.0,False
NonOverlappingTemplate,template=90,100,100,0,0,1,0.960150376887,False,1.0,1.0,False
NonOverlappingTemplate,template=91,100,99,1,0,0.99,0.960150376887,False,0.6339676587267705,1.0,False
NonOverlappingTemplate,template=92,100,99,1,0,0.99,0.960150376887,False,0.6339676587267705,1.0,False
NonOverlappingTemplate,template=93,100,99,1,0,0.99,0.960150376887,False,0.6339676587267705,1.0,False
NonOverlappingTemplate,template=94,100,99,1,0,0.99,0.960150376887,False,0.6339676587267705,1.0,False
NonOverlappingTemplate,template=95,100,100,0,0,1,0.960150376887,False,1.0,1.0,False
NonOverlappingTemplate,template=96,100,100,0,0,1,0.960150376887,False,1.0,1.0,False
NonOverlappingTemplate,template=97,100,98,2,0,0.98,0.960150376887,False,0.26423802107704364,1.0,False
NonOverlappingTemplate,template=98,100,100,0,0,1,0.960150376887,False,1.0,1.0,False
NonOverlappingTemplate,template=99,100,97,3,0,0.97,0.960150376887,False,0.07937320225218046,1.0,False
NonOverlappingTemplate,template=100,100,97,3,0,0.97,0.960150376887,False,0.07937320225218046,1.0,False
NonOverlappingTemplate,template=101,100,99,1,0,0.99,0.960150376887,False,0.6339676587267705,1.0,False
NonOverlappingTemplate,template=102,100,98,2,0,0.98,0.960150376887,False,0.26423802107704364,1.0,False
NonOverlappingTemplate,template=103,100,100,0,0,1,0.960150376887,False,1.0,1.0,False
NonOverlappingTemplate,template=104,100,100,0,0,1,0.960150376887,False,1.0,1.0,False
NonOverlappingTemplate,template=105,100,100,0,0,1,0.960150376887,False,1.0,1.0,False
NonOverlappingTemplate,template=106,100,100,0,0,1,0.960150376887,False,1.0,1.0,False
NonOverlappingTemplate,template=107,100,99,1,0,0.99,0.960150376887,False,0.6339676587267705,1.0,False
NonOverlappingTemplate,template=108,100,100,0,0,1,0.960150376887,False,1.0,1.0,False
NonOverlappingTemplate,template=109,100,100,0,0,1,0.960150376887,False,1.0,1.0,False
NonOverlappingTemplate,template=110,100,100,0,0,1,0.960150376887,False,1.0,1.0,False
NonOverlappingTemplate,template=111,100,99,1,0,0.99,0.960150376887,False,0.6339676587267705,1.0,False
NonOverlappingTemplate,template=112,100,99,1,0,0.99,0.960150376887,False,0.6339676587267705,1.0,False
NonOverlappingTemplate,template=113,100,99,1,0,0.99,0.960150376887,False,0.6339676587267705,1.0,False
NonOverlappingTemplate,template=114,100,97,3,0,0.97,0.960150376887,False,0.07937320225218046,1.0,False
NonOverlappingTemplate,template=115,100,99,1,0,0.99,0.960150376887,False,0.6339676587267705,1.0,False
NonOverlappingTemplate,template=116,100,100,0,0,1,0.960150376887,False,1.0,1.0,False
NonOverlappingTemplate,template=117,100,100,0,0,1,0.960150376887,False,1.0,1.0,False
NonOverlappingTemplate,template=118,100,100,0,0,1,0.960150376887,False,1.0,1.0,False
NonOverlappingTemplate,template=119,100,99,1,0,0.99,0.960150376887,False,0.6339676587267705,1.0,False
NonOverlappingTemplate,template=120,100,98,2,0,0.98,0.960150376887,False,0.26423802107704364,1.0,False
NonOverlappingTemplate,template=121,100,100,0,0,1,0.960150376887,False,1.0,1.0,False
NonOverlappingTemplate,template=122,100,100,0,0,1,0.960150376887,False,1.0,1.0,False
NonOverlappingTemplate,template=123,100,100,0,0,1,0.960150376887,False,1.0,1.0,False
NonOverlappingTemplate,template=124,100,99,1,0,0.99,0.960150376887,False,0.6339676587267705,1.0,False
NonOverlappingTemplate,template=125,100,99,1,0,0.99,0.960150376887,False,0.6339676587267705,1.0,False
NonOverlappingTemplate,template=126,100,100,0,0,1,0.960150376887,False,1.0,1.0,False
NonOverlappingTemplate,template=127,100,100,0,0,1,0.960150376887,False,1.0,1.0,False
NonOverlappingTemplate,template=128,100,97,3,0,0.97,0.960150376887,False,0.07937320225218046,1.0,False
NonOverlappingTemplate,template=129,100,99,1,0,0.99,0.960150376887,False,0.6339676587267705,1.0,False
NonOverlappingTemplate,template=130,100,99,1,0,0.99,0.960150376887,False,0.6339676587267705,1.0,False
NonOverlappingTemplate,template=131,100,97,3,0,0.97,0.960150376887,False,0.07937320225218046,1.0,False
NonOverlappingTemplate,template=132,100,98,2,0,0.98,0.960150376887,False,0.26423802107704364,1.0,False
NonOverlappingTemplate,template=133,100,98,2,0,0.98,0.960150376887,False,0.26423802107704364,1.0,False
NonOverlappingTemplate,template=134,100,100,0,0,1,0.960150376887,False,1.0,1.0,False
NonOverlappingTemplate,template=135,100,99,1,0,0.99,0.960150376887,False,0.6339676587267705,1.0,False
NonOverlappingTemplate,template=136,100,100,0,0,1,0.960150376887,False,1.0,1.0,False
NonOverlappingTemplate,template=137,100,99,1,0,0.99,0.960150376887,False,0.6339676587267705,1.0,False
NonOverlappingTemplate,template=138,100,100,0,0,1,0.960150376887,False,1.0,1.0,False
NonOverlappingTemplate,template=139,100,97,3,0,0.97,0.960150376887,False,0.07937320225218046,1.0,False
NonOverlappingTemplate,template=140,100,100,0,0,1,0.960150376887,False,1.0,1.0,False
NonOverlappingTemplate,template=141,100,99,1,0,0.99,0.960150376887,False,0.6339676587267705,1.0,False
NonOverlappingTemplate,template=142,100,100,0,0,1,0.960150376887,False,1.0,1.0,False
NonOverlappingTemplate,template=143,100,100,0,0,1,0.960150376887,False,1.0,1.0,False
NonOverlappingTemplate,template=144,100,100,0,0,1,0.960150376887,False,1.0,1.0,False
NonOverlappingTemplate,template=145,100,99,1,0,0.99,0.960150376887,False,0.6339676587267705,1.0,False
NonOverlappingTemplate,template=146,100,97,3,0,0.97,0.960150376887,False,0.07937320225218046,1.0,False
NonOverlappingTemplate,template=147,100,100,0,0,1,0.960150376887,False,1.0,1.0,False
NonOverlappingTemplate,template=148,100,100,0,0,1,0.960150376887,False,1.0,1.0,False
OverlappingTemplate,component=1,100,98,2,0,0.98,0.960150376887,False,0.26423802107704364,1.0,False
Universal,component=1,100,99,1,0,0.99,0.960150376887,False,0.6339676587267705,1.0,False
ApproximateEntropy,component=1,100,98,2,0,0.98,0.960150376887,False,0.26423802107704364,1.0,False
RandomExcursions,state=-4,61,60,1,39,0.983606557377,0.951781473894,False,0.4583149240331461,1.0,False
RandomExcursions,state=-3,61,61,0,39,1,0.951781473894,False,1.0,1.0,False
RandomExcursions,state=-2,61,60,1,39,0.983606557377,0.951781473894,False,0.4583149240331461,1.0,False
RandomExcursions,state=-1,61,61,0,39,1,0.951781473894,False,1.0,1.0,False
RandomExcursions,state=1,61,59,2,39,0.967213114754,0.951781473894,False,0.12454937217478163,1.0,False
RandomExcursions,state=2,61,60,1,39,0.983606557377,0.951781473894,False,0.4583149240331461,1.0,False
RandomExcursions,state=3,61,61,0,39,1,0.951781473894,False,1.0,1.0,False
RandomExcursions,state=4,61,61,0,39,1,0.951781473894,False,1.0,1.0,False
RandomExcursionsVariant,state=-9,61,61,0,39,1,0.951781473894,False,1.0,1.0,False
RandomExcursionsVariant,state=-8,61,60,1,39,0.983606557377,0.951781473894,False,0.4583149240331461,1.0,False
RandomExcursionsVariant,state=-7,61,60,1,39,0.983606557377,0.951781473894,False,0.4583149240331461,1.0,False
RandomExcursionsVariant,state=-6,61,60,1,39,0.983606557377,0.951781473894,False,0.4583149240331461,1.0,False
RandomExcursionsVariant,state=-5,61,60,1,39,0.983606557377,0.951781473894,False,0.4583149240331461,1.0,False
RandomExcursionsVariant,state=-4,61,61,0,39,1,0.951781473894,False,1.0,1.0,False
RandomExcursionsVariant,state=-3,61,61,0,39,1,0.951781473894,False,1.0,1.0,False
RandomExcursionsVariant,state=-2,61,60,1,39,0.983606557377,0.951781473894,False,0.4583149240331461,1.0,False
RandomExcursionsVariant,state=-1,61,61,0,39,1,0.951781473894,False,1.0,1.0,False
RandomExcursionsVariant,state=1,61,61,0,39,1,0.951781473894,False,1.0,1.0,False
RandomExcursionsVariant,state=2,61,61,0,39,1,0.951781473894,False,1.0,1.0,False
RandomExcursionsVariant,state=3,61,61,0,39,1,0.951781473894,False,1.0,1.0,False
RandomExcursionsVariant,state=4,61,61,0,39,1,0.951781473894,False,1.0,1.0,False
RandomExcursionsVariant,state=5,61,61,0,39,1,0.951781473894,False,1.0,1.0,False
RandomExcursionsVariant,state=6,61,61,0,39,1,0.951781473894,False,1.0,1.0,False
RandomExcursionsVariant,state=7,61,61,0,39,1,0.951781473894,False,1.0,1.0,False
RandomExcursionsVariant,state=8,61,61,0,39,1,0.951781473894,False,1.0,1.0,False
RandomExcursionsVariant,state=9,61,61,0,39,1,0.951781473894,False,1.0,1.0,False
Serial,m,100,98,2,0,0.98,0.960150376887,False,0.26423802107704364,1.0,False
Serial,m-1,100,99,1,0,0.99,0.960150376887,False,0.6339676587267705,1.0,False
LinearComplexity,component=1,100,100,0,0,1,0.960150376887,False,1.0,1.0,False
