test_name,component,C1,C2,C3,C4,C5,C6,C7,C8,C9,C10,suite_p_value,recomputed_chi_square,recomputed_uniformity_p_value,nist_uniformity_threshold
Frequency,1,13,7,7,12,10,7,13,10,9,12,0.798139,5.4,0.798139062395,0.0001
BlockFrequency,1,7,8,10,9,15,12,10,8,14,7,0.616305,7.2,0.616305224983,0.0001
CumulativeSums,1,12,12,8,6,9,11,15,6,8,13,0.494392,8.4,0.494391686482,0.0001
CumulativeSums,2,12,7,18,5,7,12,11,8,12,8,0.171867,12.8,0.171866837467,0.0001
Runs,1,4,7,12,13,15,8,8,10,13,10,0.350485,10,0.350485212323,0.0001
LongestRun,1,14,9,5,6,12,13,9,13,11,8,0.474986,8.6,0.474985686648,0.0001
Rank,1,12,12,13,8,6,15,10,8,8,8,0.595549,7.4,0.595548507284,0.0001
FFT,1,3,11,10,16,12,8,9,6,13,12,0.191687,12.4,0.191686740847,0.0001
NonOverlappingTemplate,1,11,5,10,16,17,7,9,6,10,9,0.129620,13.8,0.129619591333,0.0001
NonOverlappingTemplate,2,5,12,9,9,9,8,15,16,9,8,0.334538,10.2,0.334538151634,0.0001
NonOverlappingTemplate,3,8,8,9,11,11,8,13,5,14,13,0.595549,7.4,0.595548507284,0.0001
NonOverlappingTemplate,4,9,12,9,13,5,16,12,10,8,6,0.350485,10,0.350485212323,0.0001
NonOverlappingTemplate,5,10,11,10,15,9,8,7,8,11,11,0.867692,4.6,0.867691671498,0.0001
NonOverlappingTemplate,6,12,8,13,9,6,14,11,10,6,11,0.657933,6.8,0.657933306214,0.0001
NonOverlappingTemplate,7,6,11,5,9,6,15,8,14,14,12,0.191687,12.4,0.191686740847,0.0001
NonOverlappingTemplate,8,12,7,14,8,11,9,7,9,10,13,0.798139,5.4,0.798139062395,0.0001
NonOverlappingTemplate,9,14,11,10,7,13,10,10,3,13,9,0.401199,9.4,0.40119928658,0.0001
NonOverlappingTemplate,10,9,8,12,7,6,12,10,10,18,8,0.304126,10.6,0.304125816412,0.0001
NonOverlappingTemplate,11,11,7,7,16,8,9,16,11,12,3,0.090936,15,0.0909359765798,0.0001
NonOverlappingTemplate,12,9,6,8,8,9,21,9,13,10,7,0.055361,16.6,0.0553610519418,0.0001
NonOverlappingTemplate,13,13,8,11,11,13,10,4,12,8,10,0.657933,6.8,0.657933306214,0.0001
NonOverlappingTemplate,14,6,13,6,3,7,9,24,10,10,12,0.000439,30,0.000438721770979,0.0001
NonOverlappingTemplate,15,12,11,7,11,11,6,10,10,11,11,0.946308,3.4,0.946307673764,0.0001
NonOverlappingTemplate,16,5,8,14,14,9,11,8,8,9,14,0.455937,8.8,0.455937195221,0.0001
NonOverlappingTemplate,17,11,9,11,9,9,7,9,12,12,11,0.983453,2.4,0.98345295123,0.0001
NonOverlappingTemplate,18,9,7,7,9,12,11,12,10,13,10,0.924076,3.8,0.924075930127,0.0001
NonOverlappingTemplate,19,9,7,12,8,14,6,8,19,10,7,0.108791,14.4,0.108790955194,0.0001
NonOverlappingTemplate,20,11,12,5,10,6,7,15,10,14,10,0.383827,9.6,0.383826517371,0.0001
NonOverlappingTemplate,21,9,12,14,6,7,17,13,9,6,7,0.162606,13,0.16260626219,0.0001
NonOverlappingTemplate,22,12,8,7,9,10,9,12,9,11,13,0.946308,3.4,0.946307673764,0.0001
NonOverlappingTemplate,23,8,16,13,7,11,7,8,10,9,11,0.595549,7.4,0.595548507284,0.0001
NonOverlappingTemplate,24,7,10,9,7,13,13,13,8,11,9,0.816537,5.2,0.816536797597,0.0001
NonOverlappingTemplate,25,8,9,9,13,6,10,14,9,10,12,0.816537,5.2,0.816536797597,0.0001
NonOverlappingTemplate,26,13,8,10,3,6,11,12,13,10,14,0.289667,10.8,0.289667490388,0.0001
NonOverlappingTemplate,27,7,10,13,7,11,5,7,13,13,14,0.383827,9.6,0.383826517371,0.0001
NonOverlappingTemplate,28,11,11,9,8,13,7,15,11,11,4,0.455937,8.8,0.455937195221,0.0001
NonOverlappingTemplate,29,8,10,12,11,11,11,12,5,9,11,0.897763,4.2,0.897762597121,0.0001
NonOverlappingTemplate,30,12,11,5,8,9,20,7,13,6,9,0.048716,17,0.0487159761476,0.0001
NonOverlappingTemplate,31,7,9,7,11,11,19,8,12,13,3,0.051942,16.8,0.0519416397955,0.0001
NonOverlappingTemplate,32,8,10,11,5,9,10,8,16,13,10,0.534146,8,0.53414621691,0.0001
NonOverlappingTemplate,33,11,4,11,8,4,11,9,13,16,13,0.145326,13.4,0.14532611575,0.0001
NonOverlappingTemplate,34,8,8,11,5,11,15,12,9,14,7,0.437274,9,0.437274188914,0.0001
NonOverlappingTemplate,35,8,8,10,8,18,8,15,12,4,9,0.102526,14.6,0.102525680214,0.0001
NonOverlappingTemplate,36,14,7,10,9,11,8,5,12,18,6,0.122325,14,0.122325228039,0.0001
NonOverlappingTemplate,37,9,7,8,13,13,10,16,9,9,6,0.474986,8.6,0.474985686648,0.0001
NonOverlappingTemplate,38,11,8,9,11,6,14,9,13,7,12,0.719747,6.2,0.719746574824,0.0001
NonOverlappingTemplate,39,11,10,11,11,11,8,13,7,9,9,0.971699,2.8,0.971699157103,0.0001
NonOverlappingTemplate,40,9,11,9,9,10,10,12,10,6,14,0.911413,4,0.911412526832,0.0001
NonOverlappingTemplate,41,8,8,15,11,8,11,14,9,9,7,0.678686,6.6,0.678685785296,0.0001
NonOverlappingTemplate,42,4,14,5,14,11,11,6,11,14,10,0.171867,12.8,0.171866837467,0.0001
NonOverlappingTemplate,43,14,11,11,11,8,11,12,10,8,4,0.657933,6.8,0.657933306214,0.0001
NonOverlappingTemplate,44,12,14,15,13,8,3,10,6,11,8,0.171867,12.8,0.171866837467,0.0001
NonOverlappingTemplate,45,9,5,11,7,13,11,6,13,13,12,0.494392,8.4,0.494391686482,0.0001
NonOverlappingTemplate,46,4,8,15,7,8,5,16,10,8,19,0.007694,22.4,0.00769411998432,0.0001
NonOverlappingTemplate,47,7,13,7,14,8,12,9,14,5,11,0.401199,9.4,0.40119928658,0.0001
NonOverlappingTemplate,48,7,12,5,7,10,11,16,10,12,10,0.455937,8.8,0.455937195221,0.0001
NonOverlappingTemplate,49,13,7,15,10,7,4,9,10,13,12,0.334538,10.2,0.334538151634,0.0001
NonOverlappingTemplate,50,12,8,8,8,12,12,11,13,8,8,0.897763,4.2,0.897762597121,0.0001
NonOverlappingTemplate,51,5,9,11,4,9,9,13,14,9,17,0.122325,14,0.122325228039,0.0001
NonOverlappingTemplate,52,11,13,13,10,7,10,12,7,11,6,0.759756,5.8,0.759756278872,0.0001
NonOverlappingTemplate,53,10,15,7,5,9,12,8,5,15,14,0.145326,13.4,0.14532611575,0.0001
NonOverlappingTemplate,54,14,12,6,9,10,12,8,12,8,9,0.798139,5.4,0.798139062395,0.0001
NonOverlappingTemplate,55,6,9,4,14,10,11,9,11,16,10,0.289667,10.8,0.289667490388,0.0001
NonOverlappingTemplate,56,11,11,19,8,5,8,9,13,5,11,0.085587,15.2,0.085586790623,0.0001
NonOverlappingTemplate,57,12,5,6,14,8,16,14,11,9,5,0.108791,14.4,0.108790955194,0.0001
NonOverlappingTemplate,58,7,10,11,10,17,13,5,9,9,9,0.383827,9.6,0.383826517371,0.0001
NonOverlappingTemplate,59,7,11,10,12,16,9,8,10,11,6,0.616305,7.2,0.616305224983,0.0001
NonOverlappingTemplate,60,9,13,8,9,15,10,8,6,11,11,0.719747,6.2,0.719746574824,0.0001
NonOverlappingTemplate,61,11,9,10,9,18,8,5,9,8,13,0.275709,11,0.275708936772,0.0001
NonOverlappingTemplate,62,6,10,8,11,10,14,6,8,13,14,0.514124,8.2,0.514123620231,0.0001
NonOverlappingTemplate,63,6,6,10,16,6,11,14,11,8,12,0.275709,11,0.275708936772,0.0001
NonOverlappingTemplate,64,8,9,10,8,7,16,16,3,9,14,0.075719,15.6,0.0757192631686,0.0001
NonOverlappingTemplate,65,9,6,7,9,11,12,16,11,9,10,0.637119,7,0.637119407169,0.0001
NonOverlappingTemplate,66,12,11,10,10,10,7,10,12,7,11,0.971699,2.8,0.971699157103,0.0001
NonOverlappingTemplate,67,13,7,4,9,12,13,8,11,11,12,0.554420,7.8,0.554420435873,0.0001
NonOverlappingTemplate,68,10,10,9,9,11,12,8,10,10,11,0.998821,1.2,0.998821103428,0.0001
NonOverlappingTemplate,69,7,7,7,13,9,9,11,16,13,8,0.455937,8.8,0.455937195221,0.0001
NonOverlappingTemplate,70,3,13,18,8,9,7,10,4,9,19,0.002559,25.4,0.00255914588164,0.0001
NonOverlappingTemplate,71,11,6,15,11,9,9,13,9,8,9,0.739918,6,0.739918292095,0.0001
NonOverlappingTemplate,72,16,12,16,8,7,10,6,8,9,8,0.249284,11.4,0.249283893977,0.0001
NonOverlappingTemplate,73,10,8,13,6,10,10,11,8,11,13,0.883171,4.4,0.883171378424,0.0001
NonOverlappingTemplate,74,15,11,9,8,11,10,6,5,11,14,0.437274,9,0.437274188914,0.0001
NonOverlappingTemplate,75,11,5,10,16,17,7,9,6,10,9,0.129620,13.8,0.129619591333,0.0001
NonOverlappingTemplate,76,11,15,5,11,8,11,14,10,8,7,0.474986,8.6,0.474985686648,0.0001
NonOverlappingTemplate,77,13,11,11,13,7,13,12,5,7,8,0.534146,8,0.53414621691,0.0001
NonOverlappingTemplate,78,10,9,11,14,8,8,12,11,8,9,0.935716,3.6,0.935716410914,0.0001
NonOverlappingTemplate,79,6,8,22,18,11,13,5,5,6,6,0.000199,32,0.000199128574335,0.0001
NonOverlappingTemplate,80,3,14,13,13,10,13,8,7,9,10,0.304126,10.6,0.304125816412,0.0001
NonOverlappingTemplate,81,7,12,7,13,9,9,10,11,13,9,0.883171,4.4,0.883171378424,0.0001
NonOverlappingTemplate,82,9,15,8,9,9,8,13,10,10,9,0.867692,4.6,0.867691671498,0.0001
NonOverlappingTemplate,83,15,2,12,8,9,15,5,13,13,8,0.048716,17,0.0487159761476,0.0001
NonOverlappingTemplate,84,12,9,11,10,10,7,12,8,13,8,0.935716,3.6,0.935716410914,0.0001
NonOverlappingTemplate,85,7,9,7,10,11,10,9,18,7,12,0.366918,9.8,0.366917799113,0.0001
NonOverlappingTemplate,86,11,9,8,14,12,9,10,11,12,4,0.657933,6.8,0.657933306214,0.0001
NonOverlappingTemplate,87,9,10,7,13,14,12,9,12,10,4,0.534146,8,0.53414621691,0.0001
NonOverlappingTemplate,88,8,11,12,7,8,8,12,16,10,8,0.637119,7,0.637119407169,0.0001
NonOverlappingTemplate,89,13,15,12,7,14,5,11,8,9,6,0.275709,11,0.275708936772,0.0001
NonOverlappingTemplate,90,12,11,8,6,6,10,10,10,12,15,0.637119,7,0.637119407169,0.0001
NonOverlappingTemplate,91,11,10,10,12,16,8,8,7,6,12,0.554420,7.8,0.554420435873,0.0001
NonOverlappingTemplate,92,11,6,5,18,9,10,9,12,10,10,0.262249,11.2,0.262248754595,0.0001
NonOverlappingTemplate,93,9,7,15,10,7,12,8,12,9,11,0.759756,5.8,0.759756278872,0.0001
NonOverlappingTemplate,94,6,9,17,9,7,14,7,12,8,11,0.275709,11,0.275708936772,0.0001
NonOverlappingTemplate,95,7,12,13,6,13,13,7,7,11,11,0.574903,7.6,0.574903423864,0.0001
NonOverlappingTemplate,96,7,14,13,6,8,13,10,9,6,14,0.383827,9.6,0.383826517371,0.0001
NonOverlappingTemplate,97,10,10,11,6,6,8,7,13,14,15,0.383827,9.6,0.383826517371,0.0001
NonOverlappingTemplate,98,8,11,14,11,13,7,13,7,9,7,0.657933,6.8,0.657933306214,0.0001
NonOverlappingTemplate,99,13,11,4,8,15,11,12,7,8,11,0.401199,9.4,0.40119928658,0.0001
NonOverlappingTemplate,100,17,11,13,9,7,7,10,15,7,4,0.096578,14.8,0.0965781738518,0.0001
NonOverlappingTemplate,101,14,10,7,5,12,11,11,13,10,7,0.595549,7.4,0.595548507284,0.0001
NonOverlappingTemplate,102,8,8,9,15,12,13,17,6,7,5,0.102526,14.6,0.102525680214,0.0001
NonOverlappingTemplate,103,11,13,9,9,8,8,11,8,13,10,0.946308,3.4,0.946307673764,0.0001
NonOverlappingTemplate,104,13,7,5,5,21,18,8,8,9,6,0.001030,27.8,0.00103008489851,0.0001
NonOverlappingTemplate,105,7,12,12,14,9,13,8,12,6,7,0.574903,7.6,0.574903423864,0.0001
NonOverlappingTemplate,106,9,7,13,8,8,8,12,12,12,11,0.883171,4.4,0.883171378424,0.0001
NonOverlappingTemplate,107,5,11,4,10,8,16,12,13,8,13,0.171867,12.8,0.171866837467,0.0001
NonOverlappingTemplate,108,11,10,10,9,10,14,8,12,8,8,0.946308,3.4,0.946307673764,0.0001
NonOverlappingTemplate,109,9,11,8,16,4,11,11,11,9,10,0.514124,8.2,0.514123620231,0.0001
NonOverlappingTemplate,110,8,6,11,11,12,6,11,15,9,11,0.637119,7,0.637119407169,0.0001
NonOverlappingTemplate,111,18,7,7,8,6,14,6,10,14,10,0.090936,15,0.0909359765798,0.0001
NonOverlappingTemplate,112,16,6,8,11,9,17,6,7,8,12,0.122325,14,0.122325228039,0.0001
NonOverlappingTemplate,113,5,8,11,12,13,11,13,5,13,9,0.455937,8.8,0.455937195221,0.0001
NonOverlappingTemplate,114,9,10,7,16,10,12,13,8,6,9,0.534146,8,0.53414621691,0.0001
NonOverlappingTemplate,115,7,16,11,7,9,8,9,13,10,10,0.637119,7,0.637119407169,0.0001
NonOverlappingTemplate,116,7,9,9,11,10,12,12,5,9,16,0.514124,8.2,0.514123620231,0.0001
NonOverlappingTemplate,117,8,13,10,11,9,8,15,7,6,13,0.554420,7.8,0.554420435873,0.0001
NonOverlappingTemplate,118,15,9,7,10,10,15,5,12,9,8,0.401199,9.4,0.40119928658,0.0001
NonOverlappingTemplate,119,7,13,13,13,9,7,13,8,7,10,0.657933,6.8,0.657933306214,0.0001
NonOverlappingTemplate,120,17,12,10,11,9,5,11,10,7,8,0.401199,9.4,0.40119928658,0.0001
NonOverlappingTemplate,121,12,13,12,11,11,1,10,10,7,13,0.224821,11.8,0.224820641558,0.0001
NonOverlappingTemplate,122,7,7,6,11,9,13,10,9,17,11,0.383827,9.6,0.383826517371,0.0001
NonOverlappingTemplate,123,7,11,6,7,10,13,16,12,10,8,0.455937,8.8,0.455937195221,0.0001
NonOverlappingTemplate,124,7,10,16,11,7,14,10,10,7,8,0.494392,8.4,0.494391686482,0.0001
NonOverlappingTemplate,125,10,10,10,11,6,11,9,8,9,16,0.739918,6,0.739918292095,0.0001
NonOverlappingTemplate,126,8,12,5,14,8,9,10,16,7,11,0.350485,10,0.350485212323,0.0001
NonOverlappingTemplate,127,11,10,14,10,7,10,7,7,12,12,0.816537,5.2,0.816536797597,0.0001
NonOverlappingTemplate,128,7,12,10,10,8,11,7,8,14,13,0.779188,5.6,0.779187716165,0.0001
NonOverlappingTemplate,129,11,12,11,11,12,8,10,5,15,5,0.437274,9,0.437274188914,0.0001
NonOverlappingTemplate,130,6,8,12,9,10,12,9,14,7,13,0.699313,6.4,0.699312570866,0.0001
NonOverlappingTemplate,131,10,14,8,13,9,5,8,10,12,11,0.699313,6.4,0.699312570866,0.0001
NonOverlappingTemplate,132,11,5,12,15,12,11,12,6,9,7,0.437274,9,0.437274188914,0.0001
NonOverlappingTemplate,133,13,6,4,10,14,9,13,12,8,11,0.383827,9.6,0.383826517371,0.0001
NonOverlappingTemplate,134,7,5,10,14,11,10,9,12,10,12,0.739918,6,0.739918292095,0.0001
NonOverlappingTemplate,135,9,15,9,8,9,8,14,9,11,8,0.759756,5.8,0.759756278872,0.0001
NonOverlappingTemplate,136,10,11,8,10,10,8,11,10,12,10,0.997823,1.4,0.997822862778,0.0001
NonOverlappingTemplate,137,8,18,6,6,7,8,15,10,9,13,0.096578,14.8,0.0965781738518,0.0001
NonOverlappingTemplate,138,10,11,4,11,7,9,8,13,16,11,0.366918,9.8,0.366917799113,0.0001
NonOverlappingTemplate,139,11,9,6,15,15,6,8,8,15,7,0.181557,12.6,0.181556631981,0.0001
NonOverlappingTemplate,140,6,13,11,12,8,10,5,14,11,10,0.574903,7.6,0.574903423864,0.0001
NonOverlappingTemplate,141,8,12,9,11,12,7,9,9,14,9,0.897763,4.2,0.897762597121,0.0001
NonOverlappingTemplate,142,3,8,20,5,10,8,15,13,9,9,0.009535,21.8,0.00953490982575,0.0001
NonOverlappingTemplate,143,5,12,13,10,9,6,7,17,11,10,0.249284,11.4,0.249283893977,0.0001
NonOverlappingTemplate,144,8,8,12,6,9,9,7,12,13,16,0.455937,8.8,0.455937195221,0.0001
NonOverlappingTemplate,145,9,6,10,15,9,7,6,14,14,10,0.350485,10,0.350485212323,0.0001
NonOverlappingTemplate,146,12,10,7,14,12,8,6,12,10,9,0.759756,5.8,0.759756278872,0.0001
NonOverlappingTemplate,147,8,8,15,11,16,8,9,10,7,8,0.455937,8.8,0.455937195221,0.0001
NonOverlappingTemplate,148,15,11,9,8,11,10,6,5,11,14,0.437274,9,0.437274188914,0.0001
OverlappingTemplate,1,12,12,10,5,10,10,9,13,8,11,0.851383,4.8,0.851382575357,0.0001
Universal,1,15,16,11,7,5,6,9,10,13,8,0.181557,12.6,0.181556631981,0.0001
ApproximateEntropy,1,12,14,11,16,12,6,8,9,7,5,0.236810,11.6,0.236809815218,0.0001
RandomExcursions,1,9,8,4,6,4,7,5,10,4,4,0.551026,7.83333333333,0.551025696885,0.0001
RandomExcursions,2,6,8,7,3,6,4,4,12,4,7,0.311542,10.5,0.311542340562,0.0001
RandomExcursions,3,7,6,6,11,6,6,6,6,4,3,0.689019,6.5,0.689019021088,0.0001
RandomExcursions,4,4,6,7,7,7,6,6,6,8,4,0.980883,2.5,0.980883491403,0.0001
RandomExcursions,5,5,7,5,4,4,7,9,9,7,4,0.756476,5.83333333333,0.756476201109,0.0001
RandomExcursions,6,9,8,8,4,6,3,4,8,8,3,0.484646,8.5,0.484645885826,0.0001
RandomExcursions,7,4,5,5,10,4,7,9,7,6,4,0.654467,6.83333333333,0.654466896893,0.0001
RandomExcursions,8,5,7,7,9,5,10,3,4,7,4,0.551026,7.83333333333,0.551025696885,0.0001
RandomExcursionsVariant,1,7,7,3,4,7,4,9,5,6,9,0.689019,6.5,0.689019021088,0.0001
RandomExcursionsVariant,2,6,6,4,6,9,1,7,8,8,6,0.551026,7.83333333333,0.551025696885,0.0001
RandomExcursionsVariant,3,6,5,7,4,9,7,5,3,7,8,0.819544,5.16666666667,0.819544140592,0.0001
RandomExcursionsVariant,4,5,7,7,6,10,6,7,5,4,4,0.848588,4.83333333333,0.848588200225,0.0001
RandomExcursionsVariant,5,4,8,8,10,5,4,9,5,4,4,0.484646,8.5,0.484645885826,0.0001
RandomExcursionsVariant,6,6,10,5,11,7,8,2,4,6,2,0.128379,13.8333333333,0.128378622707,0.0001
RandomExcursionsVariant,7,5,7,12,4,4,6,13,4,3,3,0.021262,19.5,0.0212616594993,0.0001
RandomExcursionsVariant,8,7,4,4,7,4,9,5,6,11,4,0.452799,8.83333333333,0.452799220397,0.0001
RandomExcursionsVariant,9,4,10,6,7,3,2,10,6,6,7,0.311542,10.5,0.311542340562,0.0001
RandomExcursionsVariant,10,4,9,6,7,3,8,3,7,5,9,0.551026,7.83333333333,0.551025696885,0.0001
RandomExcursionsVariant,11,7,10,5,8,7,7,6,3,3,5,0.619772,7.16666666667,0.619771780873,0.0001
RandomExcursionsVariant,12,9,11,6,6,4,5,4,7,7,2,0.337162,10.1666666667,0.33716195598,0.0001
RandomExcursionsVariant,13,9,11,3,4,5,3,7,9,4,6,0.222869,11.8333333333,0.222869109337,0.0001
RandomExcursionsVariant,14,11,5,5,6,6,7,7,3,7,4,0.619772,7.16666666667,0.619771780873,0.0001
RandomExcursionsVariant,15,6,8,6,4,8,8,7,4,6,4,0.900104,4.16666666667,0.900104274859,0.0001
RandomExcursionsVariant,16,5,10,3,8,7,6,6,5,6,5,0.788728,5.5,0.788728005521,0.0001
RandomExcursionsVariant,17,5,7,10,6,10,3,3,6,7,4,0.392456,9.5,0.392455760335,0.0001
RandomExcursionsVariant,18,4,6,11,8,9,7,1,1,5,9,0.046169,17.1666666667,0.0461690713052,0.0001
Serial,1,10,9,13,14,10,8,6,12,9,9,0.816537,5.2,0.816536797597,0.0001
Serial,2,14,8,12,18,6,5,6,10,6,15,0.028817,18.6,0.0288171732613,0.0001
LinearComplexity,1,13,12,12,7,8,7,10,9,10,12,0.883171,4.4,0.883171378424,0.0001
