category,stream_index,stream_bits,stream_bytes,r1_values,packing,user_key_index_start,user_key_index_end_inclusive,user_keys_used,user_keys_sha256_in_order,stream_sha256,path
block_r1_actual_output,1,1000000,125000,500000,"two-bit r1 symbols, four per byte, MSB-first; channel then block order",10000,10651,652,286ff237fbffadf52a2c4eb41ee696e67365006a72ee27b7cd4b3fa4858309e9,cdfb6fede6c836410596c7e9e48df54c097ae6e0d4bffb3edc0c0902fb044dfb,output/streams/block_r1_actual_output_001.bin
block_r1_actual_output,2,1000000,125000,500000,"two-bit r1 symbols, four per byte, MSB-first; channel then block order",10652,11303,652,bc3f0f1a9b7dfabe289669ea9b9734a6fa916d537eab6cf434e7c7b8c731117d,fef504a293b03148372fd4597d0e5f39becc6a3ad437c4631e16c1ee0cdb1c81,output/streams/block_r1_actual_output_002.bin
block_r1_actual_output,3,1000000,125000,500000,"two-bit r1 symbols, four per byte, MSB-first; channel then block order",11304,11955,652,ec152e5beb0c40baee42420722fd05ce036920e75593d09c9fa8c6ae32ab27ca,fe37b033f966e52a62c0e58e9782a6cc9b44c08575dc18831992b19d8eb01772,output/streams/block_r1_actual_output_003.bin
block_r1_actual_output,4,1000000,125000,500000,"two-bit r1 symbols, four per byte, MSB-first; channel then block order",11956,12607,652,ea4877c130b3c2396e963a333324abeda6a0999e12fa929f99cf63ef9b9ba76f,1dd28e8806a0e0009abfdda2f84d781988dd9651ac72dedfaeab15dd9f5c9586,output/streams/block_r1_actual_output_004.bin
block_r1_actual_output,5,1000000,125000,500000,"two-bit r1 symbols, four per byte, MSB-first; channel then block order",12608,13259,652,987c3fadbdbe48165baa306fed3ed76d99d969558f06fa690812655f96472ac9,8f6793893f7ab748ec0d8da673045ade412230212145882b4712529feb77d73c,output/streams/block_r1_actual_output_005.bin
block_r1_actual_output,6,1000000,125000,500000,"two-bit r1 symbols, four per byte, MSB-first; channel then block order",13260,13911,652,454b19667a6ee9955c13ba5fd7564520085a76bf8dea2da6572224213bf806a4,9a9996a25a53220b2d05812905d550fcac11f809ead9e3dca3761eb9c41b4b36,output/streams/block_r1_actual_output_006.bin
block_r1_actual_output,7,1000000,125000,500000,"two-bit r1 symbols, four per byte, MSB-first; channel then block order",13912,14563,652,4179538a26eb73743e3649a0e2b337dac3ed25cec09cb5cc690cc651e63a7b62,a8a248f230f21e13649f68c74450fd3720cf60af7e44abc97b25a6bb5ef1d9c8,output/streams/block_r1_actual_output_007.bin
block_r1_actual_output,8,1000000,125000,500000,"two-bit r1 symbols, four per byte, MSB-first; channel then block order",14564,15215,652,3bf02747cabdafabd77cafd212bb3a66e87806263497a7c908c765137947b3fb,ef41e2986465f56fccb70d575a1ab5706d3ac0a8efbc1b416591a947a19d6ecb,output/streams/block_r1_actual_output_008.bin
block_r1_actual_output,9,1000000,125000,500000,"two-bit r1 symbols, four per byte, MSB-first; channel then block order",15216,15867,652,e83516dbc0a094a01386fdac2930fce562126525051b87fb0a4efc70fd204362,632de1812a5eea93660092b3894c441d1aa85975c530bd297e709c9f8d2a795e,output/streams/block_r1_actual_output_009.bin
block_r1_actual_output,10,1000000,125000,500000,"two-bit r1 symbols, four per byte, MSB-first; channel then block order",15868,16519,652,efa1d03d2567d2ed940c71e7973d58d973e45fd2f0866b0c499426bc4481e5d2,357ea12d49e14c0cb1a4e90ebe254e647af5d4e5bf5db32571a6e6ce672d031e,output/streams/block_r1_actual_output_010.bin
block_r1_actual_output,11,1000000,125000,500000,"two-bit r1 symbols, four per byte, MSB-first; channel then block order",16520,17171,652,32cdd736c74cb8fafb8181bdc5f066523f393148034b2ef16f6cb12aa86f7921,45cbcdfee40144e831407d223df6116c76e65f79f29975ef0bc174438588e87e,output/streams/block_r1_actual_output_011.bin
block_r1_actual_output,12,1000000,125000,500000,"two-bit r1 symbols, four per byte, MSB-first; channel then block order",17172,17823,652,33c6e22475beb472f88cefc510500831e32bff4f715df083166ce1ed3cc5cff3,a3c43407b6fd71ae8c2ed4cf6d7ac2e2e608e9e12a1e473e8ae892591b49ad29,output/streams/block_r1_actual_output_012.bin
block_r1_actual_output,13,1000000,125000,500000,"two-bit r1 symbols, four per byte, MSB-first; channel then block order",17824,18475,652,8ad760e1e9fcc17c65ae6f6d643c05d7da346d4bdd9b07e470ac6a7df94ce9b4,3934dcc98cb052681993291149882d7c15a0170652ea4cdfd27b08b2c1283c4d,output/streams/block_r1_actual_output_013.bin
block_r1_actual_output,14,1000000,125000,500000,"two-bit r1 symbols, four per byte, MSB-first; channel then block order",18476,19127,652,c21cd6dc99961171ec05def6c0032892e0dccacc3491311645c89efa3fad7f8f,cf313523b6936135225a2d9c40968d5840571958bb492d89ec3082b4fe9d50f6,output/streams/block_r1_actual_output_014.bin
block_r1_actual_output,15,1000000,125000,500000,"two-bit r1 symbols, four per byte, MSB-first; channel then block order",19128,19779,652,adf1658bef479b2b443a0db73578fbf905a8de4d656a7c9840d5595b8282c275,116352071c2fafe53cd887c04b5808d9ad8e4970195e5a8b888036945972106b,output/streams/block_r1_actual_output_015.bin
block_r1_actual_output,16,1000000,125000,500000,"two-bit r1 symbols, four per byte, MSB-first; channel then block order",19780,20431,652,96cf1f163f958bf370fb078edd5277b28646c569fe0f847f92f41147fd4e2e80,dbfd8aaee8dd161b29438d9bae7c8c9843ff557d4e48aa7422195cf9e458128d,output/streams/block_r1_actual_output_016.bin
block_r1_actual_output,17,1000000,125000,500000,"two-bit r1 symbols, four per byte, MSB-first; channel then block order",20432,21083,652,3c29dd607a46caa9fd04f62ac36f32766c8d52ddd3f313b3ed627de89f79f769,f44efc2052bd44e1350aa4428c5edebd3cf5329adaff16bd2c2d6a8d772cf088,output/streams/block_r1_actual_output_017.bin
block_r1_actual_output,18,1000000,125000,500000,"two-bit r1 symbols, four per byte, MSB-first; channel then block order",21084,21735,652,b85f5d048506c7f13b353488e5853e244a145e33fc189e8d75c8dc1cc5eded44,9bb9da1065e6f67202aa59a6acad8a79250764552d2422bbcd911f9b1668c327,output/streams/block_r1_actual_output_018.bin
block_r1_actual_output,19,1000000,125000,500000,"two-bit r1 symbols, four per byte, MSB-first; channel then block order",21736,22387,652,c73b7916cea5a5d82a93261f8d52e399e6bb55b84d069f767c48cb487a1e3bbe,2848edfd67c96e185aba0c955ba85f21ed130f57ae14eaf1dd9426796b245942,output/streams/block_r1_actual_output_019.bin
block_r1_actual_output,20,1000000,125000,500000,"two-bit r1 symbols, four per byte, MSB-first; channel then block order",22388,23039,652,9c3e0a8a508715158906c754ca7d0b8630bba67170b7355150a72d6951194d3a,cd3c61bcd2ddc0c079b9b50f4f70889a595ffafa072b684876a6e254e40f3a1f,output/streams/block_r1_actual_output_020.bin
block_r1_actual_output,21,1000000,125000,500000,"two-bit r1 symbols, four per byte, MSB-first; channel then block order",23040,23691,652,341ca6e0e2c4ae16b069364e9e15156fcc411d655330e9b5778808f67b6554ec,1b4bec7263731d9e8f79bc04e3af782e68c429cf006cf32fd4767cfefbdeaee6,output/streams/block_r1_actual_output_021.bin
block_r1_actual_output,22,1000000,125000,500000,"two-bit r1 symbols, four per byte, MSB-first; channel then block order",23692,24343,652,fc6f6b047e73d813bf119cab63487f08ecb81783bcd8f136baaddc3d0e82b179,fe067e941e40e6ae4712ef748afa64f747840f83eead7a790167e761ba457b0b,output/streams/block_r1_actual_output_022.bin
block_r1_actual_output,23,1000000,125000,500000,"two-bit r1 symbols, four per byte, MSB-first; channel then block order",24344,24995,652,b4160e6e055b6304233962900ed189c159fb1f1f182a70cba4588971f7084c22,3315b2c8eed7d9589cf2d293deb9c9a42f33d80f99a4af0c5243a464a2700540,output/streams/block_r1_actual_output_023.bin
block_r1_actual_output,24,1000000,125000,500000,"two-bit r1 symbols, four per byte, MSB-first; channel then block order",24996,25647,652,19a887c94556b8d2042975f466b0a037e3a0cad8d71661e470ac1de08315a81f,25857068ffab4f2e3530e1cb3b31a4e9cc9d5d1f39bf75b3dbb75de0bbc773b7,output/streams/block_r1_actual_output_024.bin
block_r1_actual_output,25,1000000,125000,500000,"two-bit r1 symbols, four per byte, MSB-first; channel then block order",25648,26299,652,a2b8449cbd86eb0510d80bdf4445a75281f0d37c0e1e13382f43effe8c48c69d,03f91f840577717b21ee9eccac51cb681f8d2dd3d69ebf9b8ba36a058dbace23,output/streams/block_r1_actual_output_025.bin
block_r1_actual_output,26,1000000,125000,500000,"two-bit r1 symbols, four per byte, MSB-first; channel then block order",26300,26951,652,cf5b9c437ca00faf8910cbe5ecb9d18391c99bdeb80a33d960f9edb6f0a9a189,d97cf3e37ebab39a9a7ca11416e71c80b436fd932331fe161e745764ad412bbb,output/streams/block_r1_actual_output_026.bin
block_r1_actual_output,27,1000000,125000,500000,"two-bit r1 symbols, four per byte, MSB-first; channel then block order",26952,27603,652,1083afdf5a64334bc48233c450b2255eb332a6910b7f8ea1311ebaf3fa02bc1b,b2559923ca676144a85e2d515be2f289a8a2232138e563a8c0fee20a58778422,output/streams/block_r1_actual_output_027.bin
block_r1_actual_output,28,1000000,125000,500000,"two-bit r1 symbols, four per byte, MSB-first; channel then block order",27604,28255,652,1b8c639541f3727d912ba5391aa6158ca5b32fff819ae81337555fd0ddc69f56,a2edb1aff78ec71c86a29388dc668052764bff0fef284b715a220cc07901de50,output/streams/block_r1_actual_output_028.bin
block_r1_actual_output,29,1000000,125000,500000,"two-bit r1 symbols, four per byte, MSB-first; channel then block order",28256,28907,652,4aeba24240700c88d7a55102d915520d6e038be6c90a90a54d62d031d4cc6422,36996cc99790ee515c7ce86546de6f91746915e891dfe011b9d7fb81a8e05892,output/streams/block_r1_actual_output_029.bin
block_r1_actual_output,30,1000000,125000,500000,"two-bit r1 symbols, four per byte, MSB-first; channel then block order",28908,29559,652,0242c0d57790482be0d31ecd8885e4f709ee3497eb43e08e76afe09954592d40,6f302bb14d8e77257f581049a617b2216595a676376374443e2ec2ddea2a0a2d,output/streams/block_r1_actual_output_030.bin
block_r1_actual_output,31,1000000,125000,500000,"two-bit r1 symbols, four per byte, MSB-first; channel then block order",29560,30211,652,0aff750ef84ead14aac66c07f70c6e36b2ac76214a9a1cf55648a63a3989a71f,48bb8786c65391ac06d6c72e31c8f4aa3d3d348a9072a02a99caccd69dded85f,output/streams/block_r1_actual_output_031.bin
block_r1_actual_output,32,1000000,125000,500000,"two-bit r1 symbols, four per byte, MSB-first; channel then block order",30212,30863,652,26b7db877f139226d2d8c681f199cd8e7a32cc44dd8287f66b842a26b29fa672,51c90d08aef02ac2ea5dd159f208a4a8c3219efbf665f5488e43190d74129b95,output/streams/block_r1_actual_output_032.bin
block_r1_actual_output,33,1000000,125000,500000,"two-bit r1 symbols, four per byte, MSB-first; channel then block order",30864,31515,652,6a6276d94bd42b130b87d86fd9e2c5cc9f3be0a442ab4234bd877ca4f3545022,dc8a20c258dd56fbad425124b9bce5b79c888019cb055d96108ef85ff5d3575c,output/streams/block_r1_actual_output_033.bin
block_r1_actual_output,34,1000000,125000,500000,"two-bit r1 symbols, four per byte, MSB-first; channel then block order",31516,32167,652,d6f5a0d005924cabc9085122a26260addb3872e1d21b06ca3f0f1203dfa11ea7,887cf1717a1631326330c64ce59e7e06f06eda244192589db94c85a5144c0758,output/streams/block_r1_actual_output_034.bin
block_r1_actual_output,35,1000000,125000,500000,"two-bit r1 symbols, four per byte, MSB-first; channel then block order",32168,32819,652,c033b292792feb9fecb4aa08043da391295a8fcb797a6d2c030643538e416030,9e66e9fbd9835d7fb4e9e5352ab64bf643cfb4540f1b4f35dd19d90fbc28b036,output/streams/block_r1_actual_output_035.bin
block_r1_actual_output,36,1000000,125000,500000,"two-bit r1 symbols, four per byte, MSB-first; channel then block order",32820,33471,652,537d4e9c6c3a19f5573ecc97de0784148d081655214f81d95ec162e1d4424a52,4f25eb0683e4685735939e88ddcddeed5437fcf6cb05e5ec0011834789ca52f1,output/streams/block_r1_actual_output_036.bin
block_r1_actual_output,37,1000000,125000,500000,"two-bit r1 symbols, four per byte, MSB-first; channel then block order",33472,34123,652,cd0c60c8111a6f1affc34fe6fda688bd4537898a74f0a576e549ca13af03ce13,dae3333e12f68f2b48a581085895a3fb1712a655ca27a196895530541cc18a3d,output/streams/block_r1_actual_output_037.bin
block_r1_actual_output,38,1000000,125000,500000,"two-bit r1 symbols, four per byte, MSB-first; channel then block order",34124,34775,652,63c2bd9c377d498f9abb01e1e84ad8f428dbd8a437f5caf76b66080ffea56024,e836e2039b97872c2319eda3e7fb0eedaf4c601d6d5840c442723672417ad55a,output/streams/block_r1_actual_output_038.bin
block_r1_actual_output,39,1000000,125000,500000,"two-bit r1 symbols, four per byte, MSB-first; channel then block order",34776,35427,652,7c14d0c001e282310c16583ace6ad52171062d8897dae89d6c5f7f8c0d75fc76,04951c466593587555639ba53dd9b489de1f9dc594316528e6f3529abe2bafc8,output/streams/block_r1_actual_output_039.bin
block_r1_actual_output,40,1000000,125000,500000,"two-bit r1 symbols, four per byte, MSB-first; channel then block order",35428,36079,652,b7daa7dc677f4687219a9f1de1d837a16001811d184713e5f7eb8f80a87c4be6,761137b2465eaaaf44cd84a7921fbc9e97fe48a9f1ebc6c6b53a71512767076d,output/streams/block_r1_actual_output_040.bin
block_r1_actual_output,41,1000000,125000,500000,"two-bit r1 symbols, four per byte, MSB-first; channel then block order",36080,36731,652,27c374fd3fcf5e50c20fc2b483061770cad106f3808a5849ee4feb9ee34c0bd5,422ebc719e056887c52baab744757872c23be00c256dd42ae0e28baa8514bb64,output/streams/block_r1_actual_output_041.bin
block_r1_actual_output,42,1000000,125000,500000,"two-bit r1 symbols, four per byte, MSB-first; channel then block order",36732,37383,652,d9e89792e7174fc792e27ab43e004e90e201ca874a9b8d8a7ac68727f119a725,18c7f414a6e3b9ade94647f3304f608b93eb44078582a2d8c2e346fe005d6043,output/streams/block_r1_actual_output_042.bin
block_r1_actual_output,43,1000000,125000,500000,"two-bit r1 symbols, four per byte, MSB-first; channel then block order",37384,38035,652,37983105c0ace5cea88345b197e02cf3229115990951e13b1efaae6ad4e82140,e90896c0e145d9ec8a3526ab43052374d016f5a95d43438e47b2eecef0df4128,output/streams/block_r1_actual_output_043.bin
block_r1_actual_output,44,1000000,125000,500000,"two-bit r1 symbols, four per byte, MSB-first; channel then block order",38036,38687,652,d59172960233427a39e7549776d073d0cc94f662e9ae1bf53e9221d3d614e052,7b2fa929da833ee6b1420888af0685911f37296319b91f07162ef8cea354475b,output/streams/block_r1_actual_output_044.bin
block_r1_actual_output,45,1000000,125000,500000,"two-bit r1 symbols, four per byte, MSB-first; channel then block order",38688,39339,652,9420a04c558e298a38c6cf1decd911d0ad095e9758e3eb8d850ae9d5e8d2ae93,a7a6513f6517501cfbc740953a0e8d86ffbce96a3c1b90065e36a5ddc974954a,output/streams/block_r1_actual_output_045.bin
block_r1_actual_output,46,1000000,125000,500000,"two-bit r1 symbols, four per byte, MSB-first; channel then block order",39340,39991,652,f33d85394372e1797a28e69160215863813681e32cc848be881ade1551000100,dcc4c51e1e75b39ef6c9f1571cbc213211a9958d9e56b3c5dabddba861188332,output/streams/block_r1_actual_output_046.bin
block_r1_actual_output,47,1000000,125000,500000,"two-bit r1 symbols, four per byte, MSB-first; channel then block order",39992,40643,652,6347a2392dd99cd8008837c5175769b63884facb562ac3eeacbb6b585472f555,36101842dec3006ef8fbb2ec7a27344b2195b62c19079920443112bbe6a2533e,output/streams/block_r1_actual_output_047.bin
block_r1_actual_output,48,1000000,125000,500000,"two-bit r1 symbols, four per byte, MSB-first; channel then block order",40644,41295,652,49536bcf6a95496ccba2e4f73cda445dea7d8c7a92ee400bdec888669aeb61b6,df647ccb16394eeffe99478545c10d5a78c1dd74ae09e3f7adc87a7ec086cc19,output/streams/block_r1_actual_output_048.bin
block_r1_actual_output,49,1000000,125000,500000,"two-bit r1 symbols, four per byte, MSB-first; channel then block order",41296,41947,652,661e51a646e3e0ef5fd536c364275279225d0409a653f2c3e326ada129d72c56,dd6a4ce19dc3cd673546d1e0c71df783e3f13c6c59b05845f6060db0a5b21945,output/streams/block_r1_actual_output_049.bin
block_r1_actual_output,50,1000000,125000,500000,"two-bit r1 symbols, four per byte, MSB-first; channel then block order",41948,42599,652,b39d2b4498e952d902a01db4a36cff4b6763107d167a11b9b957fb2d026ab962,517c5d65643de9c4ceb46bb352f336e202d52214085b0021045626329a33b369,output/streams/block_r1_actual_output_050.bin
block_r1_actual_output,51,1000000,125000,500000,"two-bit r1 symbols, four per byte, MSB-first; channel then block order",42600,43251,652,ac1cd1f4daa2a2188c668e1a49746ed72ad824ce6cbd99769adb9cfa232deee7,82d22a168e3cb51b4d7866689f2ec4495e86f9ab14ae3728fb29157a51226d67,output/streams/block_r1_actual_output_051.bin
block_r1_actual_output,52,1000000,125000,500000,"two-bit r1 symbols, four per byte, MSB-first; channel then block order",43252,43903,652,a577f674908566a344cd50a264670d3661a397fde9b927d7579959d499cae70a,110305e19b9c0840144ec1801fc14a610534a0e752a6f2e3b1a031b8916dc1e4,output/streams/block_r1_actual_output_052.bin
block_r1_actual_output,53,1000000,125000,500000,"two-bit r1 symbols, four per byte, MSB-first; channel then block order",43904,44555,652,d335b04f7602ff98ba51e4039e58dd58091fcc185fdf31f40697cca35dc51993,f1e9049831e80b5941e21cad42afb0c2645e2bf3146643e8d3cc9c5baba3b33b,output/streams/block_r1_actual_output_053.bin
block_r1_actual_output,54,1000000,125000,500000,"two-bit r1 symbols, four per byte, MSB-first; channel then block order",44556,45207,652,17c73235471453d670c82df4a308b0eaed3ba93dcd1d992ad37763a67fbae41b,d1fcc52cbf26ee8ea2339f642589edf0aeda0d2691a572c9ef14fce9751c59a8,output/streams/block_r1_actual_output_054.bin
block_r1_actual_output,55,1000000,125000,500000,"two-bit r1 symbols, four per byte, MSB-first; channel then block order",45208,45859,652,b8fc3e06b0eb56f9de38ffbfc268dfca5bdd26133d05ae1944b8c8e937bcab50,b680c439d48996689d032a13d8fdb30eaaf853da547ba4272e0af6c01617a824,output/streams/block_r1_actual_output_055.bin
block_r1_actual_output,56,1000000,125000,500000,"two-bit r1 symbols, four per byte, MSB-first; channel then block order",45860,46511,652,8d356e9211ca7c4887995a1ab44730d4ccfa63cd9c0b52eee495cbf62903f7dd,6da683de054bf484b7b96d4724406e96380a2a15a919a021b98d70734ad1b1f6,output/streams/block_r1_actual_output_056.bin
block_r1_actual_output,57,1000000,125000,500000,"two-bit r1 symbols, four per byte, MSB-first; channel then block order",46512,47163,652,61692cb13c360dd09e94b1dc10af8609b0fdbf60c05a67d1fb27269212985582,22d350f1130a242423a3750af63518d5aad5121e4e2bfa6574cb1caff54c863e,output/streams/block_r1_actual_output_057.bin
block_r1_actual_output,58,1000000,125000,500000,"two-bit r1 symbols, four per byte, MSB-first; channel then block order",47164,47815,652,f0a2652355089be1e98a05e8291df8fbe2f2602b922213a929069ad3137a2508,1c3a178945f12c13854f2fba2f059f703d63983c08360ca2d93ebe23665820d3,output/streams/block_r1_actual_output_058.bin
block_r1_actual_output,59,1000000,125000,500000,"two-bit r1 symbols, four per byte, MSB-first; channel then block order",47816,48467,652,bf41013fd018dbccf7887ec2fd84360090b20e66688abe67eaae0d720b47ad86,817f974301d964c96f847c3deea38b6f9b040fb913821516a57805916b814a62,output/streams/block_r1_actual_output_059.bin
block_r1_actual_output,60,1000000,125000,500000,"two-bit r1 symbols, four per byte, MSB-first; channel then block order",48468,49119,652,004789e50dc3ed3dca3fcbf588fa64320ca1627b0b517362004c146b8cdc7697,2771102040c3226d708033e49336665ed7bdcac089cfb44fc7b1718cb2544afd,output/streams/block_r1_actual_output_060.bin
block_r1_actual_output,61,1000000,125000,500000,"two-bit r1 symbols, four per byte, MSB-first; channel then block order",49120,49771,652,5bd1851502949f9daedbb1dd5d9343c3557db2d789cafb5ecf458b4f78258686,6ff7b10dfebeaeabc601a2ed9e3a51fbf1a62cb248397efff70017a0cac53a05,output/streams/block_r1_actual_output_061.bin
block_r1_actual_output,62,1000000,125000,500000,"two-bit r1 symbols, four per byte, MSB-first; channel then block order",49772,50423,652,da29277552a6a9e7c72bda428e48515031a30bbb3c6b4723ea4f5b33a205a520,e54f41bd3d892eaa7f4f10fb63dc0d5d323019a0e7d80e7f4829ce7dba2a5909,output/streams/block_r1_actual_output_062.bin
block_r1_actual_output,63,1000000,125000,500000,"two-bit r1 symbols, four per byte, MSB-first; channel then block order",50424,51075,652,b1df1954e21303d606e191e0faab86a297c5e843722f807a498272be18974e0d,3685813686045bd63fe1e72e6ded3855b82c356e4339efacd413d1b825b21136,output/streams/block_r1_actual_output_063.bin
block_r1_actual_output,64,1000000,125000,500000,"two-bit r1 symbols, four per byte, MSB-first; channel then block order",51076,51727,652,37efcc91094e5cfa8a4c96603b444207fb36ee4f771f219b461b785196667bb5,f8df999644ad949d98d2d2859f6fc698c6d1aa20c3c6180366556c2caefba92e,output/streams/block_r1_actual_output_064.bin
block_r1_actual_output,65,1000000,125000,500000,"two-bit r1 symbols, four per byte, MSB-first; channel then block order",51728,52379,652,a6307d07cb7b37fee74e8e6ace2732984a99d63bcd176f98212e879dea3b52d3,16a1e514a76b8aa0b57d22305c98854ba6fa364d7b4eeb2dffea152cac8dfd56,output/streams/block_r1_actual_output_065.bin
block_r1_actual_output,66,1000000,125000,500000,"two-bit r1 symbols, four per byte, MSB-first; channel then block order",52380,53031,652,d9f369b3b5bbc6636d885d6ba15a716115666b120765feb5dce1759d9dbfd35b,3f4601098b47ceea436d93c1a67776b523acbe16bbd10bd7290ab31978123c4f,output/streams/block_r1_actual_output_066.bin
block_r1_actual_output,67,1000000,125000,500000,"two-bit r1 symbols, four per byte, MSB-first; channel then block order",53032,53683,652,7b2320b0f643be551b2d69667167ac82663c95cb247e749486c378cf39fdf774,b1b196cdd4cadcc4356d1ddc07abfb31a91e07110853bcad500ecb28f0b162fc,output/streams/block_r1_actual_output_067.bin
block_r1_actual_output,68,1000000,125000,500000,"two-bit r1 symbols, four per byte, MSB-first; channel then block order",53684,54335,652,731e83c6cc87ccf124f1a0a918834a732e5b1dd985291b5fe41ec53c52a14992,5efbe3558a86e31743fe9bbd04c3d0d63534f676d9cd44c6fab511af6ee9d915,output/streams/block_r1_actual_output_068.bin
block_r1_actual_output,69,1000000,125000,500000,"two-bit r1 symbols, four per byte, MSB-first; channel then block order",54336,54987,652,0ac577d1912d390591486b8362bd4b173167d9c70e8db72b755693ba1344f2f5,29452ee13ebe546f14bf457ee13e8c6c332d5ae97523f4945d9628ca55583da4,output/streams/block_r1_actual_output_069.bin
block_r1_actual_output,70,1000000,125000,500000,"two-bit r1 symbols, four per byte, MSB-first; channel then block order",54988,55639,652,758b559d7f2ed42f980106ddd22fb8a29ff77373c8e1faf229b55cca31f3fda1,f1607dfafecb0f9ec92c6300b1637e93a4eaac07275100d1817b4de0a29d4b5e,output/streams/block_r1_actual_output_070.bin
block_r1_actual_output,71,1000000,125000,500000,"two-bit r1 symbols, four per byte, MSB-first; channel then block order",55640,56291,652,9c5ab0a598b40c68c5ecd78abfcd115952d342bdb97b4163d9cbfaa6e899f5c7,b5d28aedcbf4fb26726cb8f7a2b5bf8e65cabcb5e9ff78a2233dbe35a82b3b81,output/streams/block_r1_actual_output_071.bin
block_r1_actual_output,72,1000000,125000,500000,"two-bit r1 symbols, four per byte, MSB-first; channel then block order",56292,56943,652,a0fd24dfa9e1a3459cc4b333e7fe11a96753014961caff054097efb52e4be24c,fae656be2253ab5cb3e2a31cba5ac31283e373e9e1b6a401881802ba53f2a864,output/streams/block_r1_actual_output_072.bin
block_r1_actual_output,73,1000000,125000,500000,"two-bit r1 symbols, four per byte, MSB-first; channel then block order",56944,57595,652,da885da53d3979dbd566a20be97afebddaba69cffffc069c29dd349803c9710c,0a4fa5d7334cec08ace92b4e571b79294b2676bf65af894df153dbda220e2fa3,output/streams/block_r1_actual_output_073.bin
block_r1_actual_output,74,1000000,125000,500000,"two-bit r1 symbols, four per byte, MSB-first; channel then block order",57596,58247,652,26fdea6563d32ceb28f1a00b4479edde6d7458ef78676879db7892c38c155809,32940247c8bac8dc097cce27f22eb1f4a5f2880c3d9d1f6f279e0dcb19d4f021,output/streams/block_r1_actual_output_074.bin
block_r1_actual_output,75,1000000,125000,500000,"two-bit r1 symbols, four per byte, MSB-first; channel then block order",58248,58899,652,b8795c54d17624f3140da37835d07de78b33d1080640aa0e612f8e4fb9429564,37c586a0b1fc09773a78b20e25612605f1c03299787478a486f43c401cc53ba2,output/streams/block_r1_actual_output_075.bin
block_r1_actual_output,76,1000000,125000,500000,"two-bit r1 symbols, four per byte, MSB-first; channel then block order",58900,59551,652,9af33a726ac2c894316f5356ba3f2047c91d76a872efd2420038cb0652db2669,369704b4d97700470ef46526bdd0c26bf25879c854214c9b90c6479a67eb26fc,output/streams/block_r1_actual_output_076.bin
block_r1_actual_output,77,1000000,125000,500000,"two-bit r1 symbols, four per byte, MSB-first; channel then block order",59552,60203,652,fa324b06ecdd8bb75942e2561951fb1d27d180c06dfea517942fff4f82062d75,45ea69296d446cbc5a962d5b8d2fb35e27491434d8828ec838b05667fb7156f5,output/streams/block_r1_actual_output_077.bin
block_r1_actual_output,78,1000000,125000,500000,"two-bit r1 symbols, four per byte, MSB-first; channel then block order",60204,60855,652,c92f7c14d2f67f3545c7bf72072e43e56b68f89b1a4222ab25f29455f092ac64,93e6cfbdc01073d47328ceb72db6c2491a16b8643d790ec6775c8004e2dd68ae,output/streams/block_r1_actual_output_078.bin
block_r1_actual_output,79,1000000,125000,500000,"two-bit r1 symbols, four per byte, MSB-first; channel then block order",60856,61507,652,68a9b27c024a20a60d9b077c1e35e2a1893f1257ee1ed812d5f86fe76da20506,568b069ebe96d7e7c0c1015f8a131760c50f2b15fb2d55c49d497de6a68e4a93,output/streams/block_r1_actual_output_079.bin
block_r1_actual_output,80,1000000,125000,500000,"two-bit r1 symbols, four per byte, MSB-first; channel then block order",61508,62159,652,e802a1121c3ba9b996583b7894bf6c941c4129e267eb31c4ec0f2c633205e3cc,8346494285f6d49fb47ebac61478c759da8627acde40b2c4f6f28a3e51863ab4,output/streams/block_r1_actual_output_080.bin
block_r1_actual_output,81,1000000,125000,500000,"two-bit r1 symbols, four per byte, MSB-first; channel then block order",62160,62811,652,4df0215f93f620b31d8f38301466e1500d1a89dc1de9858539004df585845d00,e424305996fe66642e8bbbccefa40c01aeae20594e0c898d223b5b66d4521dc1,output/streams/block_r1_actual_output_081.bin
block_r1_actual_output,82,1000000,125000,500000,"two-bit r1 symbols, four per byte, MSB-first; channel then block order",62812,63463,652,dd6a7fbedf87e4fd11a2e18610610f08cca35bde5a24f6c15d304418a7d4ffac,d36cd581aa1a72dd05e1f41b8f80ce372258355117842d682a897254beb77d50,output/streams/block_r1_actual_output_082.bin
block_r1_actual_output,83,1000000,125000,500000,"two-bit r1 symbols, four per byte, MSB-first; channel then block order",63464,64115,652,44b2994a4041ab777cc76cd33ddfc9d9e7c6123a9e14b369c7cfa0b113b1c78a,8b72367f884c6f0b2bc1ede4f52107073a79a9932dbb102919986db8b68b6776,output/streams/block_r1_actual_output_083.bin
block_r1_actual_output,84,1000000,125000,500000,"two-bit r1 symbols, four per byte, MSB-first; channel then block order",64116,64767,652,96966cdea4bebf8484f7cca9117253c6e53aa6b8810cf23ac6898b916a1a8f41,51412892b1ce1e8b0affcad60ee95854981730292a45e46483791643514f1591,output/streams/block_r1_actual_output_084.bin
block_r1_actual_output,85,1000000,125000,500000,"two-bit r1 symbols, four per byte, MSB-first; channel then block order",64768,65419,652,e3b2283d0ecf3eb93d480c9adad14a96c669e5cd998647aeabd4b816e85a38fa,f4d104274c8e9f908f3bd05c27251417e794b9da820459e09dc60c046f95653b,output/streams/block_r1_actual_output_085.bin
block_r1_actual_output,86,1000000,125000,500000,"two-bit r1 symbols, four per byte, MSB-first; channel then block order",65420,66071,652,e46345c8f59fe452799a4866918d656c5b1148cb737f3848ff6346b94131edf4,ef51f239b4aad60ee2b96a4e8fca3e031a8de0ed4b211beaad01f3dfaf3a12de,output/streams/block_r1_actual_output_086.bin
block_r1_actual_output,87,1000000,125000,500000,"two-bit r1 symbols, four per byte, MSB-first; channel then block order",66072,66723,652,069b6231a82d09fd6e0eaa0fbacc17a2e18b46c6f59aa1e47c87b9f0b7e7177e,704eced1be3fd4b7fa40094cf312381a007ae65970a95e30a2b44d883780fbca,output/streams/block_r1_actual_output_087.bin
block_r1_actual_output,88,1000000,125000,500000,"two-bit r1 symbols, four per byte, MSB-first; channel then block order",66724,67375,652,65c58b506bc08f5c82cb5fefa6b6c6b36eef7154a99f378a97136d1a0f7ec839,60a4a60d924bc9d3c86f2f34c77e2fee3d89036905cf3ca21cc24d90c8d4d336,output/streams/block_r1_actual_output_088.bin
block_r1_actual_output,89,1000000,125000,500000,"two-bit r1 symbols, four per byte, MSB-first; channel then block order",67376,68027,652,14df420d164afce59bd716affe73efc45b13c8c2170a0691fc56c45ed9c0e655,fb3f6141b9d0299d431ce78b73831966b872c08fde056fcfe6e35f2ab4658073,output/streams/block_r1_actual_output_089.bin
block_r1_actual_output,90,1000000,125000,500000,"two-bit r1 symbols, four per byte, MSB-first; channel then block order",68028,68679,652,d6e9f7bc51657f930198e1f2194ce22cd6c33badf223208e4e017638a56f1ac1,47263ef60134347f1473c18b1c5054451a06f34fd3744753916306eb5853b41b,output/streams/block_r1_actual_output_090.bin
block_r1_actual_output,91,1000000,125000,500000,"two-bit r1 symbols, four per byte, MSB-first; channel then block order",68680,69331,652,c11545e3c759e469785e321c9a259265bf565eebb6cf36cdce9ff7500517f069,8530e3c695504ab53a6322df4b8a62eefb4de646ec05956a3096bb1c71ebc9ca,output/streams/block_r1_actual_output_091.bin
block_r1_actual_output,92,1000000,125000,500000,"two-bit r1 symbols, four per byte, MSB-first; channel then block order",69332,69983,652,6595720345db88ab3a6a6fb8ed6da9bd9ff034c0adcfd7481db3589d15c58886,b0f83b359429dad6787b596ea9892db539377a5e62d07ea0f65a3151a4aa9f6c,output/streams/block_r1_actual_output_092.bin
block_r1_actual_output,93,1000000,125000,500000,"two-bit r1 symbols, four per byte, MSB-first; channel then block order",69984,70635,652,5368518b179f8b3e8346464f3009ca6648ec8758c0ac6e4085144a8bce5dd727,2c5f53d42fa850642b19c227b4c576938019d6396d73358ab1888d0e3d57ce79,output/streams/block_r1_actual_output_093.bin
block_r1_actual_output,94,1000000,125000,500000,"two-bit r1 symbols, four per byte, MSB-first; channel then block order",70636,71287,652,76287be1e169debee76488d41218432663f9005332437daabd4b6a728e4eb862,a3e87e3b83a4f5a11a5265b8675019773a7c4143b7100f4958bdf260e6ad792b,output/streams/block_r1_actual_output_094.bin
block_r1_actual_output,95,1000000,125000,500000,"two-bit r1 symbols, four per byte, MSB-first; channel then block order",71288,71939,652,624d1c5649581c9fbd1808919df4abbd7abaf06bd92a69918a54d0ce96e70853,501f1cdc901d2250c8d3927a7b24cd2aed59f31c2bc4277ebffdaeb6fded1370,output/streams/block_r1_actual_output_095.bin
block_r1_actual_output,96,1000000,125000,500000,"two-bit r1 symbols, four per byte, MSB-first; channel then block order",71940,72591,652,4d804cb327cfd42ad1e3bcc81e61e365704310d32aa964e9a1df0285a1913950,9057190a3d8da6388876b2ec471cf1e5701ffeea4a8a75a1e49f532af5278940,output/streams/block_r1_actual_output_096.bin
block_r1_actual_output,97,1000000,125000,500000,"two-bit r1 symbols, four per byte, MSB-first; channel then block order",72592,73243,652,3db3f3d7ebc86bd5aba99efd9e17225f1e22da141be6a50b1fefd0d10fbcdd93,1befe11ed54d3f0800fa33a157ba3100e09f9298a59f8a42e335abdeb331aa0e,output/streams/block_r1_actual_output_097.bin
block_r1_actual_output,98,1000000,125000,500000,"two-bit r1 symbols, four per byte, MSB-first; channel then block order",73244,73895,652,a16e5a3e240d2b923f29e76ee61a0314275a01f329f2ee209329572b8d776dc2,559bff85618415a014a968ae4e357a18e521c621953f9d29f65397b8d5859e09,output/streams/block_r1_actual_output_098.bin
block_r1_actual_output,99,1000000,125000,500000,"two-bit r1 symbols, four per byte, MSB-first; channel then block order",73896,74547,652,e7b431044b8fcb0321b54a894125e4c6a65f085b01ed749650c214d9c3957ddc,d610ff4f52eb991f1dc78753409e80d89e676acf0e3821cc63188cdb8c8adf1e,output/streams/block_r1_actual_output_099.bin
block_r1_actual_output,100,1000000,125000,500000,"two-bit r1 symbols, four per byte, MSB-first; channel then block order",74548,75199,652,9dffab642e869e59c676f878ea4a573790e0bfa2fa52532ee03146d0bb2da036,41cc2d60f941a546fa5ece351b01454111e5b831a05b643b551a9d8c7c93c21a,output/streams/block_r1_actual_output_100.bin
