category,test,component,second_level_uniformity_p_value,pass_proportion,streams,uniformity_status
encrypted,Frequency,single,----,0/6,6,not_computed_by_STS (fewer than 55 streams)
encrypted,BlockFrequency,single,----,0/6,6,not_computed_by_STS (fewer than 55 streams)
encrypted,CumulativeSums,forward,----,0/6,6,not_computed_by_STS (fewer than 55 streams)
encrypted,CumulativeSums,reverse,----,0/6,6,not_computed_by_STS (fewer than 55 streams)
encrypted,Runs,single,----,0/6,6,not_computed_by_STS (fewer than 55 streams)
encrypted,LongestRun,single,----,0/6,6,not_computed_by_STS (fewer than 55 streams)
encrypted,Rank,single,----,0/6,6,not_computed_by_STS (fewer than 55 streams)
encrypted,FFT,single,----,0/6,6,not_computed_by_STS (fewer than 55 streams)
encrypted,NonOverlappingTemplate,m=9 template=0 0 0 0 0 0 0 0 1,----,0/6,6,not_computed_by_STS (fewer than 55 streams)
encrypted,NonOverlappingTemplate,m=9 template=0 0 0 0 0 0 0 1 1,----,0/6,6,not_computed_by_STS (fewer than 55 streams)
encrypted,NonOverlappingTemplate,m=9 template=0 0 0 0 0 0 1 0 1,----,1/6,6,not_computed_by_STS (fewer than 55 streams)
encrypted,NonOverlappingTemplate,m=9 template=0 0 0 0 0 0 1 1 1,----,0/6,6,not_computed_by_STS (fewer than 55 streams)
encrypted,NonOverlappingTemplate,m=9 template=0 0 0 0 0 1 0 0 1,----,0/6,6,not_computed_by_STS (fewer than 55 streams)
encrypted,NonOverlappingTemplate,m=9 template=0 0 0 0 0 1 0 1 1,----,2/6,6,not_computed_by_STS (fewer than 55 streams)
encrypted,NonOverlappingTemplate,m=9 template=0 0 0 0 0 1 1 0 1,----,1/6,6,not_computed_by_STS (fewer than 55 streams)
encrypted,NonOverlappingTemplate,m=9 template=0 0 0 0 0 1 1 1 1,----,0/6,6,not_computed_by_STS (fewer than 55 streams)
encrypted,NonOverlappingTemplate,m=9 template=0 0 0 0 1 0 0 0 1,----,0/6,6,not_computed_by_STS (fewer than 55 streams)
encrypted,NonOverlappingTemplate,m=9 template=0 0 0 0 1 0 0 1 1,----,1/6,6,not_computed_by_STS (fewer than 55 streams)
encrypted,NonOverlappingTemplate,m=9 template=0 0 0 0 1 0 1 0 1,----,0/6,6,not_computed_by_STS (fewer than 55 streams)
encrypted,NonOverlappingTemplate,m=9 template=0 0 0 0 1 0 1 1 1,----,0/6,6,not_computed_by_STS (fewer than 55 streams)
encrypted,NonOverlappingTemplate,m=9 template=0 0 0 0 1 1 0 0 1,----,1/6,6,not_computed_by_STS (fewer than 55 streams)
encrypted,NonOverlappingTemplate,m=9 template=0 0 0 0 1 1 0 1 1,----,2/6,6,not_computed_by_STS (fewer than 55 streams)
encrypted,NonOverlappingTemplate,m=9 template=0 0 0 0 1 1 1 0 1,----,2/6,6,not_computed_by_STS (fewer than 55 streams)
encrypted,NonOverlappingTemplate,m=9 template=0 0 0 0 1 1 1 1 1,----,0/6,6,not_computed_by_STS (fewer than 55 streams)
encrypted,NonOverlappingTemplate,m=9 template=0 0 0 1 0 0 0 1 1,----,0/6,6,not_computed_by_STS (fewer than 55 streams)
encrypted,NonOverlappingTemplate,m=9 template=0 0 0 1 0 0 1 0 1,----,0/6,6,not_computed_by_STS (fewer than 55 streams)
encrypted,NonOverlappingTemplate,m=9 template=0 0 0 1 0 0 1 1 1,----,0/6,6,not_computed_by_STS (fewer than 55 streams)
encrypted,NonOverlappingTemplate,m=9 template=0 0 0 1 0 1 0 0 1,----,1/6,6,not_computed_by_STS (fewer than 55 streams)
encrypted,NonOverlappingTemplate,m=9 template=0 0 0 1 0 1 0 1 1,----,0/6,6,not_computed_by_STS (fewer than 55 streams)
encrypted,NonOverlappingTemplate,m=9 template=0 0 0 1 0 1 1 0 1,----,3/6,6,not_computed_by_STS (fewer than 55 streams)
encrypted,NonOverlappingTemplate,m=9 template=0 0 0 1 0 1 1 1 1,----,0/6,6,not_computed_by_STS (fewer than 55 streams)
encrypted,NonOverlappingTemplate,m=9 template=0 0 0 1 1 0 0 1 1,----,2/6,6,not_computed_by_STS (fewer than 55 streams)
encrypted,NonOverlappingTemplate,m=9 template=0 0 0 1 1 0 1 0 1,----,1/6,6,not_computed_by_STS (fewer than 55 streams)
encrypted,NonOverlappingTemplate,m=9 template=0 0 0 1 1 0 1 1 1,----,0/6,6,not_computed_by_STS (fewer than 55 streams)
encrypted,NonOverlappingTemplate,m=9 template=0 0 0 1 1 1 0 0 1,----,0/6,6,not_computed_by_STS (fewer than 55 streams)
encrypted,NonOverlappingTemplate,m=9 template=0 0 0 1 1 1 0 1 1,----,2/6,6,not_computed_by_STS (fewer than 55 streams)
encrypted,NonOverlappingTemplate,m=9 template=0 0 0 1 1 1 1 0 1,----,0/6,6,not_computed_by_STS (fewer than 55 streams)
encrypted,NonOverlappingTemplate,m=9 template=0 0 0 1 1 1 1 1 1,----,0/6,6,not_computed_by_STS (fewer than 55 streams)
encrypted,NonOverlappingTemplate,m=9 template=0 0 1 0 0 0 0 1 1,----,0/6,6,not_computed_by_STS (fewer than 55 streams)
encrypted,NonOverlappingTemplate,m=9 template=0 0 1 0 0 0 1 0 1,----,0/6,6,not_computed_by_STS (fewer than 55 streams)
encrypted,NonOverlappingTemplate,m=9 template=0 0 1 0 0 0 1 1 1,----,2/6,6,not_computed_by_STS (fewer than 55 streams)
encrypted,NonOverlappingTemplate,m=9 template=0 0 1 0 0 1 0 1 1,----,1/6,6,not_computed_by_STS (fewer than 55 streams)
encrypted,NonOverlappingTemplate,m=9 template=0 0 1 0 0 1 1 0 1,----,2/6,6,not_computed_by_STS (fewer than 55 streams)
encrypted,NonOverlappingTemplate,m=9 template=0 0 1 0 0 1 1 1 1,----,0/6,6,not_computed_by_STS (fewer than 55 streams)
encrypted,NonOverlappingTemplate,m=9 template=0 0 1 0 1 0 0 1 1,----,0/6,6,not_computed_by_STS (fewer than 55 streams)
encrypted,NonOverlappingTemplate,m=9 template=0 0 1 0 1 0 1 0 1,----,0/6,6,not_computed_by_STS (fewer than 55 streams)
encrypted,NonOverlappingTemplate,m=9 template=0 0 1 0 1 0 1 1 1,----,0/6,6,not_computed_by_STS (fewer than 55 streams)
encrypted,NonOverlappingTemplate,m=9 template=0 0 1 0 1 1 0 1 1,----,0/6,6,not_computed_by_STS (fewer than 55 streams)
encrypted,NonOverlappingTemplate,m=9 template=0 0 1 0 1 1 1 0 1,----,1/6,6,not_computed_by_STS (fewer than 55 streams)
encrypted,NonOverlappingTemplate,m=9 template=0 0 1 0 1 1 1 1 1,----,0/6,6,not_computed_by_STS (fewer than 55 streams)
encrypted,NonOverlappingTemplate,m=9 template=0 0 1 1 0 0 1 0 1,----,1/6,6,not_computed_by_STS (fewer than 55 streams)
encrypted,NonOverlappingTemplate,m=9 template=0 0 1 1 0 0 1 1 1,----,3/6,6,not_computed_by_STS (fewer than 55 streams)
encrypted,NonOverlappingTemplate,m=9 template=0 0 1 1 0 1 0 1 1,----,0/6,6,not_computed_by_STS (fewer than 55 streams)
encrypted,NonOverlappingTemplate,m=9 template=0 0 1 1 0 1 1 0 1,----,0/6,6,not_computed_by_STS (fewer than 55 streams)
encrypted,NonOverlappingTemplate,m=9 template=0 0 1 1 0 1 1 1 1,----,0/6,6,not_computed_by_STS (fewer than 55 streams)
encrypted,NonOverlappingTemplate,m=9 template=0 0 1 1 1 0 1 0 1,----,0/6,6,not_computed_by_STS (fewer than 55 streams)
encrypted,NonOverlappingTemplate,m=9 template=0 0 1 1 1 0 1 1 1,----,1/6,6,not_computed_by_STS (fewer than 55 streams)
encrypted,NonOverlappingTemplate,m=9 template=0 0 1 1 1 1 0 1 1,----,1/6,6,not_computed_by_STS (fewer than 55 streams)
encrypted,NonOverlappingTemplate,m=9 template=0 0 1 1 1 1 1 0 1,----,0/6,6,not_computed_by_STS (fewer than 55 streams)
encrypted,NonOverlappingTemplate,m=9 template=0 0 1 1 1 1 1 1 1,----,0/6,6,not_computed_by_STS (fewer than 55 streams)
encrypted,NonOverlappingTemplate,m=9 template=0 1 0 0 0 0 0 1 1,----,0/6,6,not_computed_by_STS (fewer than 55 streams)
encrypted,NonOverlappingTemplate,m=9 template=0 1 0 0 0 0 1 1 1,----,0/6,6,not_computed_by_STS (fewer than 55 streams)
encrypted,NonOverlappingTemplate,m=9 template=0 1 0 0 0 1 0 1 1,----,3/6,6,not_computed_by_STS (fewer than 55 streams)
encrypted,NonOverlappingTemplate,m=9 template=0 1 0 0 0 1 1 1 1,----,0/6,6,not_computed_by_STS (fewer than 55 streams)
encrypted,NonOverlappingTemplate,m=9 template=0 1 0 0 1 0 0 1 1,----,2/6,6,not_computed_by_STS (fewer than 55 streams)
encrypted,NonOverlappingTemplate,m=9 template=0 1 0 0 1 0 1 1 1,----,2/6,6,not_computed_by_STS (fewer than 55 streams)
encrypted,NonOverlappingTemplate,m=9 template=0 1 0 0 1 1 0 1 1,----,1/6,6,not_computed_by_STS (fewer than 55 streams)
encrypted,NonOverlappingTemplate,m=9 template=0 1 0 0 1 1 1 1 1,----,0/6,6,not_computed_by_STS (fewer than 55 streams)
encrypted,NonOverlappingTemplate,m=9 template=0 1 0 1 0 0 0 1 1,----,2/6,6,not_computed_by_STS (fewer than 55 streams)
encrypted,NonOverlappingTemplate,m=9 template=0 1 0 1 0 0 1 1 1,----,1/6,6,not_computed_by_STS (fewer than 55 streams)
encrypted,NonOverlappingTemplate,m=9 template=0 1 0 1 0 1 0 1 1,----,0/6,6,not_computed_by_STS (fewer than 55 streams)
encrypted,NonOverlappingTemplate,m=9 template=0 1 0 1 0 1 1 1 1,----,1/6,6,not_computed_by_STS (fewer than 55 streams)
encrypted,NonOverlappingTemplate,m=9 template=0 1 0 1 1 0 0 1 1,----,0/6,6,not_computed_by_STS (fewer than 55 streams)
encrypted,NonOverlappingTemplate,m=9 template=0 1 0 1 1 0 1 1 1,----,0/6,6,not_computed_by_STS (fewer than 55 streams)
encrypted,NonOverlappingTemplate,m=9 template=0 1 0 1 1 1 0 1 1,----,0/6,6,not_computed_by_STS (fewer than 55 streams)
encrypted,NonOverlappingTemplate,m=9 template=0 1 0 1 1 1 1 1 1,----,0/6,6,not_computed_by_STS (fewer than 55 streams)
encrypted,NonOverlappingTemplate,m=9 template=0 1 1 0 0 0 1 1 1,----,1/6,6,not_computed_by_STS (fewer than 55 streams)
encrypted,NonOverlappingTemplate,m=9 template=0 1 1 0 0 1 1 1 1,----,2/6,6,not_computed_by_STS (fewer than 55 streams)
encrypted,NonOverlappingTemplate,m=9 template=0 1 1 0 1 0 1 1 1,----,0/6,6,not_computed_by_STS (fewer than 55 streams)
encrypted,NonOverlappingTemplate,m=9 template=0 1 1 0 1 1 1 1 1,----,0/6,6,not_computed_by_STS (fewer than 55 streams)
encrypted,NonOverlappingTemplate,m=9 template=0 1 1 1 0 1 1 1 1,----,0/6,6,not_computed_by_STS (fewer than 55 streams)
encrypted,NonOverlappingTemplate,m=9 template=0 1 1 1 1 1 1 1 1,----,0/6,6,not_computed_by_STS (fewer than 55 streams)
encrypted,NonOverlappingTemplate,m=9 template=1 0 0 0 0 0 0 0 0,----,0/6,6,not_computed_by_STS (fewer than 55 streams)
encrypted,NonOverlappingTemplate,m=9 template=1 0 0 0 1 0 0 0 0,----,0/6,6,not_computed_by_STS (fewer than 55 streams)
encrypted,NonOverlappingTemplate,m=9 template=1 0 0 1 0 0 0 0 0,----,0/6,6,not_computed_by_STS (fewer than 55 streams)
encrypted,NonOverlappingTemplate,m=9 template=1 0 0 1 0 1 0 0 0,----,0/6,6,not_computed_by_STS (fewer than 55 streams)
encrypted,NonOverlappingTemplate,m=9 template=1 0 0 1 1 0 0 0 0,----,0/6,6,not_computed_by_STS (fewer than 55 streams)
encrypted,NonOverlappingTemplate,m=9 template=1 0 0 1 1 1 0 0 0,----,4/6,6,not_computed_by_STS (fewer than 55 streams)
encrypted,NonOverlappingTemplate,m=9 template=1 0 1 0 0 0 0 0 0,----,0/6,6,not_computed_by_STS (fewer than 55 streams)
encrypted,NonOverlappingTemplate,m=9 template=1 0 1 0 0 0 1 0 0,----,1/6,6,not_computed_by_STS (fewer than 55 streams)
encrypted,NonOverlappingTemplate,m=9 template=1 0 1 0 0 1 0 0 0,----,0/6,6,not_computed_by_STS (fewer than 55 streams)
encrypted,NonOverlappingTemplate,m=9 template=1 0 1 0 0 1 1 0 0,----,1/6,6,not_computed_by_STS (fewer than 55 streams)
encrypted,NonOverlappingTemplate,m=9 template=1 0 1 0 1 0 0 0 0,----,3/6,6,not_computed_by_STS (fewer than 55 streams)
encrypted,NonOverlappingTemplate,m=9 template=1 0 1 0 1 0 1 0 0,----,0/6,6,not_computed_by_STS (fewer than 55 streams)
encrypted,NonOverlappingTemplate,m=9 template=1 0 1 0 1 1 0 0 0,----,2/6,6,not_computed_by_STS (fewer than 55 streams)
encrypted,NonOverlappingTemplate,m=9 template=1 0 1 0 1 1 1 0 0,----,0/6,6,not_computed_by_STS (fewer than 55 streams)
encrypted,NonOverlappingTemplate,m=9 template=1 0 1 1 0 0 0 0 0,----,1/6,6,not_computed_by_STS (fewer than 55 streams)
encrypted,NonOverlappingTemplate,m=9 template=1 0 1 1 0 0 1 0 0,----,2/6,6,not_computed_by_STS (fewer than 55 streams)
encrypted,NonOverlappingTemplate,m=9 template=1 0 1 1 0 1 0 0 0,----,4/6,6,not_computed_by_STS (fewer than 55 streams)
encrypted,NonOverlappingTemplate,m=9 template=1 0 1 1 0 1 1 0 0,----,0/6,6,not_computed_by_STS (fewer than 55 streams)
encrypted,NonOverlappingTemplate,m=9 template=1 0 1 1 1 0 0 0 0,----,3/6,6,not_computed_by_STS (fewer than 55 streams)
encrypted,NonOverlappingTemplate,m=9 template=1 0 1 1 1 0 1 0 0,----,2/6,6,not_computed_by_STS (fewer than 55 streams)
encrypted,NonOverlappingTemplate,m=9 template=1 0 1 1 1 1 0 0 0,----,0/6,6,not_computed_by_STS (fewer than 55 streams)
encrypted,NonOverlappingTemplate,m=9 template=1 0 1 1 1 1 1 0 0,----,0/6,6,not_computed_by_STS (fewer than 55 streams)
encrypted,NonOverlappingTemplate,m=9 template=1 1 0 0 0 0 0 0 0,----,1/6,6,not_computed_by_STS (fewer than 55 streams)
encrypted,NonOverlappingTemplate,m=9 template=1 1 0 0 0 0 0 1 0,----,1/6,6,not_computed_by_STS (fewer than 55 streams)
encrypted,NonOverlappingTemplate,m=9 template=1 1 0 0 0 0 1 0 0,----,0/6,6,not_computed_by_STS (fewer than 55 streams)
encrypted,NonOverlappingTemplate,m=9 template=1 1 0 0 0 1 0 0 0,----,0/6,6,not_computed_by_STS (fewer than 55 streams)
encrypted,NonOverlappingTemplate,m=9 template=1 1 0 0 0 1 0 1 0,----,0/6,6,not_computed_by_STS (fewer than 55 streams)
encrypted,NonOverlappingTemplate,m=9 template=1 1 0 0 1 0 0 0 0,----,1/6,6,not_computed_by_STS (fewer than 55 streams)
encrypted,NonOverlappingTemplate,m=9 template=1 1 0 0 1 0 0 1 0,----,0/6,6,not_computed_by_STS (fewer than 55 streams)
encrypted,NonOverlappingTemplate,m=9 template=1 1 0 0 1 0 1 0 0,----,1/6,6,not_computed_by_STS (fewer than 55 streams)
encrypted,NonOverlappingTemplate,m=9 template=1 1 0 0 1 1 0 0 0,----,1/6,6,not_computed_by_STS (fewer than 55 streams)
encrypted,NonOverlappingTemplate,m=9 template=1 1 0 0 1 1 0 1 0,----,1/6,6,not_computed_by_STS (fewer than 55 streams)
encrypted,NonOverlappingTemplate,m=9 template=1 1 0 1 0 0 0 0 0,----,0/6,6,not_computed_by_STS (fewer than 55 streams)
encrypted,NonOverlappingTemplate,m=9 template=1 1 0 1 0 0 0 1 0,----,0/6,6,not_computed_by_STS (fewer than 55 streams)
encrypted,NonOverlappingTemplate,m=9 template=1 1 0 1 0 0 1 0 0,----,2/6,6,not_computed_by_STS (fewer than 55 streams)
encrypted,NonOverlappingTemplate,m=9 template=1 1 0 1 0 1 0 0 0,----,2/6,6,not_computed_by_STS (fewer than 55 streams)
encrypted,NonOverlappingTemplate,m=9 template=1 1 0 1 0 1 0 1 0,----,0/6,6,not_computed_by_STS (fewer than 55 streams)
encrypted,NonOverlappingTemplate,m=9 template=1 1 0 1 0 1 1 0 0,----,0/6,6,not_computed_by_STS (fewer than 55 streams)
encrypted,NonOverlappingTemplate,m=9 template=1 1 0 1 1 0 0 0 0,----,2/6,6,not_computed_by_STS (fewer than 55 streams)
encrypted,NonOverlappingTemplate,m=9 template=1 1 0 1 1 0 0 1 0,----,1/6,6,not_computed_by_STS (fewer than 55 streams)
encrypted,NonOverlappingTemplate,m=9 template=1 1 0 1 1 0 1 0 0,----,1/6,6,not_computed_by_STS (fewer than 55 streams)
encrypted,NonOverlappingTemplate,m=9 template=1 1 0 1 1 1 0 0 0,----,1/6,6,not_computed_by_STS (fewer than 55 streams)
encrypted,NonOverlappingTemplate,m=9 template=1 1 0 1 1 1 0 1 0,----,1/6,6,not_computed_by_STS (fewer than 55 streams)
encrypted,NonOverlappingTemplate,m=9 template=1 1 0 1 1 1 1 0 0,----,0/6,6,not_computed_by_STS (fewer than 55 streams)
encrypted,NonOverlappingTemplate,m=9 template=1 1 1 0 0 0 0 0 0,----,0/6,6,not_computed_by_STS (fewer than 55 streams)
encrypted,NonOverlappingTemplate,m=9 template=1 1 1 0 0 0 0 1 0,----,0/6,6,not_computed_by_STS (fewer than 55 streams)
encrypted,NonOverlappingTemplate,m=9 template=1 1 1 0 0 0 1 0 0,----,0/6,6,not_computed_by_STS (fewer than 55 streams)
encrypted,NonOverlappingTemplate,m=9 template=1 1 1 0 0 0 1 1 0,----,3/6,6,not_computed_by_STS (fewer than 55 streams)
encrypted,NonOverlappingTemplate,m=9 template=1 1 1 0 0 1 0 0 0,----,0/6,6,not_computed_by_STS (fewer than 55 streams)
encrypted,NonOverlappingTemplate,m=9 template=1 1 1 0 0 1 0 1 0,----,2/6,6,not_computed_by_STS (fewer than 55 streams)
encrypted,NonOverlappingTemplate,m=9 template=1 1 1 0 0 1 1 0 0,----,2/6,6,not_computed_by_STS (fewer than 55 streams)
encrypted,NonOverlappingTemplate,m=9 template=1 1 1 0 1 0 0 0 0,----,1/6,6,not_computed_by_STS (fewer than 55 streams)
encrypted,NonOverlappingTemplate,m=9 template=1 1 1 0 1 0 0 1 0,----,3/6,6,not_computed_by_STS (fewer than 55 streams)
encrypted,NonOverlappingTemplate,m=9 template=1 1 1 0 1 0 1 0 0,----,2/6,6,not_computed_by_STS (fewer than 55 streams)
encrypted,NonOverlappingTemplate,m=9 template=1 1 1 0 1 0 1 1 0,----,0/6,6,not_computed_by_STS (fewer than 55 streams)
encrypted,NonOverlappingTemplate,m=9 template=1 1 1 0 1 1 0 0 0,----,1/6,6,not_computed_by_STS (fewer than 55 streams)
encrypted,NonOverlappingTemplate,m=9 template=1 1 1 0 1 1 0 1 0,----,0/6,6,not_computed_by_STS (fewer than 55 streams)
encrypted,NonOverlappingTemplate,m=9 template=1 1 1 0 1 1 1 0 0,----,0/6,6,not_computed_by_STS (fewer than 55 streams)
encrypted,NonOverlappingTemplate,m=9 template=1 1 1 1 0 0 0 0 0,----,0/6,6,not_computed_by_STS (fewer than 55 streams)
encrypted,NonOverlappingTemplate,m=9 template=1 1 1 1 0 0 0 1 0,----,0/6,6,not_computed_by_STS (fewer than 55 streams)
encrypted,NonOverlappingTemplate,m=9 template=1 1 1 1 0 0 1 0 0,----,0/6,6,not_computed_by_STS (fewer than 55 streams)
encrypted,NonOverlappingTemplate,m=9 template=1 1 1 1 0 0 1 1 0,----,1/6,6,not_computed_by_STS (fewer than 55 streams)
encrypted,NonOverlappingTemplate,m=9 template=1 1 1 1 0 1 0 0 0,----,0/6,6,not_computed_by_STS (fewer than 55 streams)
encrypted,NonOverlappingTemplate,m=9 template=1 1 1 1 0 1 0 1 0,----,2/6,6,not_computed_by_STS (fewer than 55 streams)
encrypted,NonOverlappingTemplate,m=9 template=1 1 1 1 0 1 1 0 0,----,1/6,6,not_computed_by_STS (fewer than 55 streams)
encrypted,NonOverlappingTemplate,m=9 template=1 1 1 1 0 1 1 1 0,----,0/6,6,not_computed_by_STS (fewer than 55 streams)
encrypted,NonOverlappingTemplate,m=9 template=1 1 1 1 1 0 0 0 0,----,0/6,6,not_computed_by_STS (fewer than 55 streams)
encrypted,NonOverlappingTemplate,m=9 template=1 1 1 1 1 0 0 1 0,----,0/6,6,not_computed_by_STS (fewer than 55 streams)
encrypted,NonOverlappingTemplate,m=9 template=1 1 1 1 1 0 1 0 0,----,0/6,6,not_computed_by_STS (fewer than 55 streams)
encrypted,NonOverlappingTemplate,m=9 template=1 1 1 1 1 0 1 1 0,----,0/6,6,not_computed_by_STS (fewer than 55 streams)
encrypted,NonOverlappingTemplate,m=9 template=1 1 1 1 1 1 0 0 0,----,0/6,6,not_computed_by_STS (fewer than 55 streams)
encrypted,NonOverlappingTemplate,m=9 template=1 1 1 1 1 1 0 1 0,----,0/6,6,not_computed_by_STS (fewer than 55 streams)
encrypted,NonOverlappingTemplate,m=9 template=1 1 1 1 1 1 1 0 0,----,0/6,6,not_computed_by_STS (fewer than 55 streams)
encrypted,NonOverlappingTemplate,m=9 template=1 1 1 1 1 1 1 1 0,----,0/6,6,not_computed_by_STS (fewer than 55 streams)
encrypted,OverlappingTemplate,single,----,0/6,6,not_computed_by_STS (fewer than 55 streams)
encrypted,Universal,single,----,0/6,6,not_computed_by_STS (fewer than 55 streams)
encrypted,ApproximateEntropy,single,----,0/6,6,not_computed_by_STS (fewer than 55 streams)
encrypted,RandomExcursions,state=-4,----,------,6,not_computed_by_STS (fewer than 55 streams)
encrypted,RandomExcursions,state=-3,----,------,6,not_computed_by_STS (fewer than 55 streams)
encrypted,RandomExcursions,state=-2,----,------,6,not_computed_by_STS (fewer than 55 streams)
encrypted,RandomExcursions,state=-1,----,------,6,not_computed_by_STS (fewer than 55 streams)
encrypted,RandomExcursions,state=1,----,------,6,not_computed_by_STS (fewer than 55 streams)
encrypted,RandomExcursions,state=2,----,------,6,not_computed_by_STS (fewer than 55 streams)
encrypted,RandomExcursions,state=3,----,------,6,not_computed_by_STS (fewer than 55 streams)
encrypted,RandomExcursions,state=4,----,------,6,not_computed_by_STS (fewer than 55 streams)
encrypted,RandomExcursionsVariant,state=-9,----,------,6,not_computed_by_STS (fewer than 55 streams)
encrypted,RandomExcursionsVariant,state=-8,----,------,6,not_computed_by_STS (fewer than 55 streams)
encrypted,RandomExcursionsVariant,state=-7,----,------,6,not_computed_by_STS (fewer than 55 streams)
encrypted,RandomExcursionsVariant,state=-6,----,------,6,not_computed_by_STS (fewer than 55 streams)
encrypted,RandomExcursionsVariant,state=-5,----,------,6,not_computed_by_STS (fewer than 55 streams)
encrypted,RandomExcursionsVariant,state=-4,----,------,6,not_computed_by_STS (fewer than 55 streams)
encrypted,RandomExcursionsVariant,state=-3,----,------,6,not_computed_by_STS (fewer than 55 streams)
encrypted,RandomExcursionsVariant,state=-2,----,------,6,not_computed_by_STS (fewer than 55 streams)
encrypted,RandomExcursionsVariant,state=-1,----,------,6,not_computed_by_STS (fewer than 55 streams)
encrypted,RandomExcursionsVariant,state=1,----,------,6,not_computed_by_STS (fewer than 55 streams)
encrypted,RandomExcursionsVariant,state=2,----,------,6,not_computed_by_STS (fewer than 55 streams)
encrypted,RandomExcursionsVariant,state=3,----,------,6,not_computed_by_STS (fewer than 55 streams)
encrypted,RandomExcursionsVariant,state=4,----,------,6,not_computed_by_STS (fewer than 55 streams)
encrypted,RandomExcursionsVariant,state=5,----,------,6,not_computed_by_STS (fewer than 55 streams)
encrypted,RandomExcursionsVariant,state=6,----,------,6,not_computed_by_STS (fewer than 55 streams)
encrypted,RandomExcursionsVariant,state=7,----,------,6,not_computed_by_STS (fewer than 55 streams)
encrypted,RandomExcursionsVariant,state=8,----,------,6,not_computed_by_STS (fewer than 55 streams)
encrypted,RandomExcursionsVariant,state=9,----,------,6,not_computed_by_STS (fewer than 55 streams)
encrypted,Serial,delta_1,----,0/6,6,not_computed_by_STS (fewer than 55 streams)
encrypted,Serial,delta_2,----,0/6,6,not_computed_by_STS (fewer than 55 streams)
encrypted,LinearComplexity,single,----,5/6,6,not_computed_by_STS (fewer than 55 streams)
decrypted,Frequency,single,----,0/6,6,not_computed_by_STS (fewer than 55 streams)
decrypted,BlockFrequency,single,----,0/6,6,not_computed_by_STS (fewer than 55 streams)
decrypted,CumulativeSums,forward,----,0/6,6,not_computed_by_STS (fewer than 55 streams)
decrypted,CumulativeSums,reverse,----,0/6,6,not_computed_by_STS (fewer than 55 streams)
decrypted,Runs,single,----,0/6,6,not_computed_by_STS (fewer than 55 streams)
decrypted,LongestRun,single,----,0/6,6,not_computed_by_STS (fewer than 55 streams)
decrypted,Rank,single,----,0/6,6,not_computed_by_STS (fewer than 55 streams)
decrypted,FFT,single,----,0/6,6,not_computed_by_STS (fewer than 55 streams)
decrypted,NonOverlappingTemplate,m=9 template=0 0 0 0 0 0 0 0 1,----,0/6,6,not_computed_by_STS (fewer than 55 streams)
decrypted,NonOverlappingTemplate,m=9 template=0 0 0 0 0 0 0 1 1,----,0/6,6,not_computed_by_STS (fewer than 55 streams)
decrypted,NonOverlappingTemplate,m=9 template=0 0 0 0 0 0 1 0 1,----,0/6,6,not_computed_by_STS (fewer than 55 streams)
decrypted,NonOverlappingTemplate,m=9 template=0 0 0 0 0 0 1 1 1,----,0/6,6,not_computed_by_STS (fewer than 55 streams)
decrypted,NonOverlappingTemplate,m=9 template=0 0 0 0 0 1 0 0 1,----,0/6,6,not_computed_by_STS (fewer than 55 streams)
decrypted,NonOverlappingTemplate,m=9 template=0 0 0 0 0 1 0 1 1,----,0/6,6,not_computed_by_STS (fewer than 55 streams)
decrypted,NonOverlappingTemplate,m=9 template=0 0 0 0 0 1 1 0 1,----,0/6,6,not_computed_by_STS (fewer than 55 streams)
decrypted,NonOverlappingTemplate,m=9 template=0 0 0 0 0 1 1 1 1,----,0/6,6,not_computed_by_STS (fewer than 55 streams)
decrypted,NonOverlappingTemplate,m=9 template=0 0 0 0 1 0 0 0 1,----,0/6,6,not_computed_by_STS (fewer than 55 streams)
decrypted,NonOverlappingTemplate,m=9 template=0 0 0 0 1 0 0 1 1,----,0/6,6,not_computed_by_STS (fewer than 55 streams)
decrypted,NonOverlappingTemplate,m=9 template=0 0 0 0 1 0 1 0 1,----,0/6,6,not_computed_by_STS (fewer than 55 streams)
decrypted,NonOverlappingTemplate,m=9 template=0 0 0 0 1 0 1 1 1,----,2/6,6,not_computed_by_STS (fewer than 55 streams)
decrypted,NonOverlappingTemplate,m=9 template=0 0 0 0 1 1 0 0 1,----,0/6,6,not_computed_by_STS (fewer than 55 streams)
decrypted,NonOverlappingTemplate,m=9 template=0 0 0 0 1 1 0 1 1,----,0/6,6,not_computed_by_STS (fewer than 55 streams)
decrypted,NonOverlappingTemplate,m=9 template=0 0 0 0 1 1 1 0 1,----,0/6,6,not_computed_by_STS (fewer than 55 streams)
decrypted,NonOverlappingTemplate,m=9 template=0 0 0 0 1 1 1 1 1,----,0/6,6,not_computed_by_STS (fewer than 55 streams)
decrypted,NonOverlappingTemplate,m=9 template=0 0 0 1 0 0 0 1 1,----,0/6,6,not_computed_by_STS (fewer than 55 streams)
decrypted,NonOverlappingTemplate,m=9 template=0 0 0 1 0 0 1 0 1,----,1/6,6,not_computed_by_STS (fewer than 55 streams)
decrypted,NonOverlappingTemplate,m=9 template=0 0 0 1 0 0 1 1 1,----,0/6,6,not_computed_by_STS (fewer than 55 streams)
decrypted,NonOverlappingTemplate,m=9 template=0 0 0 1 0 1 0 0 1,----,0/6,6,not_computed_by_STS (fewer than 55 streams)
decrypted,NonOverlappingTemplate,m=9 template=0 0 0 1 0 1 0 1 1,----,1/6,6,not_computed_by_STS (fewer than 55 streams)
decrypted,NonOverlappingTemplate,m=9 template=0 0 0 1 0 1 1 0 1,----,1/6,6,not_computed_by_STS (fewer than 55 streams)
decrypted,NonOverlappingTemplate,m=9 template=0 0 0 1 0 1 1 1 1,----,0/6,6,not_computed_by_STS (fewer than 55 streams)
decrypted,NonOverlappingTemplate,m=9 template=0 0 0 1 1 0 0 1 1,----,1/6,6,not_computed_by_STS (fewer than 55 streams)
decrypted,NonOverlappingTemplate,m=9 template=0 0 0 1 1 0 1 0 1,----,0/6,6,not_computed_by_STS (fewer than 55 streams)
decrypted,NonOverlappingTemplate,m=9 template=0 0 0 1 1 0 1 1 1,----,0/6,6,not_computed_by_STS (fewer than 55 streams)
decrypted,NonOverlappingTemplate,m=9 template=0 0 0 1 1 1 0 0 1,----,0/6,6,not_computed_by_STS (fewer than 55 streams)
decrypted,NonOverlappingTemplate,m=9 template=0 0 0 1 1 1 0 1 1,----,0/6,6,not_computed_by_STS (fewer than 55 streams)
decrypted,NonOverlappingTemplate,m=9 template=0 0 0 1 1 1 1 0 1,----,0/6,6,not_computed_by_STS (fewer than 55 streams)
decrypted,NonOverlappingTemplate,m=9 template=0 0 0 1 1 1 1 1 1,----,0/6,6,not_computed_by_STS (fewer than 55 streams)
decrypted,NonOverlappingTemplate,m=9 template=0 0 1 0 0 0 0 1 1,----,0/6,6,not_computed_by_STS (fewer than 55 streams)
decrypted,NonOverlappingTemplate,m=9 template=0 0 1 0 0 0 1 0 1,----,0/6,6,not_computed_by_STS (fewer than 55 streams)
decrypted,NonOverlappingTemplate,m=9 template=0 0 1 0 0 0 1 1 1,----,1/6,6,not_computed_by_STS (fewer than 55 streams)
decrypted,NonOverlappingTemplate,m=9 template=0 0 1 0 0 1 0 1 1,----,0/6,6,not_computed_by_STS (fewer than 55 streams)
decrypted,NonOverlappingTemplate,m=9 template=0 0 1 0 0 1 1 0 1,----,0/6,6,not_computed_by_STS (fewer than 55 streams)
decrypted,NonOverlappingTemplate,m=9 template=0 0 1 0 0 1 1 1 1,----,0/6,6,not_computed_by_STS (fewer than 55 streams)
decrypted,NonOverlappingTemplate,m=9 template=0 0 1 0 1 0 0 1 1,----,0/6,6,not_computed_by_STS (fewer than 55 streams)
decrypted,NonOverlappingTemplate,m=9 template=0 0 1 0 1 0 1 0 1,----,0/6,6,not_computed_by_STS (fewer than 55 streams)
decrypted,NonOverlappingTemplate,m=9 template=0 0 1 0 1 0 1 1 1,----,0/6,6,not_computed_by_STS (fewer than 55 streams)
decrypted,NonOverlappingTemplate,m=9 template=0 0 1 0 1 1 0 1 1,----,0/6,6,not_computed_by_STS (fewer than 55 streams)
decrypted,NonOverlappingTemplate,m=9 template=0 0 1 0 1 1 1 0 1,----,0/6,6,not_computed_by_STS (fewer than 55 streams)
decrypted,NonOverlappingTemplate,m=9 template=0 0 1 0 1 1 1 1 1,----,0/6,6,not_computed_by_STS (fewer than 55 streams)
decrypted,NonOverlappingTemplate,m=9 template=0 0 1 1 0 0 1 0 1,----,0/6,6,not_computed_by_STS (fewer than 55 streams)
decrypted,NonOverlappingTemplate,m=9 template=0 0 1 1 0 0 1 1 1,----,1/6,6,not_computed_by_STS (fewer than 55 streams)
decrypted,NonOverlappingTemplate,m=9 template=0 0 1 1 0 1 0 1 1,----,0/6,6,not_computed_by_STS (fewer than 55 streams)
decrypted,NonOverlappingTemplate,m=9 template=0 0 1 1 0 1 1 0 1,----,0/6,6,not_computed_by_STS (fewer than 55 streams)
decrypted,NonOverlappingTemplate,m=9 template=0 0 1 1 0 1 1 1 1,----,0/6,6,not_computed_by_STS (fewer than 55 streams)
decrypted,NonOverlappingTemplate,m=9 template=0 0 1 1 1 0 1 0 1,----,0/6,6,not_computed_by_STS (fewer than 55 streams)
decrypted,NonOverlappingTemplate,m=9 template=0 0 1 1 1 0 1 1 1,----,0/6,6,not_computed_by_STS (fewer than 55 streams)
decrypted,NonOverlappingTemplate,m=9 template=0 0 1 1 1 1 0 1 1,----,0/6,6,not_computed_by_STS (fewer than 55 streams)
decrypted,NonOverlappingTemplate,m=9 template=0 0 1 1 1 1 1 0 1,----,0/6,6,not_computed_by_STS (fewer than 55 streams)
decrypted,NonOverlappingTemplate,m=9 template=0 0 1 1 1 1 1 1 1,----,0/6,6,not_computed_by_STS (fewer than 55 streams)
decrypted,NonOverlappingTemplate,m=9 template=0 1 0 0 0 0 0 1 1,----,0/6,6,not_computed_by_STS (fewer than 55 streams)
decrypted,NonOverlappingTemplate,m=9 template=0 1 0 0 0 0 1 1 1,----,0/6,6,not_computed_by_STS (fewer than 55 streams)
decrypted,NonOverlappingTemplate,m=9 template=0 1 0 0 0 1 0 1 1,----,1/6,6,not_computed_by_STS (fewer than 55 streams)
decrypted,NonOverlappingTemplate,m=9 template=0 1 0 0 0 1 1 1 1,----,0/6,6,not_computed_by_STS (fewer than 55 streams)
decrypted,NonOverlappingTemplate,m=9 template=0 1 0 0 1 0 0 1 1,----,0/6,6,not_computed_by_STS (fewer than 55 streams)
decrypted,NonOverlappingTemplate,m=9 template=0 1 0 0 1 0 1 1 1,----,0/6,6,not_computed_by_STS (fewer than 55 streams)
decrypted,NonOverlappingTemplate,m=9 template=0 1 0 0 1 1 0 1 1,----,0/6,6,not_computed_by_STS (fewer than 55 streams)
decrypted,NonOverlappingTemplate,m=9 template=0 1 0 0 1 1 1 1 1,----,0/6,6,not_computed_by_STS (fewer than 55 streams)
decrypted,NonOverlappingTemplate,m=9 template=0 1 0 1 0 0 0 1 1,----,0/6,6,not_computed_by_STS (fewer than 55 streams)
decrypted,NonOverlappingTemplate,m=9 template=0 1 0 1 0 0 1 1 1,----,1/6,6,not_computed_by_STS (fewer than 55 streams)
decrypted,NonOverlappingTemplate,m=9 template=0 1 0 1 0 1 0 1 1,----,0/6,6,not_computed_by_STS (fewer than 55 streams)
decrypted,NonOverlappingTemplate,m=9 template=0 1 0 1 0 1 1 1 1,----,0/6,6,not_computed_by_STS (fewer than 55 streams)
decrypted,NonOverlappingTemplate,m=9 template=0 1 0 1 1 0 0 1 1,----,0/6,6,not_computed_by_STS (fewer than 55 streams)
decrypted,NonOverlappingTemplate,m=9 template=0 1 0 1 1 0 1 1 1,----,0/6,6,not_computed_by_STS (fewer than 55 streams)
decrypted,NonOverlappingTemplate,m=9 template=0 1 0 1 1 1 0 1 1,----,0/6,6,not_computed_by_STS (fewer than 55 streams)
decrypted,NonOverlappingTemplate,m=9 template=0 1 0 1 1 1 1 1 1,----,0/6,6,not_computed_by_STS (fewer than 55 streams)
decrypted,NonOverlappingTemplate,m=9 template=0 1 1 0 0 0 1 1 1,----,1/6,6,not_computed_by_STS (fewer than 55 streams)
decrypted,NonOverlappingTemplate,m=9 template=0 1 1 0 0 1 1 1 1,----,0/6,6,not_computed_by_STS (fewer than 55 streams)
decrypted,NonOverlappingTemplate,m=9 template=0 1 1 0 1 0 1 1 1,----,0/6,6,not_computed_by_STS (fewer than 55 streams)
decrypted,NonOverlappingTemplate,m=9 template=0 1 1 0 1 1 1 1 1,----,0/6,6,not_computed_by_STS (fewer than 55 streams)
decrypted,NonOverlappingTemplate,m=9 template=0 1 1 1 0 1 1 1 1,----,0/6,6,not_computed_by_STS (fewer than 55 streams)
decrypted,NonOverlappingTemplate,m=9 template=0 1 1 1 1 1 1 1 1,----,0/6,6,not_computed_by_STS (fewer than 55 streams)
decrypted,NonOverlappingTemplate,m=9 template=1 0 0 0 0 0 0 0 0,----,0/6,6,not_computed_by_STS (fewer than 55 streams)
decrypted,NonOverlappingTemplate,m=9 template=1 0 0 0 1 0 0 0 0,----,0/6,6,not_computed_by_STS (fewer than 55 streams)
decrypted,NonOverlappingTemplate,m=9 template=1 0 0 1 0 0 0 0 0,----,0/6,6,not_computed_by_STS (fewer than 55 streams)
decrypted,NonOverlappingTemplate,m=9 template=1 0 0 1 0 1 0 0 0,----,0/6,6,not_computed_by_STS (fewer than 55 streams)
decrypted,NonOverlappingTemplate,m=9 template=1 0 0 1 1 0 0 0 0,----,0/6,6,not_computed_by_STS (fewer than 55 streams)
decrypted,NonOverlappingTemplate,m=9 template=1 0 0 1 1 1 0 0 0,----,1/6,6,not_computed_by_STS (fewer than 55 streams)
decrypted,NonOverlappingTemplate,m=9 template=1 0 1 0 0 0 0 0 0,----,1/6,6,not_computed_by_STS (fewer than 55 streams)
decrypted,NonOverlappingTemplate,m=9 template=1 0 1 0 0 0 1 0 0,----,0/6,6,not_computed_by_STS (fewer than 55 streams)
decrypted,NonOverlappingTemplate,m=9 template=1 0 1 0 0 1 0 0 0,----,1/6,6,not_computed_by_STS (fewer than 55 streams)
decrypted,NonOverlappingTemplate,m=9 template=1 0 1 0 0 1 1 0 0,----,1/6,6,not_computed_by_STS (fewer than 55 streams)
decrypted,NonOverlappingTemplate,m=9 template=1 0 1 0 1 0 0 0 0,----,0/6,6,not_computed_by_STS (fewer than 55 streams)
decrypted,NonOverlappingTemplate,m=9 template=1 0 1 0 1 0 1 0 0,----,0/6,6,not_computed_by_STS (fewer than 55 streams)
decrypted,NonOverlappingTemplate,m=9 template=1 0 1 0 1 1 0 0 0,----,0/6,6,not_computed_by_STS (fewer than 55 streams)
decrypted,NonOverlappingTemplate,m=9 template=1 0 1 0 1 1 1 0 0,----,0/6,6,not_computed_by_STS (fewer than 55 streams)
decrypted,NonOverlappingTemplate,m=9 template=1 0 1 1 0 0 0 0 0,----,0/6,6,not_computed_by_STS (fewer than 55 streams)
decrypted,NonOverlappingTemplate,m=9 template=1 0 1 1 0 0 1 0 0,----,0/6,6,not_computed_by_STS (fewer than 55 streams)
decrypted,NonOverlappingTemplate,m=9 template=1 0 1 1 0 1 0 0 0,----,1/6,6,not_computed_by_STS (fewer than 55 streams)
decrypted,NonOverlappingTemplate,m=9 template=1 0 1 1 0 1 1 0 0,----,0/6,6,not_computed_by_STS (fewer than 55 streams)
decrypted,NonOverlappingTemplate,m=9 template=1 0 1 1 1 0 0 0 0,----,0/6,6,not_computed_by_STS (fewer than 55 streams)
decrypted,NonOverlappingTemplate,m=9 template=1 0 1 1 1 0 1 0 0,----,0/6,6,not_computed_by_STS (fewer than 55 streams)
decrypted,NonOverlappingTemplate,m=9 template=1 0 1 1 1 1 0 0 0,----,0/6,6,not_computed_by_STS (fewer than 55 streams)
decrypted,NonOverlappingTemplate,m=9 template=1 0 1 1 1 1 1 0 0,----,0/6,6,not_computed_by_STS (fewer than 55 streams)
decrypted,NonOverlappingTemplate,m=9 template=1 1 0 0 0 0 0 0 0,----,0/6,6,not_computed_by_STS (fewer than 55 streams)
decrypted,NonOverlappingTemplate,m=9 template=1 1 0 0 0 0 0 1 0,----,0/6,6,not_computed_by_STS (fewer than 55 streams)
decrypted,NonOverlappingTemplate,m=9 template=1 1 0 0 0 0 1 0 0,----,0/6,6,not_computed_by_STS (fewer than 55 streams)
decrypted,NonOverlappingTemplate,m=9 template=1 1 0 0 0 1 0 0 0,----,0/6,6,not_computed_by_STS (fewer than 55 streams)
decrypted,NonOverlappingTemplate,m=9 template=1 1 0 0 0 1 0 1 0,----,1/6,6,not_computed_by_STS (fewer than 55 streams)
decrypted,NonOverlappingTemplate,m=9 template=1 1 0 0 1 0 0 0 0,----,0/6,6,not_computed_by_STS (fewer than 55 streams)
decrypted,NonOverlappingTemplate,m=9 template=1 1 0 0 1 0 0 1 0,----,1/6,6,not_computed_by_STS (fewer than 55 streams)
decrypted,NonOverlappingTemplate,m=9 template=1 1 0 0 1 0 1 0 0,----,0/6,6,not_computed_by_STS (fewer than 55 streams)
decrypted,NonOverlappingTemplate,m=9 template=1 1 0 0 1 1 0 0 0,----,1/6,6,not_computed_by_STS (fewer than 55 streams)
decrypted,NonOverlappingTemplate,m=9 template=1 1 0 0 1 1 0 1 0,----,0/6,6,not_computed_by_STS (fewer than 55 streams)
decrypted,NonOverlappingTemplate,m=9 template=1 1 0 1 0 0 0 0 0,----,0/6,6,not_computed_by_STS (fewer than 55 streams)
decrypted,NonOverlappingTemplate,m=9 template=1 1 0 1 0 0 0 1 0,----,0/6,6,not_computed_by_STS (fewer than 55 streams)
decrypted,NonOverlappingTemplate,m=9 template=1 1 0 1 0 0 1 0 0,----,0/6,6,not_computed_by_STS (fewer than 55 streams)
decrypted,NonOverlappingTemplate,m=9 template=1 1 0 1 0 1 0 0 0,----,1/6,6,not_computed_by_STS (fewer than 55 streams)
decrypted,NonOverlappingTemplate,m=9 template=1 1 0 1 0 1 0 1 0,----,0/6,6,not_computed_by_STS (fewer than 55 streams)
decrypted,NonOverlappingTemplate,m=9 template=1 1 0 1 0 1 1 0 0,----,0/6,6,not_computed_by_STS (fewer than 55 streams)
decrypted,NonOverlappingTemplate,m=9 template=1 1 0 1 1 0 0 0 0,----,0/6,6,not_computed_by_STS (fewer than 55 streams)
decrypted,NonOverlappingTemplate,m=9 template=1 1 0 1 1 0 0 1 0,----,1/6,6,not_computed_by_STS (fewer than 55 streams)
decrypted,NonOverlappingTemplate,m=9 template=1 1 0 1 1 0 1 0 0,----,0/6,6,not_computed_by_STS (fewer than 55 streams)
decrypted,NonOverlappingTemplate,m=9 template=1 1 0 1 1 1 0 0 0,----,0/6,6,not_computed_by_STS (fewer than 55 streams)
decrypted,NonOverlappingTemplate,m=9 template=1 1 0 1 1 1 0 1 0,----,0/6,6,not_computed_by_STS (fewer than 55 streams)
decrypted,NonOverlappingTemplate,m=9 template=1 1 0 1 1 1 1 0 0,----,0/6,6,not_computed_by_STS (fewer than 55 streams)
decrypted,NonOverlappingTemplate,m=9 template=1 1 1 0 0 0 0 0 0,----,0/6,6,not_computed_by_STS (fewer than 55 streams)
decrypted,NonOverlappingTemplate,m=9 template=1 1 1 0 0 0 0 1 0,----,1/6,6,not_computed_by_STS (fewer than 55 streams)
decrypted,NonOverlappingTemplate,m=9 template=1 1 1 0 0 0 1 0 0,----,0/6,6,not_computed_by_STS (fewer than 55 streams)
decrypted,NonOverlappingTemplate,m=9 template=1 1 1 0 0 0 1 1 0,----,3/6,6,not_computed_by_STS (fewer than 55 streams)
decrypted,NonOverlappingTemplate,m=9 template=1 1 1 0 0 1 0 0 0,----,0/6,6,not_computed_by_STS (fewer than 55 streams)
decrypted,NonOverlappingTemplate,m=9 template=1 1 1 0 0 1 0 1 0,----,0/6,6,not_computed_by_STS (fewer than 55 streams)
decrypted,NonOverlappingTemplate,m=9 template=1 1 1 0 0 1 1 0 0,----,1/6,6,not_computed_by_STS (fewer than 55 streams)
decrypted,NonOverlappingTemplate,m=9 template=1 1 1 0 1 0 0 0 0,----,0/6,6,not_computed_by_STS (fewer than 55 streams)
decrypted,NonOverlappingTemplate,m=9 template=1 1 1 0 1 0 0 1 0,----,0/6,6,not_computed_by_STS (fewer than 55 streams)
decrypted,NonOverlappingTemplate,m=9 template=1 1 1 0 1 0 1 0 0,----,0/6,6,not_computed_by_STS (fewer than 55 streams)
decrypted,NonOverlappingTemplate,m=9 template=1 1 1 0 1 0 1 1 0,----,0/6,6,not_computed_by_STS (fewer than 55 streams)
decrypted,NonOverlappingTemplate,m=9 template=1 1 1 0 1 1 0 0 0,----,0/6,6,not_computed_by_STS (fewer than 55 streams)
decrypted,NonOverlappingTemplate,m=9 template=1 1 1 0 1 1 0 1 0,----,0/6,6,not_computed_by_STS (fewer than 55 streams)
decrypted,NonOverlappingTemplate,m=9 template=1 1 1 0 1 1 1 0 0,----,1/6,6,not_computed_by_STS (fewer than 55 streams)
decrypted,NonOverlappingTemplate,m=9 template=1 1 1 1 0 0 0 0 0,----,0/6,6,not_computed_by_STS (fewer than 55 streams)
decrypted,NonOverlappingTemplate,m=9 template=1 1 1 1 0 0 0 1 0,----,0/6,6,not_computed_by_STS (fewer than 55 streams)
decrypted,NonOverlappingTemplate,m=9 template=1 1 1 1 0 0 1 0 0,----,0/6,6,not_computed_by_STS (fewer than 55 streams)
decrypted,NonOverlappingTemplate,m=9 template=1 1 1 1 0 0 1 1 0,----,0/6,6,not_computed_by_STS (fewer than 55 streams)
decrypted,NonOverlappingTemplate,m=9 template=1 1 1 1 0 1 0 0 0,----,0/6,6,not_computed_by_STS (fewer than 55 streams)
decrypted,NonOverlappingTemplate,m=9 template=1 1 1 1 0 1 0 1 0,----,0/6,6,not_computed_by_STS (fewer than 55 streams)
decrypted,NonOverlappingTemplate,m=9 template=1 1 1 1 0 1 1 0 0,----,0/6,6,not_computed_by_STS (fewer than 55 streams)
decrypted,NonOverlappingTemplate,m=9 template=1 1 1 1 0 1 1 1 0,----,0/6,6,not_computed_by_STS (fewer than 55 streams)
decrypted,NonOverlappingTemplate,m=9 template=1 1 1 1 1 0 0 0 0,----,0/6,6,not_computed_by_STS (fewer than 55 streams)
decrypted,NonOverlappingTemplate,m=9 template=1 1 1 1 1 0 0 1 0,----,0/6,6,not_computed_by_STS (fewer than 55 streams)
decrypted,NonOverlappingTemplate,m=9 template=1 1 1 1 1 0 1 0 0,----,0/6,6,not_computed_by_STS (fewer than 55 streams)
decrypted,NonOverlappingTemplate,m=9 template=1 1 1 1 1 0 1 1 0,----,0/6,6,not_computed_by_STS (fewer than 55 streams)
decrypted,NonOverlappingTemplate,m=9 template=1 1 1 1 1 1 0 0 0,----,0/6,6,not_computed_by_STS (fewer than 55 streams)
decrypted,NonOverlappingTemplate,m=9 template=1 1 1 1 1 1 0 1 0,----,0/6,6,not_computed_by_STS (fewer than 55 streams)
decrypted,NonOverlappingTemplate,m=9 template=1 1 1 1 1 1 1 0 0,----,0/6,6,not_computed_by_STS (fewer than 55 streams)
decrypted,NonOverlappingTemplate,m=9 template=1 1 1 1 1 1 1 1 0,----,0/6,6,not_computed_by_STS (fewer than 55 streams)
decrypted,OverlappingTemplate,single,----,0/6,6,not_computed_by_STS (fewer than 55 streams)
decrypted,Universal,single,----,0/6,6,not_computed_by_STS (fewer than 55 streams)
decrypted,ApproximateEntropy,single,----,0/6,6,not_computed_by_STS (fewer than 55 streams)
decrypted,RandomExcursions,state=-4,----,------,6,not_computed_by_STS (fewer than 55 streams)
decrypted,RandomExcursions,state=-3,----,------,6,not_computed_by_STS (fewer than 55 streams)
decrypted,RandomExcursions,state=-2,----,------,6,not_computed_by_STS (fewer than 55 streams)
decrypted,RandomExcursions,state=-1,----,------,6,not_computed_by_STS (fewer than 55 streams)
decrypted,RandomExcursions,state=1,----,------,6,not_computed_by_STS (fewer than 55 streams)
decrypted,RandomExcursions,state=2,----,------,6,not_computed_by_STS (fewer than 55 streams)
decrypted,RandomExcursions,state=3,----,------,6,not_computed_by_STS (fewer than 55 streams)
decrypted,RandomExcursions,state=4,----,------,6,not_computed_by_STS (fewer than 55 streams)
decrypted,RandomExcursionsVariant,state=-9,----,------,6,not_computed_by_STS (fewer than 55 streams)
decrypted,RandomExcursionsVariant,state=-8,----,------,6,not_computed_by_STS (fewer than 55 streams)
decrypted,RandomExcursionsVariant,state=-7,----,------,6,not_computed_by_STS (fewer than 55 streams)
decrypted,RandomExcursionsVariant,state=-6,----,------,6,not_computed_by_STS (fewer than 55 streams)
decrypted,RandomExcursionsVariant,state=-5,----,------,6,not_computed_by_STS (fewer than 55 streams)
decrypted,RandomExcursionsVariant,state=-4,----,------,6,not_computed_by_STS (fewer than 55 streams)
decrypted,RandomExcursionsVariant,state=-3,----,------,6,not_computed_by_STS (fewer than 55 streams)
decrypted,RandomExcursionsVariant,state=-2,----,------,6,not_computed_by_STS (fewer than 55 streams)
decrypted,RandomExcursionsVariant,state=-1,----,------,6,not_computed_by_STS (fewer than 55 streams)
decrypted,RandomExcursionsVariant,state=1,----,------,6,not_computed_by_STS (fewer than 55 streams)
decrypted,RandomExcursionsVariant,state=2,----,------,6,not_computed_by_STS (fewer than 55 streams)
decrypted,RandomExcursionsVariant,state=3,----,------,6,not_computed_by_STS (fewer than 55 streams)
decrypted,RandomExcursionsVariant,state=4,----,------,6,not_computed_by_STS (fewer than 55 streams)
decrypted,RandomExcursionsVariant,state=5,----,------,6,not_computed_by_STS (fewer than 55 streams)
decrypted,RandomExcursionsVariant,state=6,----,------,6,not_computed_by_STS (fewer than 55 streams)
decrypted,RandomExcursionsVariant,state=7,----,------,6,not_computed_by_STS (fewer than 55 streams)
decrypted,RandomExcursionsVariant,state=8,----,------,6,not_computed_by_STS (fewer than 55 streams)
decrypted,RandomExcursionsVariant,state=9,----,------,6,not_computed_by_STS (fewer than 55 streams)
decrypted,Serial,delta_1,----,0/6,6,not_computed_by_STS (fewer than 55 streams)
decrypted,Serial,delta_2,----,0/6,6,not_computed_by_STS (fewer than 55 streams)
decrypted,LinearComplexity,single,----,6/6,6,not_computed_by_STS (fewer than 55 streams)
