category,stream_index,image,source_file,source_file_sha256,normalized_rgb_array_sha256,tested_array_sha256,stream_sha256,stream_length_bits,stream_bytes,full_image_bytes,dimensions_channels_dtype,block_size,group_definition,user_key_sha256,image_id_sha256,key_fixture_domain,image_id_fixture_domain,fixture_index,byte_to_bit,sample_selection,authentication_info_in_tested_array,authentication_accepted,exact_recovery,protection_mode
encrypted,1,airplane,tpe_rdh_reproduction/input/uct_colour/airplane.tif,515d0a5105047916be9faed513330046be41a61f4b155e854731e512ce1f4c4a,a7405a85dc79ba2207e04c2544d55b6fce0eb29e9293768db1aee663bee44e35,5f3213c8d7ede75be351989b58e90694f15c57c686c9bf9edd80e222a42aa2e8,8d567d20c865e173067ec518e919c50e1ebca50e99c0642182beecac87022ef2,1000000,125000,786432,512x512x3 RGB uint8,32x32,4 distinct blocks per channel; 64 groups per channel; key-dependent Fisher-Yates grouping,4c92d7b2f57718e3fc798e9698de1d1e3fe3cab491037d9ebd43cb91c3d2656e,03a1335a5971c409cbb4888e24b033533af3c7eddd8e77ccff8d6d9d334a4a37,auth-tpe-nist-key-v1,auth-tpe-nist-image-id-v1,1,MSB-first; NIST binary mode consumes each byte high bit first,"first 125000 row-major RGB bytes from this actual image output; one sample per fixed image, no replication",False,True,True,group
decrypted,1,airplane,tpe_rdh_reproduction/input/uct_colour/airplane.tif,515d0a5105047916be9faed513330046be41a61f4b155e854731e512ce1f4c4a,a7405a85dc79ba2207e04c2544d55b6fce0eb29e9293768db1aee663bee44e35,a7405a85dc79ba2207e04c2544d55b6fce0eb29e9293768db1aee663bee44e35,84a58d5b6b270ef311633b4d8ab6f50eed1e13eaed6e74d8d1a5fb10822cd822,1000000,125000,786432,512x512x3 RGB uint8,32x32,4 distinct blocks per channel; 64 groups per channel; key-dependent Fisher-Yates grouping,4c92d7b2f57718e3fc798e9698de1d1e3fe3cab491037d9ebd43cb91c3d2656e,03a1335a5971c409cbb4888e24b033533af3c7eddd8e77ccff8d6d9d334a4a37,auth-tpe-nist-key-v1,auth-tpe-nist-image-id-v1,1,MSB-first; NIST binary mode consumes each byte high bit first,"first 125000 row-major RGB bytes from this actual image output; one sample per fixed image, no replication",False,True,True,group
encrypted,2,baboon,tpe_rdh_reproduction/input/uct_colour/baboon.tif,cd4456f2562dc352acee627428eb4e2ccaed5f53082ce0838d9fff6b8a3e3517,a511e253857a0bfd85137d3b35d6f4e6140b0c3288ca8d56f1f5c39aff59e694,18ae85c4181ff392cd02c609457206855b2b00126a9d35b3587d4e30cfae7a84,806681820e40a28a4eb1f85313818f39573730abb6d36cdf78f7fc4178cebd87,1000000,125000,786432,512x512x3 RGB uint8,32x32,4 distinct blocks per channel; 64 groups per channel; key-dependent Fisher-Yates grouping,e5fa34003fa736d90058797a78ecdbe3b17b3b146c960a1b7eeeff38deb94bbf,dfd6288d6da69edb6e93d85754c5bae395fa91fe1a988be7ba568af6ba07e2df,auth-tpe-nist-key-v1,auth-tpe-nist-image-id-v1,2,MSB-first; NIST binary mode consumes each byte high bit first,"first 125000 row-major RGB bytes from this actual image output; one sample per fixed image, no replication",False,True,True,group
decrypted,2,baboon,tpe_rdh_reproduction/input/uct_colour/baboon.tif,cd4456f2562dc352acee627428eb4e2ccaed5f53082ce0838d9fff6b8a3e3517,a511e253857a0bfd85137d3b35d6f4e6140b0c3288ca8d56f1f5c39aff59e694,a511e253857a0bfd85137d3b35d6f4e6140b0c3288ca8d56f1f5c39aff59e694,1d80f78b192c8e3a1986962ce97f36e568c98f7dd9b273be29fdcf3b9d52175c,1000000,125000,786432,512x512x3 RGB uint8,32x32,4 distinct blocks per channel; 64 groups per channel; key-dependent Fisher-Yates grouping,e5fa34003fa736d90058797a78ecdbe3b17b3b146c960a1b7eeeff38deb94bbf,dfd6288d6da69edb6e93d85754c5bae395fa91fe1a988be7ba568af6ba07e2df,auth-tpe-nist-key-v1,auth-tpe-nist-image-id-v1,2,MSB-first; NIST binary mode consumes each byte high bit first,"first 125000 row-major RGB bytes from this actual image output; one sample per fixed image, no replication",False,True,True,group
encrypted,3,couple,tpe_rdh_reproduction/input/uct_colour/couple.tif,e1760e29f10762fe60349e2848b01065b69784d04848606dd8644b6a9a893288,9f9ad1112f91344bfb0fa1fb6bbbbf63b7470f39e250f975e2586dc3f0cdff97,1573cbb5acb35a719165c4576319694e8e2e4d3f7c1fd6d4e37ff7f49fe11aae,e786726b7914612de67929babafedb3667e3bb650a450c7f4b51c47e0fc0e0f9,1000000,125000,786432,512x512x3 RGB uint8,32x32,4 distinct blocks per channel; 64 groups per channel; key-dependent Fisher-Yates grouping,6dd52b6c7bd3924d9c10c6e660438a38e22d5b360c1186c63bbac961f6e3e381,0913b99684252efcd2366453e50726772f618194b44a338d6f5d843c0f5e7b17,auth-tpe-nist-key-v1,auth-tpe-nist-image-id-v1,3,MSB-first; NIST binary mode consumes each byte high bit first,"first 125000 row-major RGB bytes from this actual image output; one sample per fixed image, no replication",False,True,True,group
decrypted,3,couple,tpe_rdh_reproduction/input/uct_colour/couple.tif,e1760e29f10762fe60349e2848b01065b69784d04848606dd8644b6a9a893288,9f9ad1112f91344bfb0fa1fb6bbbbf63b7470f39e250f975e2586dc3f0cdff97,9f9ad1112f91344bfb0fa1fb6bbbbf63b7470f39e250f975e2586dc3f0cdff97,79e9fb270acc74e97130887b1adc06e9ae583f770319c5d7060c3c050f4d1f5c,1000000,125000,786432,512x512x3 RGB uint8,32x32,4 distinct blocks per channel; 64 groups per channel; key-dependent Fisher-Yates grouping,6dd52b6c7bd3924d9c10c6e660438a38e22d5b360c1186c63bbac961f6e3e381,0913b99684252efcd2366453e50726772f618194b44a338d6f5d843c0f5e7b17,auth-tpe-nist-key-v1,auth-tpe-nist-image-id-v1,3,MSB-first; NIST binary mode consumes each byte high bit first,"first 125000 row-major RGB bytes from this actual image output; one sample per fixed image, no replication",False,True,True,group
encrypted,4,girl,tpe_rdh_reproduction/input/uct_colour/girl.tif,d044fcfbea02123efdc167e596f45e839c39c2e1ca2ff841710ef4db15bc4dfb,a9b54310f3477ac2060d80f1d6de6af596706916c1057ded797a72369b29236e,11f52c1c8e0e792684ce509a16b4c5983cbe03c8881f1d39e141b5a214ff79d3,170e44a5d83236be3d5c8d4a8dca405407e4b44b3d932467d907b79a78de1ba9,1000000,125000,786432,512x512x3 RGB uint8,32x32,4 distinct blocks per channel; 64 groups per channel; key-dependent Fisher-Yates grouping,bbfcd0c7797dad46982ec5745289ec9a5581359c67a7f097a54d67f330a714e5,e27622cdcf2a4c54ef1549c8b8c7f59e2c26fa6c6f6a9675488b8470a5c826dd,auth-tpe-nist-key-v1,auth-tpe-nist-image-id-v1,4,MSB-first; NIST binary mode consumes each byte high bit first,"first 125000 row-major RGB bytes from this actual image output; one sample per fixed image, no replication",False,True,True,group
decrypted,4,girl,tpe_rdh_reproduction/input/uct_colour/girl.tif,d044fcfbea02123efdc167e596f45e839c39c2e1ca2ff841710ef4db15bc4dfb,a9b54310f3477ac2060d80f1d6de6af596706916c1057ded797a72369b29236e,a9b54310f3477ac2060d80f1d6de6af596706916c1057ded797a72369b29236e,3fb1d83bedc164fb7580fbdfa7689dae0abe3f251370fd1e3520166d8d6096ed,1000000,125000,786432,512x512x3 RGB uint8,32x32,4 distinct blocks per channel; 64 groups per channel; key-dependent Fisher-Yates grouping,bbfcd0c7797dad46982ec5745289ec9a5581359c67a7f097a54d67f330a714e5,e27622cdcf2a4c54ef1549c8b8c7f59e2c26fa6c6f6a9675488b8470a5c826dd,auth-tpe-nist-key-v1,auth-tpe-nist-image-id-v1,4,MSB-first; NIST binary mode consumes each byte high bit first,"first 125000 row-major RGB bytes from this actual image output; one sample per fixed image, no replication",False,True,True,group
encrypted,5,lena,tpe_rdh_reproduction/input/uct_colour/lena.tif,d5cd280e7e970a31828fe2c91ead6c8ce3ea257d04b6eabbd8e254c6e1cce255,c878c0dc0b46bd7a13d0d183467b74752165e39c7b86f627666ad637da6be500,6e3aa016dbd81ff8bf656845b96b59e2d953199f4bfe4b84412f2e88c08ad3e7,786944635f6a2f728b199c04c0477edc32c85d9bb4e25a73e2a167884c46b54f,1000000,125000,786432,512x512x3 RGB uint8,32x32,4 distinct blocks per channel; 64 groups per channel; key-dependent Fisher-Yates grouping,927afab8fc8258412fcde822928a19cb079f1171855a5db57de856f9a7d89ff9,d01d61217ef62b7094904eeec7aabf84516a49be615b394d03832c8f945e1a74,auth-tpe-nist-key-v1,auth-tpe-nist-image-id-v1,5,MSB-first; NIST binary mode consumes each byte high bit first,"first 125000 row-major RGB bytes from this actual image output; one sample per fixed image, no replication",False,True,True,group
decrypted,5,lena,tpe_rdh_reproduction/input/uct_colour/lena.tif,d5cd280e7e970a31828fe2c91ead6c8ce3ea257d04b6eabbd8e254c6e1cce255,c878c0dc0b46bd7a13d0d183467b74752165e39c7b86f627666ad637da6be500,c878c0dc0b46bd7a13d0d183467b74752165e39c7b86f627666ad637da6be500,c1a7d50cf2e85c219a3c4938d328d86736de06abbad6f94a0c54ac653cd10850,1000000,125000,786432,512x512x3 RGB uint8,32x32,4 distinct blocks per channel; 64 groups per channel; key-dependent Fisher-Yates grouping,927afab8fc8258412fcde822928a19cb079f1171855a5db57de856f9a7d89ff9,d01d61217ef62b7094904eeec7aabf84516a49be615b394d03832c8f945e1a74,auth-tpe-nist-key-v1,auth-tpe-nist-image-id-v1,5,MSB-first; NIST binary mode consumes each byte high bit first,"first 125000 row-major RGB bytes from this actual image output; one sample per fixed image, no replication",False,True,True,group
encrypted,6,peppers,tpe_rdh_reproduction/input/uct_colour/peppers.tif,208e8c6542e91a1b3d7d9457626b7577fc0d21affeb800435858cc83f2537649,5350521bbe3522935ed1f87e43532fafb679f5fea3419de13695a2e4da63ba46,c68cb6e0bb583db8fab0271ca01cad4f40a615997345a9161986984e8c67bab1,39daaf51a69ddcafb24ffe3c29c533ec5f7e6ad6bc5e1d2ee98d824784841136,1000000,125000,786432,512x512x3 RGB uint8,32x32,4 distinct blocks per channel; 64 groups per channel; key-dependent Fisher-Yates grouping,b76f4becf40161d30ca929d0b465348299249926a5d0fe75af3c3b3da52fbeab,1231395f30e9ceaeb6e8bdde683eb0a4b19993a6aeab7d9cb29a97da35a84413,auth-tpe-nist-key-v1,auth-tpe-nist-image-id-v1,6,MSB-first; NIST binary mode consumes each byte high bit first,"first 125000 row-major RGB bytes from this actual image output; one sample per fixed image, no replication",False,True,True,group
decrypted,6,peppers,tpe_rdh_reproduction/input/uct_colour/peppers.tif,208e8c6542e91a1b3d7d9457626b7577fc0d21affeb800435858cc83f2537649,5350521bbe3522935ed1f87e43532fafb679f5fea3419de13695a2e4da63ba46,5350521bbe3522935ed1f87e43532fafb679f5fea3419de13695a2e4da63ba46,97e2ff9feb7882c0b27fcdfdd5ab7045c303aa715a366734fb3718b49125f787,1000000,125000,786432,512x512x3 RGB uint8,32x32,4 distinct blocks per channel; 64 groups per channel; key-dependent Fisher-Yates grouping,b76f4becf40161d30ca929d0b465348299249926a5d0fe75af3c3b3da52fbeab,1231395f30e9ceaeb6e8bdde683eb0a4b19993a6aeab7d9cb29a97da35a84413,auth-tpe-nist-key-v1,auth-tpe-nist-image-id-v1,6,MSB-first; NIST binary mode consumes each byte high bit first,"first 125000 row-major RGB bytes from this actual image output; one sample per fixed image, no replication",False,True,True,group
