path,sha256
output/nist_raw/reduced_shift_diag/ApproximateEntropy__results.txt,f3d6e3e6623eb33d971f7df366ce68750e79f4af2c622461c5dfb6fa98db6953
output/nist_raw/reduced_shift_diag/ApproximateEntropy__stats.txt,9bf719856a30c08170a9ce58b06425163d8c3175bd5e0ab5952e228a2130b1af
output/nist_raw/reduced_shift_diag/BlockFrequency__results.txt,f3d6e3e6623eb33d971f7df366ce68750e79f4af2c622461c5dfb6fa98db6953
output/nist_raw/reduced_shift_diag/BlockFrequency__stats.txt,280999c8b0edd7b94fa985ae5032e60b65dfbee51fec5429733b869fe55b45f9
output/nist_raw/reduced_shift_diag/CumulativeSums__results.txt,6d2f950d17f2383a029836334984e933d144d9e5052c2f9b7a3bf55b6c0ee3e6
output/nist_raw/reduced_shift_diag/CumulativeSums__stats.txt,8e00313d3e109a0db6530ebe0efb3c167eff98aa5867e2f91ba2cf405c44bd1c
output/nist_raw/reduced_shift_diag/FFT__results.txt,f3d6e3e6623eb33d971f7df366ce68750e79f4af2c622461c5dfb6fa98db6953
output/nist_raw/reduced_shift_diag/FFT__stats.txt,dd7811263d1649f8cbdd075a6ee0c7bc123d5e44db052f32b3ee6bd9d61bda0a
output/nist_raw/reduced_shift_diag/Frequency__results.txt,f3d6e3e6623eb33d971f7df366ce68750e79f4af2c622461c5dfb6fa98db6953
output/nist_raw/reduced_shift_diag/Frequency__stats.txt,3cc18b1060fab648830b5558cf5af657b6affffefa8d8944d9899b7bfccaf109
output/nist_raw/reduced_shift_diag/LinearComplexity__results.txt,f0f30af885fddae4eabb797cc63dd40f678f1390e1a9bc3bc95029a092b5a69d
output/nist_raw/reduced_shift_diag/LinearComplexity__stats.txt,4fd7c91cf339fda6c90b047cabc792ae8ba40eea1d078aec6a577069698702ce
output/nist_raw/reduced_shift_diag/LongestRun__results.txt,f3d6e3e6623eb33d971f7df366ce68750e79f4af2c622461c5dfb6fa98db6953
output/nist_raw/reduced_shift_diag/LongestRun__stats.txt,a6748f2d7ccd36efc36134d28c0861e9442f6d94acaf7b28b823068cb88b9167
output/nist_raw/reduced_shift_diag/NonOverlappingTemplate__results.txt,98f2f04b5f1316ce55eb8c1ddb756b02826cdf2be4446360cd759766e46f150b
output/nist_raw/reduced_shift_diag/NonOverlappingTemplate__stats.txt,b9cd0452f8d1a7969aa6e85dce552c71d87a67d9ccabe4355ae011d59c61d2f5
output/nist_raw/reduced_shift_diag/OverlappingTemplate__results.txt,f3d6e3e6623eb33d971f7df366ce68750e79f4af2c622461c5dfb6fa98db6953
output/nist_raw/reduced_shift_diag/OverlappingTemplate__stats.txt,f1471cab4f187046e4dafa2e162f90699c69613eb5e196b99fc346c61f42d231
output/nist_raw/reduced_shift_diag/RandomExcursionsVariant__results.txt,13cdad8a49778977f83d05bb838e39169fbed9acf667cba60d34483e421df8d5
output/nist_raw/reduced_shift_diag/RandomExcursionsVariant__stats.txt,71149eceaf90aa65bed266e29008706e24b5492fcb7b10b722b4bac9219ac9f5
output/nist_raw/reduced_shift_diag/RandomExcursions__results.txt,fe6a2f699bb87715b703f544b4cb3ff723887cfb50aa4b8de22dc23d6856b91d
output/nist_raw/reduced_shift_diag/RandomExcursions__stats.txt,8fb441e2cf2f711abefd4b672e638cdd50a61db1b31fc7f1a4809e39d964ec1c
output/nist_raw/reduced_shift_diag/Rank__results.txt,f3d6e3e6623eb33d971f7df366ce68750e79f4af2c622461c5dfb6fa98db6953
output/nist_raw/reduced_shift_diag/Rank__stats.txt,dc66cd9b87526b0da6260e12284ec6a516dcbe08a1f7817e7235caeba90aa018
output/nist_raw/reduced_shift_diag/Runs__results.txt,f3d6e3e6623eb33d971f7df366ce68750e79f4af2c622461c5dfb6fa98db6953
output/nist_raw/reduced_shift_diag/Runs__stats.txt,0ec8c29998515870f2b00576f1ad67c37a0937eada1daae174d54828d9368c7b
output/nist_raw/reduced_shift_diag/Serial__results.txt,6d2f950d17f2383a029836334984e933d144d9e5052c2f9b7a3bf55b6c0ee3e6
output/nist_raw/reduced_shift_diag/Serial__stats.txt,d7fa4fdfb8a2170a121942f1789a46b55be71e1986fef138a88a208ea1361b8c
output/nist_raw/reduced_shift_diag/Universal__results.txt,f3d6e3e6623eb33d971f7df366ce68750e79f4af2c622461c5dfb6fa98db6953
output/nist_raw/reduced_shift_diag/Universal__stats.txt,60bec592f01b9aa0bd4280e299bc0f84f3a59f9aa1b6bba09c43678a190ae9fe
output/nist_raw/reduced_shift_diag/finalAnalysisReport.txt,1387cc500190a64921de305a07532d13d6e6a9c9c3d1cfbe0aef91d06e012972
