test,test_label,before_step2_intermediate_p,before_step2_intermediate_result,before_final_marked_p,before_final_marked_result,after_stream,after_components,after_uniformity_p_range,after_recomputed_p_range,after_pass,after_fail,after_not_applicable
Frequency,Frequency Test,6.19e-188,0P/100F,6.19e-188,0P/100F,hmac_drbg (100 streams),1,0.474986 .. 0.474986,0.474985686648 .. 0.474985686648,99,1,0
BlockFrequency,Block Frequency Test,6.19e-188,0P/100F,6.19e-188,0P/100F,hmac_drbg (100 streams),1,0.108791 .. 0.108791,0.108790955194 .. 0.108790955194,100,0,0
Runs,Runs Test,6.19e-188,0P/100F,6.19e-188,0P/100F,hmac_drbg (100 streams),1,0.719747 .. 0.719747,0.719746574824 .. 0.719746574824,99,1,0
LongestRun,Longest Run of Ones Test,6.19e-188,0P/100F,6.19e-188,0P/100F,hmac_drbg (100 streams),1,0.851383 .. 0.851383,0.851382575357 .. 0.851382575357,99,1,0
Rank,Binary Matrix Rank Test,6.19e-188,0P/100F,6.19e-188,0P/100F,hmac_drbg (100 streams),1,0.574903 .. 0.574903,0.574903423864 .. 0.574903423864,97,3,0
FFT,Discrete Fourier Transform Test,6.19e-188,0P/100F,6.19e-188,0P/100F,hmac_drbg (100 streams),1,0.102526 .. 0.102526,0.102525680214 .. 0.102525680214,99,1,0
NonOverlappingTemplate,Non-overlapping Template Matching Test,6.186801e-188 to 9.05e-49 (148),1741P/13059F,6.186801e-188 to 1.55e-55 (148),1839P/12961F,hmac_drbg (100 streams),148,0.002043 .. 0.991468,0.00204298965629 .. 0.991467606629,14646,154,0
OverlappingTemplate,Overlapping Template Matching Test,6.19e-188,0P/100F,6.19e-188,0P/100F,hmac_drbg (100 streams),1,0.955835 .. 0.955835,0.9558347256 .. 0.9558347256,96,4,0
LinearComplexity,Linear Complexity Test,0.616305225,97P/3F,0.4190211666,99P/1F,hmac_drbg (100 streams),1,0.019188 .. 0.019188,0.019187597983 .. 0.019187597983,97,3,0
Serial,Serial Test,6.19e-188,0P/200F,6.19e-188,0P/200F,hmac_drbg (100 streams),2,0.202268 .. 0.319084,0.202267685406 .. 0.319083502143,194,6,0
ApproximateEntropy,Approximate Entropy Test,6.19e-188,0P/100F,6.19e-188,0P/100F,hmac_drbg (100 streams),1,0.997823 .. 0.997823,0.997822862778 .. 0.997822862778,98,2,0
CumulativeSums,Cumulative Sums Test,6.19e-188,0P/200F,6.19e-188,0P/200F,hmac_drbg (100 streams),2,0.181557 .. 0.350485,0.181556631981 .. 0.350485212323,198,2,0
RandomExcursions,Random Excursions Test,----,N/A,----,N/A,hmac_drbg (100 streams),8,0.186566 .. 0.756476,0.186565974858 .. 0.756476201109,534,2,264
RandomExcursionsVariant,Random Excursions Variant Test,----,N/A,----,N/A,hmac_drbg (100 streams),18,0.004573 .. 0.619772,0.00457273181818 .. 0.619771780873,1202,4,594
