order,family,source,cache_file,pixel_sha256,cache_sha256
0,uct,/home/ubuntu/audit/tpe-repo/tpe_rdh_reproduction/input/uct_colour/airplane.tif,input/images_512/000_uct_airplane.png,a7405a85dc79ba2207e04c2544d55b6fce0eb29e9293768db1aee663bee44e35,1b5331e2fd04edb7b6b746d82027c034bf8bb6a738ea5ba1a79c2b23ba2e1518
1,uct,/home/ubuntu/audit/tpe-repo/tpe_rdh_reproduction/input/uct_colour/baboon.tif,input/images_512/001_uct_baboon.png,a511e253857a0bfd85137d3b35d6f4e6140b0c3288ca8d56f1f5c39aff59e694,80881a4c0922592e7aa907c21fa3aebf6b0c7eafd0cd4c5b051f4f6945e2e121
2,uct,/home/ubuntu/audit/tpe-repo/tpe_rdh_reproduction/input/uct_colour/couple.tif,input/images_512/002_uct_couple.png,7ac5f99ce6e090aed2ca4a84509ecc6391437c299f1bea47e1e5024c0194b445,bebca79f28d4b88dd533c298f5ad6e4363abf21f769aafc66b4cf54e6a72751c
3,uct,/home/ubuntu/audit/tpe-repo/tpe_rdh_reproduction/input/uct_colour/girl.tif,input/images_512/003_uct_girl.png,47ffc14019e003443cb8536174a21f4232f4a987a0ae409d99c2b5c06d038fe4,9fc565fd0bc94193576640f1e345109a9b1db0594c926ce62dba6a787248e29e
4,uct,/home/ubuntu/audit/tpe-repo/tpe_rdh_reproduction/input/uct_colour/lena.tif,input/images_512/004_uct_lena.png,c878c0dc0b46bd7a13d0d183467b74752165e39c7b86f627666ad637da6be500,15366a94a447b85982c8f15d4b2d1c6f65bf72355a35f99a81b6a8acb9076eec
5,uct,/home/ubuntu/audit/tpe-repo/tpe_rdh_reproduction/input/uct_colour/peppers.tif,input/images_512/005_uct_peppers.png,5350521bbe3522935ed1f87e43532fafb679f5fea3419de13695a2e4da63ba46,f3d54162d964683625a735e340ba18be583a1fb0b4ef7fd2d9b9c9ae3f4ae9b4
6,ucid,"github.com/girfa/ColorImageDatasets, UCID-1338/1.tif..100.tif (retrieved 2026-10-11)::1.tif",input/images_512/006_ucid_1.png,496a051d7b67ba732db6b651b37d9639ab161a065e3fc9ef02e3f3c45f2cc540,5e2b655fd96e17359feb4505030e87c69e2f4ef3da48bb5475501845efe9d089
7,ucid,"github.com/girfa/ColorImageDatasets, UCID-1338/1.tif..100.tif (retrieved 2026-10-11)::2.tif",input/images_512/007_ucid_2.png,6a813439bf88250ff3bb9bc850cfbc8d58670358c8d4024a89b53d8437391b60,76d0a8c1b959a8a1102e011ecbd607bdd717d51479a7e83d1664ba81635962b0
8,ucid,"github.com/girfa/ColorImageDatasets, UCID-1338/1.tif..100.tif (retrieved 2026-10-11)::3.tif",input/images_512/008_ucid_3.png,0ee259239edb8439c319521f768370bed160611c50cdb8f431bfd196abfd9562,4eaf1846e205f7fbd39913c6b848dc9d960733153ea4ba03f0b462cfa5af638a
9,ucid,"github.com/girfa/ColorImageDatasets, UCID-1338/1.tif..100.tif (retrieved 2026-10-11)::4.tif",input/images_512/009_ucid_4.png,72bf653187f78400a29f3f3e3ad1a371530f8bca0da55a25c8307e03e7b8bc15,966ceae0e8aa56c23c2420de6eb35140a87194c5bafc85bf2b8b9a0b60d946c2
10,ucid,"github.com/girfa/ColorImageDatasets, UCID-1338/1.tif..100.tif (retrieved 2026-10-11)::5.tif",input/images_512/010_ucid_5.png,08088a9879d58b70f43a5be3ea4235800b81d9df8ba47ecd96f7ac6bb08625d4,eb5dd5223dfac1c6f4c3c8084fc389ea3de14d913e4dc5af373df5e90fd94f3e
11,ucid,"github.com/girfa/ColorImageDatasets, UCID-1338/1.tif..100.tif (retrieved 2026-10-11)::6.tif",input/images_512/011_ucid_6.png,f5b73405ad9850aa79bf64562a50d366a396c93bf103ab85fd5cf2f393126d18,90b33f40929666b0e123079daa5534d8b19859e75680d9ce106834425ee2b68b
12,ucid,"github.com/girfa/ColorImageDatasets, UCID-1338/1.tif..100.tif (retrieved 2026-10-11)::7.tif",input/images_512/012_ucid_7.png,4f716677b54f27d90239a944d317509225c6ca0a62c1d03e969b434474238098,b1b52a4b83ddc549c647bdfe055b604e852d29861ae40c44c2375ea5afcf5de1
13,ucid,"github.com/girfa/ColorImageDatasets, UCID-1338/1.tif..100.tif (retrieved 2026-10-11)::8.tif",input/images_512/013_ucid_8.png,bf7ba8dde0a1a8b6e678080efec2c20e22cc2e1614a18716841fd2085dc52846,25cf30473e939fffbca2986572b4fb1d19f7e921caa62801d60c2b5821a1636e
14,ucid,"github.com/girfa/ColorImageDatasets, UCID-1338/1.tif..100.tif (retrieved 2026-10-11)::9.tif",input/images_512/014_ucid_9.png,8f6deb2dda073785e94b53f8493fc9f6003c7c853914e75913e67932dba41a95,b92545d216ded7c090faa7191c85611d80115f4830e6cc3abbf7e6a5735c5725
15,ucid,"github.com/girfa/ColorImageDatasets, UCID-1338/1.tif..100.tif (retrieved 2026-10-11)::10.tif",input/images_512/015_ucid_10.png,4060a774afec7435abf6b759415e57b7c5d440d85fec086b78f2f65a9071d8a0,22e4e7825526ceeb90bb557d2adb5cac645b745ee094473745be931f2d2c83f6
16,ucid,"github.com/girfa/ColorImageDatasets, UCID-1338/1.tif..100.tif (retrieved 2026-10-11)::11.tif",input/images_512/016_ucid_11.png,9cad38e005808aebc590585ae7e90a9b11b6fd4a381d7954eef71a39d2f83c0d,59ccb8c90b30b3728948b38c945cdd462a3174402edac0771451fa65db48ffa3
17,ucid,"github.com/girfa/ColorImageDatasets, UCID-1338/1.tif..100.tif (retrieved 2026-10-11)::12.tif",input/images_512/017_ucid_12.png,33aa924bf779a386538ca6eaedabd81bc8c21f60b952533742a5cbfdc56b24fa,ec9a4563409997bd42d62e87f983782df3a2c8f172eb3676ad9b1cea2f2cecbf
18,ucid,"github.com/girfa/ColorImageDatasets, UCID-1338/1.tif..100.tif (retrieved 2026-10-11)::13.tif",input/images_512/018_ucid_13.png,e58ea22b637a5594e7a3841c5878957526ec9b620d224631717166d68f0ec790,9635d1c570ea667bbdbf06fcff1dfdd5e7afc773fe255dbdcf3f6b3fb1450838
19,ucid,"github.com/girfa/ColorImageDatasets, UCID-1338/1.tif..100.tif (retrieved 2026-10-11)::14.tif",input/images_512/019_ucid_14.png,be91c8e6d3e0bbbe1841e8775dada3cead9e40533cb03a4a94f5aa6a2c79974a,f4d2e0b253af077da48d07ddceec118ed8d15282b040aff23604c89b953e00a9
20,ucid,"github.com/girfa/ColorImageDatasets, UCID-1338/1.tif..100.tif (retrieved 2026-10-11)::15.tif",input/images_512/020_ucid_15.png,e69c7371859c7c416015827c546e07342966e22ed688cf066bf9c16d8d825335,24ac2d66c5f33c418aa227956e0ddbb187897cf22f57dbff63609eea26ed75f7
21,ucid,"github.com/girfa/ColorImageDatasets, UCID-1338/1.tif..100.tif (retrieved 2026-10-11)::16.tif",input/images_512/021_ucid_16.png,4603eabd7246303bda64c551ff1e81cccd65213678b08aee348b99279cad16ed,ea071739c0057e1e54fd706ea3d66d436031714d38b2d83308486fa1cf1606f5
22,ucid,"github.com/girfa/ColorImageDatasets, UCID-1338/1.tif..100.tif (retrieved 2026-10-11)::17.tif",input/images_512/022_ucid_17.png,cc0db349f02514d872bfbb9892995fae0c435b09560eb28f613778f9020a66c8,937d4ece8b44734cca3acf88336ba07b8460f3c12e95b25e8310d4111e0c4d32
23,ucid,"github.com/girfa/ColorImageDatasets, UCID-1338/1.tif..100.tif (retrieved 2026-10-11)::18.tif",input/images_512/023_ucid_18.png,d6c96182a110e34692e481400dabdce2f3fa0196a5b17b3b3101726aaf7003a8,5b18ede7f44e00b0f7aac3a08c683fe4330f815b5a10e5a9cf1829d41b06aec7
24,ucid,"github.com/girfa/ColorImageDatasets, UCID-1338/1.tif..100.tif (retrieved 2026-10-11)::19.tif",input/images_512/024_ucid_19.png,e77774dd32f06dfc13831117dc8632bfb5f52deb5ec7a80e21f57c83c792626a,c33fed753a0a9801aa02d099077f337484007ae49c8ef6264a614ceed4890adc
25,ucid,"github.com/girfa/ColorImageDatasets, UCID-1338/1.tif..100.tif (retrieved 2026-10-11)::20.tif",input/images_512/025_ucid_20.png,58235db98748553b728dd16b35266157e5cb5031043b051726201db7cb025c8c,1c83d9f95273c47194c9752efb50282bbbe63a9ade03ff612a835aae6d5a8e08
26,ucid,"github.com/girfa/ColorImageDatasets, UCID-1338/1.tif..100.tif (retrieved 2026-10-11)::21.tif",input/images_512/026_ucid_21.png,e893d124b166476f01c7b28795d29d1439aee49c0e7b462eff5e58c6c866a565,7c3e350a6402580160426aa34aa1b08e90546384929f22592139bcf4a7c95bbd
27,ucid,"github.com/girfa/ColorImageDatasets, UCID-1338/1.tif..100.tif (retrieved 2026-10-11)::22.tif",input/images_512/027_ucid_22.png,b03b9351a207b62310a3fafeaedc1c6a1c33d146e90cede7a6a120b5ff88c71e,8b5b252bf327d71d557714bbfbc580fba8c9333df86750d468e9d0f654ec485e
28,ucid,"github.com/girfa/ColorImageDatasets, UCID-1338/1.tif..100.tif (retrieved 2026-10-11)::23.tif",input/images_512/028_ucid_23.png,6b70bb346deac547be2f732a5ca40c78acefc3f6ca50cf490cde8dbb8beb7feb,8800bc53ca21fcd80adadfc5cb38c94257b3b649d3eb02f2800771329059ee9d
29,ucid,"github.com/girfa/ColorImageDatasets, UCID-1338/1.tif..100.tif (retrieved 2026-10-11)::24.tif",input/images_512/029_ucid_24.png,2858e41161d9239ececbf7143d6acb2e06d9f96cf46b8e44a9b0006433867bc4,d282fa7726a54432837ecadc2161dbdf39d46778453c71398ed54822d4e3adcc
30,ucid,"github.com/girfa/ColorImageDatasets, UCID-1338/1.tif..100.tif (retrieved 2026-10-11)::25.tif",input/images_512/030_ucid_25.png,3e66a5c7d7d67babad8f5bfc4f628bc2859615c1a47e35b642db4fdd469307b0,2cf3e246aa6d86e689b3538eb9ecec23a19075c2defd92da46d5a71dc0f8d509
31,ucid,"github.com/girfa/ColorImageDatasets, UCID-1338/1.tif..100.tif (retrieved 2026-10-11)::26.tif",input/images_512/031_ucid_26.png,690b9f659501213a558ff6594f52a54adca13b2f0649d695cdd0f3e3fb036aa2,69ae6aab4b9cc7328fe43f35eaed02fdd6822c7380d23eb5ba65f4a58ef737dc
32,ucid,"github.com/girfa/ColorImageDatasets, UCID-1338/1.tif..100.tif (retrieved 2026-10-11)::27.tif",input/images_512/032_ucid_27.png,887f59cbb296111ce66e0ab91d90fa943da738cd7803437f46c9a6074e0d63ce,4052ef4cc347b0330a49e941bd066635bb2a8fb1971a8386242cd442a476afa9
33,ucid,"github.com/girfa/ColorImageDatasets, UCID-1338/1.tif..100.tif (retrieved 2026-10-11)::28.tif",input/images_512/033_ucid_28.png,a26d8676280570c171218e866c90598da2cd99d81338635e53acf5d7ec25c487,d9922c50c0969ad94f6f3f4f7f75d780d3249e478c926168fed69bc219ef9fcb
34,ucid,"github.com/girfa/ColorImageDatasets, UCID-1338/1.tif..100.tif (retrieved 2026-10-11)::29.tif",input/images_512/034_ucid_29.png,0b54876550dc61d6bd149ee37c4a049e4482c4ea01fbc37488ade65a65c273a9,189a77b0c4771e00db6df0ab05654dc1e1a46b0baaf357529b2c6f64e286df4f
35,ucid,"github.com/girfa/ColorImageDatasets, UCID-1338/1.tif..100.tif (retrieved 2026-10-11)::30.tif",input/images_512/035_ucid_30.png,ade91591b33813b6f9030013a0130ac764a0a8640765a5ceb0e71264b5b17d75,f9704b86db11de33c6d32067834a6ea53a0d10686905195f6dfb3f5c47125efd
36,ucid,"github.com/girfa/ColorImageDatasets, UCID-1338/1.tif..100.tif (retrieved 2026-10-11)::31.tif",input/images_512/036_ucid_31.png,02649ca7bb3baffad50307a881a3418d517ae935373c7c060fc0b73d90b345ca,e29269bb18e9aed091e8a5719caf9c15d796a2249c57d027a098ebf98a0e0217
37,ucid,"github.com/girfa/ColorImageDatasets, UCID-1338/1.tif..100.tif (retrieved 2026-10-11)::32.tif",input/images_512/037_ucid_32.png,5b4612040a2aa46d077f57c258ed74a9b80ac658fc66bd74af4ed11d93c0dbc3,47a40c7942ba683c20088e53d0668d652cf074848124c0db039e8e61c86944bf
38,ucid,"github.com/girfa/ColorImageDatasets, UCID-1338/1.tif..100.tif (retrieved 2026-10-11)::33.tif",input/images_512/038_ucid_33.png,c3976dae0663a23b006d7d9d680d7605b16cee86750197d1432724de33738d6b,a0b2a1711ecdba5b6a4fa2a287974baf7794976d846b2d832d1ce7e6023a7be7
39,ucid,"github.com/girfa/ColorImageDatasets, UCID-1338/1.tif..100.tif (retrieved 2026-10-11)::34.tif",input/images_512/039_ucid_34.png,a10737e2fa067091a0cc767e24b159dbc483e7fd3ee7edb7da04378e608008a0,955e4e04a70f4b042fcf39dd1d5635af29707fb8029d72c4bc1eee752b593573
40,ucid,"github.com/girfa/ColorImageDatasets, UCID-1338/1.tif..100.tif (retrieved 2026-10-11)::35.tif",input/images_512/040_ucid_35.png,07229ecc48b239848ada741b870c29e7bae1cc7f239d07ae4c5408c50482ee85,c968249b3bd2bcda8a764f97453463a13873485554db495dd077ec96c7364d11
41,ucid,"github.com/girfa/ColorImageDatasets, UCID-1338/1.tif..100.tif (retrieved 2026-10-11)::36.tif",input/images_512/041_ucid_36.png,488d1b287558c08a05a5c58ec7086d42b3cb3631487efc4e8f7a4b4f4a4009a9,dca1e7f27386140b4b210244cb488764fcea9a6a274b02a58532a8c44a8dc2f5
42,ucid,"github.com/girfa/ColorImageDatasets, UCID-1338/1.tif..100.tif (retrieved 2026-10-11)::37.tif",input/images_512/042_ucid_37.png,f3ef4c09c9ff0affd0c2a192d1feed965d692c4c73d0d2aabf1b6f5d74561c7d,b9506b9c4b2da3701dbbdcf5af5ca892ed423d278a7bc8d727dca689dfb2527a
43,ucid,"github.com/girfa/ColorImageDatasets, UCID-1338/1.tif..100.tif (retrieved 2026-10-11)::38.tif",input/images_512/043_ucid_38.png,98ba32e2c13d7fa4218fd0dea5583b0f73bde2cfb9e46196124ef3f0f2608351,0489baca252ebe3ecb4e8d015118bb32f80d11878b473380fbe46cc5814b1f75
44,ucid,"github.com/girfa/ColorImageDatasets, UCID-1338/1.tif..100.tif (retrieved 2026-10-11)::39.tif",input/images_512/044_ucid_39.png,2f6ebcecb5bb55b785196081b2c3785e92710718e15dbc33e785e0ad3124960b,de0c1206071b179ed41ed5164ca4e0d8b1651a72403584847e45efc33d5afc8b
45,ucid,"github.com/girfa/ColorImageDatasets, UCID-1338/1.tif..100.tif (retrieved 2026-10-11)::40.tif",input/images_512/045_ucid_40.png,d8596b12d9f9d771cc90656c8d96039d423d4fde5b7619a5219e211a3998f5d7,157ca12484859ba168e30cd0c245d6dbadeee995a2a210f7dc051b117266a02f
46,ucid,"github.com/girfa/ColorImageDatasets, UCID-1338/1.tif..100.tif (retrieved 2026-10-11)::41.tif",input/images_512/046_ucid_41.png,22676eb454546afbaec8a310aaa4f6719642d38cddac95678f7df2c700bd8976,1a07ed720fdc14e7187f350441d5873afbd560a16a75b8c5f3b420a5a8a975a0
47,ucid,"github.com/girfa/ColorImageDatasets, UCID-1338/1.tif..100.tif (retrieved 2026-10-11)::42.tif",input/images_512/047_ucid_42.png,a8947cf5b246fcdc6b354e994b22186689619043b515bb88711e96a005cdcee7,31b9aa5ee06541aeb4271e9d9d64f06376d6e956291101cc32f79e06c3cffd63
48,ucid,"github.com/girfa/ColorImageDatasets, UCID-1338/1.tif..100.tif (retrieved 2026-10-11)::43.tif",input/images_512/048_ucid_43.png,9b04f863fa6b7efbc8751a0461aac8705d4bb95e5b7926c08a0c14e518e8f91b,9213297d8d4d0f06e2aa6e11c21e292b886cf57f3cc30c00b993680c2b7c4031
49,ucid,"github.com/girfa/ColorImageDatasets, UCID-1338/1.tif..100.tif (retrieved 2026-10-11)::44.tif",input/images_512/049_ucid_44.png,17edb716ba5db7bb93721344c609f5afefd316922d34a1bf03d979be9300bdce,aca3000de8a9fa21c7c1c0d069ac3325d4139054c0d1cbe21f335af3c197b3fa
50,ucid,"github.com/girfa/ColorImageDatasets, UCID-1338/1.tif..100.tif (retrieved 2026-10-11)::45.tif",input/images_512/050_ucid_45.png,8482286a264c70ce4c99ac1767b17f61f437414e0ae66b33c56edbaf8d87cc61,6cd64ccda2ae3dfa91f101c8e6744a7cc9aac175f391ee81128a2ff788488648
51,ucid,"github.com/girfa/ColorImageDatasets, UCID-1338/1.tif..100.tif (retrieved 2026-10-11)::46.tif",input/images_512/051_ucid_46.png,89814befd751ea6b770a8db518ee900bc11c93356d1ef908c447e7127eed1de2,5db97938ded4c72153890d832643af71cd3b13181a5acf129630b82826eb0f39
52,ucid,"github.com/girfa/ColorImageDatasets, UCID-1338/1.tif..100.tif (retrieved 2026-10-11)::47.tif",input/images_512/052_ucid_47.png,868109f82b786f71dbab6177a73e2d82f27f7892b9cedf4295f8c2d83cd1c1a4,e9f0cf5938d4e1aeef8c274bc65f9492aa3bfc6ffb17494c5b53d705b53e1411
53,ucid,"github.com/girfa/ColorImageDatasets, UCID-1338/1.tif..100.tif (retrieved 2026-10-11)::48.tif",input/images_512/053_ucid_48.png,6b565c4cb6a5fb46db242a5f574cd53605a6a5c7dd93e57174795ccb4048d3b0,70ac039c93b0500d2e13caa55dd2478d6e9b024f494dfc8e58674fd4099b9f16
54,ucid,"github.com/girfa/ColorImageDatasets, UCID-1338/1.tif..100.tif (retrieved 2026-10-11)::49.tif",input/images_512/054_ucid_49.png,028f5ea88323d07565be00c4dc97d374564444a477680ed75b3f2440645c79c0,51307c9ff3adfa28dc75d58303881858a25266e6ab11f3a37b8b9fe18ed784cc
55,ucid,"github.com/girfa/ColorImageDatasets, UCID-1338/1.tif..100.tif (retrieved 2026-10-11)::50.tif",input/images_512/055_ucid_50.png,392b753a5cf65e0cb841cd32c589cc5d5ff3f76168f03b151835e27ab9424f86,1028ac4e56ce324a816cb8f8be2b7a8c19fc74e3697e5f13f8cb6b31cc5fea34
56,ucid,"github.com/girfa/ColorImageDatasets, UCID-1338/1.tif..100.tif (retrieved 2026-10-11)::51.tif",input/images_512/056_ucid_51.png,864758f9d70b50415c1c220539b657658ecd7ce2a575bbe5a551274a27fc3358,896fd54d9a3804f13c4b6b87e373d06c8800d454fef9d7eb5cbc1ba75c180e3c
57,ucid,"github.com/girfa/ColorImageDatasets, UCID-1338/1.tif..100.tif (retrieved 2026-10-11)::52.tif",input/images_512/057_ucid_52.png,91d6866360eb891d47eb29cacebdae890c4bfa97a429f9cdef3b67e9d8740133,bd2bfb9abceeb761d9d9bb8a777d5c9d32e11b68c8d4bc68800474a195a9d0a7
58,ucid,"github.com/girfa/ColorImageDatasets, UCID-1338/1.tif..100.tif (retrieved 2026-10-11)::53.tif",input/images_512/058_ucid_53.png,a2550b42b31a8ef6e7141cd772852f8a3c40a15ee14e80ec849cc935b9766a74,74015cc6d138cb9e7b3beb3ceef774f512e622f21b753b2bbbbd8a6828cd19a8
59,ucid,"github.com/girfa/ColorImageDatasets, UCID-1338/1.tif..100.tif (retrieved 2026-10-11)::54.tif",input/images_512/059_ucid_54.png,1de6d338f770cd194036e902e6b844f76a80bc47fad2c335b1361b1c4f9cc69c,c34c1545620969cbea59d52014106a191d732d4085024761f639d3bcd34a218e
60,ucid,"github.com/girfa/ColorImageDatasets, UCID-1338/1.tif..100.tif (retrieved 2026-10-11)::55.tif",input/images_512/060_ucid_55.png,4f6fa468669f9c85b14167afcb386cd386bec605737108b2a5be483116d890c6,294bb4c0f34d3f674a836a7cc6340384f6e7fa8e45117bbc2b9b0a899483b4e3
61,ucid,"github.com/girfa/ColorImageDatasets, UCID-1338/1.tif..100.tif (retrieved 2026-10-11)::56.tif",input/images_512/061_ucid_56.png,e5294f198f75a4311b447fb6775976ea315d058d5c68b9143ce1d6d44385b65e,3bd2e5ed9c4ecefa27061705e7c932224e392db65b6fba831a53e3b9c8d052fd
62,ucid,"github.com/girfa/ColorImageDatasets, UCID-1338/1.tif..100.tif (retrieved 2026-10-11)::57.tif",input/images_512/062_ucid_57.png,17ee38dc939a4718196cddd093cf932661cfd9f2a057ac416ff322c12ee9bcd4,6b5713e9b4ff038d08eeaa1881ec9c73abc55c0b6fd00c324ee19520a333887e
63,ucid,"github.com/girfa/ColorImageDatasets, UCID-1338/1.tif..100.tif (retrieved 2026-10-11)::58.tif",input/images_512/063_ucid_58.png,98cd320378afa5008b2203eefb19126d41d483635614268adf7aac58b6a02482,5c0bb63f65173db0e214647902472f8d751254804dcb3738a092b56ec6513847
64,ucid,"github.com/girfa/ColorImageDatasets, UCID-1338/1.tif..100.tif (retrieved 2026-10-11)::59.tif",input/images_512/064_ucid_59.png,ab8fa2639bfb2aa9fdb6212a824aaac02665e662bb5cb75d7342072714c57dc1,78d0044ebde7db99f8ae3e7d756ae18d45e5644eb6252d9b51a76f009fe1562c
65,ucid,"github.com/girfa/ColorImageDatasets, UCID-1338/1.tif..100.tif (retrieved 2026-10-11)::60.tif",input/images_512/065_ucid_60.png,041bfe26316d473d0da0546fc34e03e42d0a220c69b2852f3cdfcf879115b272,404291c05db354f3b9b8ca68529eae4c309f70d59120df003f82c8369eb5450a
66,ucid,"github.com/girfa/ColorImageDatasets, UCID-1338/1.tif..100.tif (retrieved 2026-10-11)::61.tif",input/images_512/066_ucid_61.png,a3841a152c5672659a3e5123875f6670efc02eb17ab8ebae6ff80c39fd59aac0,7aa5a5b3016b92cc2a375445f316cc16e8fc5860097587b42281aa4ad98f5a29
67,ucid,"github.com/girfa/ColorImageDatasets, UCID-1338/1.tif..100.tif (retrieved 2026-10-11)::62.tif",input/images_512/067_ucid_62.png,21a954e03580c260077e66d23fc9486c095aff62af5ee0f7544f6f450bb531b9,64ce0fb7f008bc6faf434ca6a5d974e8c96db6cedad9ff8d32ee52c814927ad1
68,ucid,"github.com/girfa/ColorImageDatasets, UCID-1338/1.tif..100.tif (retrieved 2026-10-11)::63.tif",input/images_512/068_ucid_63.png,ab453b70da27f46f8a3121f488a1a15353dd956ff3296fa4c196ae65b8c71d36,9642169baf9b8f65971cde86c59d9f749e6a91da8dc44a2891bb541bb2dc9bc3
69,ucid,"github.com/girfa/ColorImageDatasets, UCID-1338/1.tif..100.tif (retrieved 2026-10-11)::64.tif",input/images_512/069_ucid_64.png,3cb6545205dd12aa5380a0afb1de63f00d7f4977f28be050ca40bb8539d42b91,c81fd1061572cb3b49e210d862c1ac7725557b082c50eb6e4ebe2ab52ceb4269
70,ucid,"github.com/girfa/ColorImageDatasets, UCID-1338/1.tif..100.tif (retrieved 2026-10-11)::65.tif",input/images_512/070_ucid_65.png,ff876bb0b4c12c84a392fcd3ccf1add3f04f9a9b11a01ff3eac3ac67c5a53f45,9d7497f1862b55c8e69c156d597fd16a132ccd6035dbcc8610fea2e6c4d276e9
71,ucid,"github.com/girfa/ColorImageDatasets, UCID-1338/1.tif..100.tif (retrieved 2026-10-11)::66.tif",input/images_512/071_ucid_66.png,1fc01ce4ad6dcb5acaa7bad27ed6042e621283f5a16bde8241b4ccf7721ab69e,a0b4738b0761ff8e43b7368b010823ed359b0d0915e6b5d16bee3b1904bebd3d
72,ucid,"github.com/girfa/ColorImageDatasets, UCID-1338/1.tif..100.tif (retrieved 2026-10-11)::67.tif",input/images_512/072_ucid_67.png,bba90b3c6169de6e73626e91d0d4d5f3472b34e140f5e7e6ad221506db18e244,055423653fdba70b847434c92da21c1f3e1494ddeb83eebc32571a3069fc180c
73,ucid,"github.com/girfa/ColorImageDatasets, UCID-1338/1.tif..100.tif (retrieved 2026-10-11)::68.tif",input/images_512/073_ucid_68.png,121a4add8834b1a8b4ada065de9121d2298e07451d619b04ad13e9ea4b5ed35d,d0ce05723ea1a75c525823fbb773963e2b005bc206da23518ba898bffbe16af5
74,ucid,"github.com/girfa/ColorImageDatasets, UCID-1338/1.tif..100.tif (retrieved 2026-10-11)::69.tif",input/images_512/074_ucid_69.png,894a5b9c7f07038e74ee2a8003dfef7e2f991b42e83ba1578f32e32cdc172f43,ef874b1e14e74b067a2ba4007b49ef874f8fca9038d632e2e7920ec0f23ddcd4
75,ucid,"github.com/girfa/ColorImageDatasets, UCID-1338/1.tif..100.tif (retrieved 2026-10-11)::70.tif",input/images_512/075_ucid_70.png,9fe3b5fc2ae7f922d10b491a5ddf77bb0c222d040b600c8b9bd872675c204290,e37024d2e7ca0ed5608e867cc78e6571b962ad0a8084f373a76127779bbbda08
76,ucid,"github.com/girfa/ColorImageDatasets, UCID-1338/1.tif..100.tif (retrieved 2026-10-11)::71.tif",input/images_512/076_ucid_71.png,31c57fa7b1965f892af76e83628607d08d260f61bae24c2534214048e3764f6e,5f1104f6f14c74d4c5d83b6f80af0e560a06951341fa1e7e51dd985965887ff1
77,ucid,"github.com/girfa/ColorImageDatasets, UCID-1338/1.tif..100.tif (retrieved 2026-10-11)::72.tif",input/images_512/077_ucid_72.png,f1a3932a89d806606c4c850e012555fea682436bee147d868253ee947e591786,45ccab2cdd9545b8f6898971d92d40b981d54f1dfcf59de56d98880a2352a79c
78,ucid,"github.com/girfa/ColorImageDatasets, UCID-1338/1.tif..100.tif (retrieved 2026-10-11)::73.tif",input/images_512/078_ucid_73.png,ffecbedad5f8f8148dd663719a37537114ea01bf4a26280af8e660e0f5290789,fe54cd8e172c7de95bb36e442705d84debdf576b7264a66a06f84ee50425994c
79,ucid,"github.com/girfa/ColorImageDatasets, UCID-1338/1.tif..100.tif (retrieved 2026-10-11)::74.tif",input/images_512/079_ucid_74.png,1b2792069ae673f5103962aedfd1c4e222c9db4ab9842fa2bb6e5cb8723ec055,f9930fa5957e73649c69a209867fef26162734c2666864b3236575d1c1a7892d
80,ucid,"github.com/girfa/ColorImageDatasets, UCID-1338/1.tif..100.tif (retrieved 2026-10-11)::75.tif",input/images_512/080_ucid_75.png,3f21a1ebd75f21ffc3721d5017f35001aebbdef106ae6176d33bce7b211d2162,e66d1f6958a3212241adb5b59dd92308ebf9ec3c4158b8dcf8fa2849d9e331fd
81,ucid,"github.com/girfa/ColorImageDatasets, UCID-1338/1.tif..100.tif (retrieved 2026-10-11)::76.tif",input/images_512/081_ucid_76.png,21d9970bafc25d92658d7cfa8256b92f1845de4fd1ba539dbd219af3244788e3,48b52c05028cf9e847211446e72545d486ecb2e1599b63f3660e1ba644a6daa5
82,ucid,"github.com/girfa/ColorImageDatasets, UCID-1338/1.tif..100.tif (retrieved 2026-10-11)::77.tif",input/images_512/082_ucid_77.png,a09154e195bcd472207774cb2db3f5090c0c930ad5cd1c1e1db1de3520ee3ac4,1b8879b153e42336d63d39bc90b5a2fef200f9bcf65dfab8bba36715036aaf2b
83,ucid,"github.com/girfa/ColorImageDatasets, UCID-1338/1.tif..100.tif (retrieved 2026-10-11)::78.tif",input/images_512/083_ucid_78.png,3dd009da2cade34aea49c987065f30b1f77393eca6cae0501666ad5da41fbe20,b90cfaa5f54914099ce9573162749fd0559a00e03183a1802bf422de7fe54519
84,ucid,"github.com/girfa/ColorImageDatasets, UCID-1338/1.tif..100.tif (retrieved 2026-10-11)::79.tif",input/images_512/084_ucid_79.png,ffb28a08a1d9155a7929f0ba6cd5a7cdb8c81d4bf5ac892fbe2258907671fe93,4de5527cbeaeda70fb4c138cacf79f1066eb2bbfc71b895795c23559984cde26
85,ucid,"github.com/girfa/ColorImageDatasets, UCID-1338/1.tif..100.tif (retrieved 2026-10-11)::80.tif",input/images_512/085_ucid_80.png,b815bc61a2f110c2642721d51a870fd9f0d70ae52736bb4b369fb95bee3db645,48f85c7efe098a3344627482b92fc795b3819c3a5854a8766ce0fe3b40dbae18
86,ucid,"github.com/girfa/ColorImageDatasets, UCID-1338/1.tif..100.tif (retrieved 2026-10-11)::81.tif",input/images_512/086_ucid_81.png,b1d28554ed017a63eb6b14f2b17f52c981866783edb1f9d4aed8af344d88fe8c,5c0b9b546d75fd8d0b30edd6488665af1b320e58d7db62d6a57e22af50dc24c3
87,ucid,"github.com/girfa/ColorImageDatasets, UCID-1338/1.tif..100.tif (retrieved 2026-10-11)::82.tif",input/images_512/087_ucid_82.png,276d9d535e99e5093642a3b0891e9bd5e2168ceddb442051652a0e7a72158a32,de993cb343e2a4bad8f4d4eae77e980eed7bae7dab5f60311e4f34e43a6a543d
88,ucid,"github.com/girfa/ColorImageDatasets, UCID-1338/1.tif..100.tif (retrieved 2026-10-11)::83.tif",input/images_512/088_ucid_83.png,c79ee10c2f661f97bd9d5790f73853681dde9523ec885ec5950875c8bf966645,12c9495b4fb62622b059428c8bc9720fa3852892a151681ee276a110b1ae8101
89,ucid,"github.com/girfa/ColorImageDatasets, UCID-1338/1.tif..100.tif (retrieved 2026-10-11)::84.tif",input/images_512/089_ucid_84.png,5071231970f5f3285d117b2b5f0e896a41f60abc278eafb6d77122bc3b2dd01d,8a5554f0a815a6015549347d686dc291df72748d1f1c4104a6196799d31e4ad6
90,ucid,"github.com/girfa/ColorImageDatasets, UCID-1338/1.tif..100.tif (retrieved 2026-10-11)::85.tif",input/images_512/090_ucid_85.png,2488a27ad7ffe941c4d441ef0b21e43e5bef9fbec01139e3dd360d1f3f6b9037,7229c109806a699ce9d08c64e9dc4771bbbf70861be74485dca9849b29c6d91b
91,ucid,"github.com/girfa/ColorImageDatasets, UCID-1338/1.tif..100.tif (retrieved 2026-10-11)::86.tif",input/images_512/091_ucid_86.png,9c885047d5851f4e364ca581cd8119aa5f68cd3303946c733905815c167ff983,fe245dbcde6b4a2c37a13c2fe1fe1e38b381fd99766fcbb8a1c28dbc4b6abc27
92,ucid,"github.com/girfa/ColorImageDatasets, UCID-1338/1.tif..100.tif (retrieved 2026-10-11)::87.tif",input/images_512/092_ucid_87.png,77d12dac0becf9c7346225e78b847d13f87856afeff8bc436602dae93d2c3890,bd2b8a43d278710eff5d29b4546a3a6978c87f4b78692b2fa03670fb4d83730f
93,ucid,"github.com/girfa/ColorImageDatasets, UCID-1338/1.tif..100.tif (retrieved 2026-10-11)::88.tif",input/images_512/093_ucid_88.png,c1e8af06d974e55ee32fbe4eeae8085bf9fec669d7a37f215634af5a0c19f65b,32141c220758efc8f2e0178da4479b3edee0e0a0f6fe5ac73bcc129a2eb56d11
94,ucid,"github.com/girfa/ColorImageDatasets, UCID-1338/1.tif..100.tif (retrieved 2026-10-11)::89.tif",input/images_512/094_ucid_89.png,a81fdcd1a180d09cd2c44ca029c7e9fdac817a6100be5d78adedc0b53263148b,a37bb92b3d811860b6357927a3d91a37dcb0c1b5169eb660921c02b7b27119ac
95,ucid,"github.com/girfa/ColorImageDatasets, UCID-1338/1.tif..100.tif (retrieved 2026-10-11)::90.tif",input/images_512/095_ucid_90.png,e35c02301d640e37408dd6dc67ec3395a1d367d0834a7c8fbf53953faa11350a,1e912f97b68e4cdecd92887bafd318a6ca55e346e308dc3098e0a7a7cbc5ebe5
96,ucid,"github.com/girfa/ColorImageDatasets, UCID-1338/1.tif..100.tif (retrieved 2026-10-11)::91.tif",input/images_512/096_ucid_91.png,f3186143c886487f03d40aad540f5b77ac90b8a98ea56e30ceb5ba543a8e138c,f5e294745dc26b207f9e66d9b3b7eb7d324dfda007872646035db945c345aab5
97,ucid,"github.com/girfa/ColorImageDatasets, UCID-1338/1.tif..100.tif (retrieved 2026-10-11)::92.tif",input/images_512/097_ucid_92.png,f68406281df49448f8b496f2f3abb648360439e7326d077bad9486d8b10afcec,1e4511c4d2a0c9eae0b9e46b347f4448ac647693b96fc9ce949854334d695a1e
98,ucid,"github.com/girfa/ColorImageDatasets, UCID-1338/1.tif..100.tif (retrieved 2026-10-11)::93.tif",input/images_512/098_ucid_93.png,b487bfaf9ee781695bb12817f7c0bc487489eac53ee2034987d380706b8ead94,26cb977a6b8571b056d2e8548093409aae3a733b3f01e9c7567f3213204557b2
99,ucid,"github.com/girfa/ColorImageDatasets, UCID-1338/1.tif..100.tif (retrieved 2026-10-11)::94.tif",input/images_512/099_ucid_94.png,73e40df7641704c6ac757c57c15a794964426c9b4ddaa40bef9f77de1e6c1b8e,710060ab622deaa95d58defc5bc42bcd3defbad17e009fb606999019db3de5db
100,ucid,"github.com/girfa/ColorImageDatasets, UCID-1338/1.tif..100.tif (retrieved 2026-10-11)::95.tif",input/images_512/100_ucid_95.png,a36a2b729a8377ea145c86d0535bb32b57b4a44bd5b1aa64dc11aa3592ba4add,50223a6ebfe671168b22e8ce077499c5faa5cf7c1252a5848cb951131a759506
101,ucid,"github.com/girfa/ColorImageDatasets, UCID-1338/1.tif..100.tif (retrieved 2026-10-11)::96.tif",input/images_512/101_ucid_96.png,b176865ec252498ec9ba143444b6a5a32cd7a732c60379ede3c227d0b7fba6e9,b7c811101d8f0c30ec1d7f3787a283a83aee5ae49079897c2fba2dfda475e77a
102,ucid,"github.com/girfa/ColorImageDatasets, UCID-1338/1.tif..100.tif (retrieved 2026-10-11)::97.tif",input/images_512/102_ucid_97.png,41070aae39404ff77cf50d00b13db91c3978f476595bd9e2ecd170d5d782324f,2c8a30b5203232ecfb0691383603eeb3a68492510c391053efc5bc6817ded05a
103,ucid,"github.com/girfa/ColorImageDatasets, UCID-1338/1.tif..100.tif (retrieved 2026-10-11)::98.tif",input/images_512/103_ucid_98.png,5fe694f697d0c07b6e4dbf0d0c5940de9aa78756558ae71cfbd65890ce30c82c,cf602251d84f9ca3682ecf21d2b4c75bc097b25832cddde4d3a0666152a16d89
104,ucid,"github.com/girfa/ColorImageDatasets, UCID-1338/1.tif..100.tif (retrieved 2026-10-11)::99.tif",input/images_512/104_ucid_99.png,dfb45085c282fb44ccdf899ac2f6811e00da4bfa58ed5c5159a2485f41268f1f,54ae214344101083802cbd0980cc704e35629ac96f380b7382b6cc01ae3d24cf
105,ucid,"github.com/girfa/ColorImageDatasets, UCID-1338/1.tif..100.tif (retrieved 2026-10-11)::100.tif",input/images_512/105_ucid_100.png,5dd0aa53994974dee05f5b095e7fb93c132d872bc669acd4e8811f8011e6c09c,89333380a55a4b89dfcf143b57299e206f6b07912218a555b129b132994f8a98
