stream_index,image,image_sha256,key_hex,identifier_mode,image_identifier_hex,upsilon_p_sha256,upsilon_s_sha256,ciphertext_sha256,block_size,chaotic_bits,ciphertext_bits
1,input/uct_colour/airplane.tif,a7405a85dc79ba2207e04c2544d55b6fce0eb29e9293768db1aee663bee44e35,ac6957c428d28a80a2204ad99a113eec8fce7336be893c68ec35887ce1c16d86,automatic SHA-256 identifier from plaintext RGB pixels,c656db735da63cdf18a806ebe62946ce654be1621fb03eacb4338a226b5b4923,e2a894bf9ab7a913110ccd0a83dc88fc6f4b96ffd845b69d522d6582a38d7411,408529070f26392629c15cc8a9794c16f8be9ff469e1896c1ad7d5cb3dcc46d1,1d02be60ccf4602b5130de1369b844e08c5eb43eb6f61678b6f87b5332c0fb24,16,1000000,1000000
2,input/uct_colour/baboon.tif,a511e253857a0bfd85137d3b35d6f4e6140b0c3288ca8d56f1f5c39aff59e694,ac6957c428d28a80a2204ad99a113eec8fce7336be893c68ec35887ce1c16d86,automatic SHA-256 identifier from plaintext RGB pixels,d165ba1ebfb4c4f137f9da75ad1b4a9491863ebbaf1a0744a67b3dd24cc19289,eb3092f6f53f437af5be990d2ef54cf0cf5f21f4a919f9482a4d51294fef0bae,bc8b0843ffc209c3c01881a1eec78db1e83c62468773ec8edc5079854631c31d,44c7b94e6c950f217888bfcc51f0ad2e7fae929a47f1024c8c8763e0bf88f4f5,16,1000000,1000000
3,input/uct_colour/couple.tif,c75bd6c1b56d0ae750a2c80e98d59e3da845cf9d2b9f399bc7929ae516d5e5ea,de7a99f199958de1745d8bb0f21cdf9c650b92d51678985d903dcb1daf2e0e5a,automatic SHA-256 identifier from plaintext RGB pixels,4a4b75944de74e2a1858e5fd5e7fd61d16feb9ab69e22d52d1a5c2b5eebc1628,73f39d418da2503a8ad597c43352215ed3004cd759fa96a15d9dc23cb46860ec,c775fbbd58ca6635416509ab94601944cbcf95afe7565c68edc91ca7745f58ec,4c11c9caa2ad9335e36fe0477efcb3f178c9a3a5ee11f263429ad88348955206,16,1000000,1000000
4,input/uct_colour/girl.tif,5db47357a2d9f1014cd511e7276a84c54ffbf584d0651ab166005f231c2bdedd,6bd84129af80aa951dbed4ebfdc43f05f72e5171426108c5b48998fcb215d985,automatic SHA-256 identifier from plaintext RGB pixels,c2af2de34a808407f10938f2a623f2c311e2d421123c8983452f49dd8afbbdfc,c2cef729ee69a6527c6f8b16042a89e0785d02167c3a25463c6ccb833f4f8fd5,8a77ceb1de3ea48550b5f9a140f1e6abcddc22d9f1f5f763db00c20b66f7b15b,1dda657fb940a26485ab654a02c56e20c2a9df6f28eba825f3a69f07181cde0b,16,1000000,1000000
5,input/uct_colour/lena.tif,c878c0dc0b46bd7a13d0d183467b74752165e39c7b86f627666ad637da6be500,a1555a159b2abbd198ca138cea7bca9271fdfb7ee0547a078f8a32f87f0c4ef3,automatic SHA-256 identifier from plaintext RGB pixels,2838f165811fdd67a04ecac94fd423ebe64388840652e8d07ed635d2fba53a17,484f09bff69d3125f0f95138ec4a96d44e12a6288df05205915b04be01678c6e,1e77a88a8a2d53c040f257ad2ae34aef41a5ae3b0b25960cb499b5bc8bce3fa3,3f1abd4fe7b87f3283e93dc590124dc484a14fcbdb20cae61df2ec97cfc48d96,16,1000000,1000000
6,input/uct_colour/peppers.tif,5350521bbe3522935ed1f87e43532fafb679f5fea3419de13695a2e4da63ba46,f360a22e1cabfd08807b2d7f2ed0382b66d1f06466ee026435b3eea79682f88a,automatic SHA-256 identifier from plaintext RGB pixels,a4a6abcf048b9044bf7bef2518c48c85e4e07c39a821f720cbdf31d3af85049b,6027077a14ca94c1b70c6643aeccc9e092b90c58764550c02169f846986e9cff,13bf1349fd63d029d697feff1b1b00448ea1e9636c828bbcb0d10cea43c60227,ef75b4bde89c5d1d0ce106561d1f5d9b0048023e4e3a918b19bc9edcc1cc8dbf,16,1000000,1000000
7,input/uct_colour/airplane.tif,a7405a85dc79ba2207e04c2544d55b6fce0eb29e9293768db1aee663bee44e35,8d34661b6a4194e8593ead3be003a2b09e1dbcd4df03a6d24abda99cc8660fef,automatic SHA-256 identifier from plaintext RGB pixels,c656db735da63cdf18a806ebe62946ce654be1621fb03eacb4338a226b5b4923,ea56bb08eb01d9effc9e415556ce21e37bec2f9ad75c96ff4834f6f63d10e6d1,01c4c9cae4391819b4e2d50acd03e7987faf6f943e6b9d8f315ba57d87929075,159a8c40a6fdecfd0ff93e922fc917186839d8a6a2b3831f98a99c60295b5b7a,16,1000000,1000000
8,input/uct_colour/baboon.tif,a511e253857a0bfd85137d3b35d6f4e6140b0c3288ca8d56f1f5c39aff59e694,f16513bfd53ef170debe7c086294c7a59d97e728b1472f9dca4c5a6dc1e227d1,automatic SHA-256 identifier from plaintext RGB pixels,d165ba1ebfb4c4f137f9da75ad1b4a9491863ebbaf1a0744a67b3dd24cc19289,5f5408aff4e5bff7edeee03086ac15c74be31c108db6ea3a376aa37b3f20d48f,65154ef599125ebaf6e2d2c783e583e6689bc9de9177298ba2f689d6d2ad0d30,75879b85a077fad618ac0971c1d3639143dd2c26d563892be8c04139cd9f55ba,16,1000000,1000000
9,input/uct_colour/couple.tif,c75bd6c1b56d0ae750a2c80e98d59e3da845cf9d2b9f399bc7929ae516d5e5ea,6644f3893a275513a823f58babf5e29bf78ba57c3ca6c36cd90ed534a0062030,automatic SHA-256 identifier from plaintext RGB pixels,4a4b75944de74e2a1858e5fd5e7fd61d16feb9ab69e22d52d1a5c2b5eebc1628,b48934184c42694ed1f368231f99443e071bff53a717cd87f2e6bf9f03c22401,3c28d420e70466fbc6646516139492da257ae4db9ebdc996a04d15b195583484,d608709c7e8fb17c20dfdb1af83baeef896a45fff2fb968c75b2354bc189f995,16,1000000,1000000
10,input/uct_colour/girl.tif,5db47357a2d9f1014cd511e7276a84c54ffbf584d0651ab166005f231c2bdedd,418482056125aa97fb638230fdc4d7f821ef280b283d0b1d1c4ea5851c4ff95f,automatic SHA-256 identifier from plaintext RGB pixels,c2af2de34a808407f10938f2a623f2c311e2d421123c8983452f49dd8afbbdfc,e8f8191e60cb510e2cdf2cc2eb6bdf6e896babd8930d592e5719e4124ba2387b,44d820a6d16f0067f4cd9b9ce349fa0ee40223a91c467e7c9438ebc1169b4fff,69ca833ea1325b6180c1a8c7dce4181a4b255440fd69fb9035adda4b43a8efe7,16,1000000,1000000
