stream_index,image,source_image_path,source_image_file_sha256,processed_image_sha256,image_id_sha256,user_key_sha256,step1_sha256,step2_sha256,final_marked_sha256,recovered_sha256,mode,clean_authenticated_exact_recovery,step2_stream_sha256,final_stream_sha256,stream_length_bits
1,airplane,tpe_rdh_reproduction/input/uct_colour/airplane.tif,515d0a5105047916be9faed513330046be41a61f4b155e854731e512ce1f4c4a,a7405a85dc79ba2207e04c2544d55b6fce0eb29e9293768db1aee663bee44e35,06dd11ef6dfe7ef11db64c64bae199d24241725ff84d3f95dd7baee36d305fe5,1e61df815c971d8e4350972b4381b38538d3b4dea23a93511d25bda9ab249505,7975f676f3b80758f3ebabbd4d4837e6cfab6876f4992b957be5204f2389218c,a9f613a560b394981f8f6cbed83afa3d6ab5e427bfc1aa01fb8f6f94c55c008d,759bdaa6765bf746d7a1c3969b835c88d1ed8417ae23afa24d689fdb29934d28,a7405a85dc79ba2207e04c2544d55b6fce0eb29e9293768db1aee663bee44e35,group,True,32145c0d8356d1f13dbd7a384d29a6a245842d35ee4a9cb52164c82649b0ae4f,9847cc8e4a8bef4a4ec64511ef84015628d215c1f862add616d3932b573f3e31,1000000
2,baboon,tpe_rdh_reproduction/input/uct_colour/baboon.tif,cd4456f2562dc352acee627428eb4e2ccaed5f53082ce0838d9fff6b8a3e3517,a511e253857a0bfd85137d3b35d6f4e6140b0c3288ca8d56f1f5c39aff59e694,82fe8739e3d9ac256c4db0b994d4a202c2853a235bfd4934ea4107291ea96ff8,1e61df815c971d8e4350972b4381b38538d3b4dea23a93511d25bda9ab249505,022c42c6e3c24d1be67919d8364c4b79fe9e157ba76b2e2cccf1941002a7b921,f12d5ddbcf952c77afa83504230945b1b171614e882dcad88900d3a5ddbc3858,d3c9e504521925a988d44bc970d3bc47b4acf532ec8e48bb34687739ff10d747,a511e253857a0bfd85137d3b35d6f4e6140b0c3288ca8d56f1f5c39aff59e694,group,True,edbfd4319be6dc0cbdc2fa92c33a7db7a6c1a7d7a0260c21b63c4def69dc5986,14847866a49a9d317bff6ee9130031777d1335fb2e7b513350d1a690dd95722a,1000000
3,couple,tpe_rdh_reproduction/input/uct_colour/couple.tif,e1760e29f10762fe60349e2848b01065b69784d04848606dd8644b6a9a893288,9f9ad1112f91344bfb0fa1fb6bbbbf63b7470f39e250f975e2586dc3f0cdff97,331291e1c0858d98a075d93436bb976f161d68f9063ff5f14b09343e7a0658ed,5becef96fad89d0345b64a29d08ea68482bef9b040da4f7c7706098ce69dd280,61c368f4385666f92c47ae0b8c73a804755ffc85685b19e6303afc8f50ca2c13,aeb285b5f94d78450ee644b9e2297637ed2e4f03b8b1405df66bb593bbe12ec7,1751c085ee2ad5d53f7b4a351709770ba2295013207d6a33a9e734ea50bb2d90,9f9ad1112f91344bfb0fa1fb6bbbbf63b7470f39e250f975e2586dc3f0cdff97,group,True,a6b15989b04240d36ac446eb34f12093c55f07861c154940c4123266372b70be,06b9197739e82883c0d5c49f7d34218edb478e80eb30665b109d6c07ef17f18b,1000000
4,girl,tpe_rdh_reproduction/input/uct_colour/girl.tif,d044fcfbea02123efdc167e596f45e839c39c2e1ca2ff841710ef4db15bc4dfb,a9b54310f3477ac2060d80f1d6de6af596706916c1057ded797a72369b29236e,9f6dbfbc65aaa8cd30e1521756f7a826f7f007f6591050ecc308ddd6e1e2fc16,1f51afa30da4d350024d4c39f7334e0c26ff8e0bf3b070d23dee6726b12d70b8,ee8e29636ed80526c45a7ac1c72f11787d6c5b0e212ea45521965c0fb693aa12,d981f769b9050a7e729f6c66d70a0fae73f336986aa968a46fbcdd835a75c07f,84394306cc868a6da2ea9af69e045fb6ade39c638539f9653d0a17355ff5f61a,a9b54310f3477ac2060d80f1d6de6af596706916c1057ded797a72369b29236e,group,True,c55db50fcd7e5a248500cbfac6e5bb6cea8c8919264bdbb49912af85dc8aebc6,95474c363a1623008f6806993f7ff8fbf302dc0c7d7ff75387143f6e786a2851,1000000
5,lena,tpe_rdh_reproduction/input/uct_colour/lena.tif,d5cd280e7e970a31828fe2c91ead6c8ce3ea257d04b6eabbd8e254c6e1cce255,c878c0dc0b46bd7a13d0d183467b74752165e39c7b86f627666ad637da6be500,1541faff6cfefabf9789a9dc069d648078d0556c0602fb5e6d967967bc8ffcc0,1f8ddfd5fc4a80c858bba8b336580899bdc0cc0160efba502c4bf4a6713c63e2,47d796de801a9220f7976822bbaf01437c2f933d600804109679d6e2592ad796,076d7f9a5d163978bc87f528e23619ea1081baa3953c2b3ff2f2ed4ba6738375,408506e3beef1c994c5944a3b9f17451a5e035dd5e75c23ad21cb6573f4424a8,c878c0dc0b46bd7a13d0d183467b74752165e39c7b86f627666ad637da6be500,group,True,9b486e0405107bfc956cc5e76d0f08ed8560e4dd29474e8572e56e382fdd48b0,14b22ebe22444ee645a91a1dd1f4946fbdbb7460df180eceb317af903edb537d,1000000
6,peppers,tpe_rdh_reproduction/input/uct_colour/peppers.tif,208e8c6542e91a1b3d7d9457626b7577fc0d21affeb800435858cc83f2537649,5350521bbe3522935ed1f87e43532fafb679f5fea3419de13695a2e4da63ba46,0fe9e7e2b2f49e37defba2b3eb25379a0a1b0a0658142a86c95192ac75ea30a7,b1ad1e7fd082865ac2fb2d610b585920aeefe8204c31bdd091b07ed5b9f7e452,e03edc81a031cb3a535f01fef86111f3f2c0fba025fa2c992885f744b4aaa798,2da41b3ae0931d7b96881e49b7d4a46e82fb43339a786c124b4b1d88e2f8d92b,12bfde2a054b922772338e316150492f2d8ddd9dd07c4409dbfa9ba28d2945bc,5350521bbe3522935ed1f87e43532fafb679f5fea3419de13695a2e4da63ba46,group,True,7d279e33f2cc96d4406e430bb59d2c4047ecbbf2cf4fe569a92920b2440b6934,951bdad13e6bbf0b93fb1cb8d35b28c369eb249a965208fa70c6cc11be0a3f3f,1000000
7,airplane,tpe_rdh_reproduction/input/uct_colour/airplane.tif,515d0a5105047916be9faed513330046be41a61f4b155e854731e512ce1f4c4a,a7405a85dc79ba2207e04c2544d55b6fce0eb29e9293768db1aee663bee44e35,06dd11ef6dfe7ef11db64c64bae199d24241725ff84d3f95dd7baee36d305fe5,18db4008dea739a9defd377f725d73faa948fc5a8c9dc6b97d5a7dbfe33bbcb3,9b3a6443f24bb5d969cfa5c4b1ffae668aa0f4d53c9dde0b90da8377a55dfdc6,24e796224e66406438517f548b1c7e86b681b733aaca8c294ef89eb95022312e,5399f1b1acbe07d44b17606453e6cc5d289150b5c17a3450d6ce04d1910c4954,a7405a85dc79ba2207e04c2544d55b6fce0eb29e9293768db1aee663bee44e35,group,True,a1705d07d4f39836163a822cf0ceff3653818a6064c33fa2d8e1a496ddbda33d,996d59cdc47d46ff509e19cc2750d25abeeb0a98b63747245f8a818062e2c811,1000000
8,baboon,tpe_rdh_reproduction/input/uct_colour/baboon.tif,cd4456f2562dc352acee627428eb4e2ccaed5f53082ce0838d9fff6b8a3e3517,a511e253857a0bfd85137d3b35d6f4e6140b0c3288ca8d56f1f5c39aff59e694,82fe8739e3d9ac256c4db0b994d4a202c2853a235bfd4934ea4107291ea96ff8,c958ab57fd976d4e511de66a50aef172c39f72eba3ecbdbaa231fb7fa3d0af92,5e0aa8c6f1e4b23be6b9a10febdd441f1c1c840b290f3eedf1ec49dede1a80ff,af7bc04ab0e5962d5de1a2188d038fe3f3a1d7d31cae11fd155150c6f2688e8f,cc03c988a5c6cc328e281a2bcb7ab14ebe10adc49cbff3e371904bac8f2a9666,a511e253857a0bfd85137d3b35d6f4e6140b0c3288ca8d56f1f5c39aff59e694,group,True,5d086c297698793ee0aa06507fa6d5fb9760c33cf93af85dac6dd9776a91ed2f,cf0a62ed72d598d17deb173d7465d6e9a25378479558c2329387f1ad46906312,1000000
9,couple,tpe_rdh_reproduction/input/uct_colour/couple.tif,e1760e29f10762fe60349e2848b01065b69784d04848606dd8644b6a9a893288,9f9ad1112f91344bfb0fa1fb6bbbbf63b7470f39e250f975e2586dc3f0cdff97,331291e1c0858d98a075d93436bb976f161d68f9063ff5f14b09343e7a0658ed,e771c6bc8e783e9ee44cc9f98df35ae58a49a689e1b51932f07a6244497b7c9c,03280a3a72f207477f9a0326d82cabe034f780016610a384f9549254a8c4c955,07e5796fc2cab85d691d86ffb690f3f74182aff419555404f5ae9e8894131146,dde826447486d30c8a1585d681ed115dc0af39f90e4825a9e919a90d0b445290,9f9ad1112f91344bfb0fa1fb6bbbbf63b7470f39e250f975e2586dc3f0cdff97,group,True,7797dc56c3ca5dba198dd12665ed184b52696defc09de1f413adc28f5f3448cd,9e3597cd8a71b7a4c688d5c97a8549d3c18efa8ea02dc72686f610492dfeccb9,1000000
10,girl,tpe_rdh_reproduction/input/uct_colour/girl.tif,d044fcfbea02123efdc167e596f45e839c39c2e1ca2ff841710ef4db15bc4dfb,a9b54310f3477ac2060d80f1d6de6af596706916c1057ded797a72369b29236e,9f6dbfbc65aaa8cd30e1521756f7a826f7f007f6591050ecc308ddd6e1e2fc16,075dc3b6b314dd3d8c28f5c7ad97a1e806b21808028398139acfab4df0e30f33,60d97bfc9742aecca3bc52cbe70854a0bf0c87e094bd482f3f8cb84a53cc3994,3da8734cffee78b873ffa9678e23fb991c6ff3f37ba0288af7944330662324ad,43984176a801033d82977d0f6b01e5730ba8f9e9a32e996044b3fbe98e47a590,a9b54310f3477ac2060d80f1d6de6af596706916c1057ded797a72369b29236e,group,True,1da4fe055a2d77c68a63b8ea401056a52ac28404ad2245b9a7ff0b3e9c8e9fbc,d655d5b3ce525b2ae68b511352fcb6ac8dc51248ae91df2121edbd133cbe4308,1000000
