category,test,component,valid_streams,pass,fail,not_applicable,pass_proportion,nist_3sigma_lower_bound,below_nist_approx_bound,exact_binomial_upper_tail_p,holm_adjusted_p,holm_reject_at_0_01
hmac_drbg,Frequency,component=1,100,99,1,0,0.99,0.960150376887,False,0.633967658727,1.0,False
hmac_drbg,BlockFrequency,component=1,100,100,0,0,1,0.960150376887,False,1,1.0,False
hmac_drbg,CumulativeSums,forward,100,99,1,0,0.99,0.960150376887,False,0.633967658727,1.0,False
hmac_drbg,CumulativeSums,reverse,100,99,1,0,0.99,0.960150376887,False,0.633967658727,1.0,False
hmac_drbg,Runs,component=1,100,99,1,0,0.99,0.960150376887,False,0.633967658727,1.0,False
hmac_drbg,LongestRun,component=1,100,99,1,0,0.99,0.960150376887,False,0.633967658727,1.0,False
hmac_drbg,Rank,component=1,100,97,3,0,0.97,0.960150376887,False,0.0793732022522,1.0,False
hmac_drbg,FFT,component=1,100,99,1,0,0.99,0.960150376887,False,0.633967658727,1.0,False
hmac_drbg,NonOverlappingTemplate,template=1,100,100,0,0,1,0.960150376887,False,1,1.0,False
hmac_drbg,NonOverlappingTemplate,template=2,100,100,0,0,1,0.960150376887,False,1,1.0,False
hmac_drbg,NonOverlappingTemplate,template=3,100,97,3,0,0.97,0.960150376887,False,0.0793732022522,1.0,False
hmac_drbg,NonOverlappingTemplate,template=4,100,100,0,0,1,0.960150376887,False,1,1.0,False
hmac_drbg,NonOverlappingTemplate,template=5,100,100,0,0,1,0.960150376887,False,1,1.0,False
hmac_drbg,NonOverlappingTemplate,template=6,100,100,0,0,1,0.960150376887,False,1,1.0,False
hmac_drbg,NonOverlappingTemplate,template=7,100,99,1,0,0.99,0.960150376887,False,0.633967658727,1.0,False
hmac_drbg,NonOverlappingTemplate,template=8,100,100,0,0,1,0.960150376887,False,1,1.0,False
hmac_drbg,NonOverlappingTemplate,template=9,100,98,2,0,0.98,0.960150376887,False,0.264238021077,1.0,False
hmac_drbg,NonOverlappingTemplate,template=10,100,100,0,0,1,0.960150376887,False,1,1.0,False
hmac_drbg,NonOverlappingTemplate,template=11,100,99,1,0,0.99,0.960150376887,False,0.633967658727,1.0,False
hmac_drbg,NonOverlappingTemplate,template=12,100,100,0,0,1,0.960150376887,False,1,1.0,False
hmac_drbg,NonOverlappingTemplate,template=13,100,99,1,0,0.99,0.960150376887,False,0.633967658727,1.0,False
hmac_drbg,NonOverlappingTemplate,template=14,100,100,0,0,1,0.960150376887,False,1,1.0,False
hmac_drbg,NonOverlappingTemplate,template=15,100,98,2,0,0.98,0.960150376887,False,0.264238021077,1.0,False
hmac_drbg,NonOverlappingTemplate,template=16,100,100,0,0,1,0.960150376887,False,1,1.0,False
hmac_drbg,NonOverlappingTemplate,template=17,100,99,1,0,0.99,0.960150376887,False,0.633967658727,1.0,False
hmac_drbg,NonOverlappingTemplate,template=18,100,99,1,0,0.99,0.960150376887,False,0.633967658727,1.0,False
hmac_drbg,NonOverlappingTemplate,template=19,100,99,1,0,0.99,0.960150376887,False,0.633967658727,1.0,False
hmac_drbg,NonOverlappingTemplate,template=20,100,99,1,0,0.99,0.960150376887,False,0.633967658727,1.0,False
hmac_drbg,NonOverlappingTemplate,template=21,100,99,1,0,0.99,0.960150376887,False,0.633967658727,1.0,False
hmac_drbg,NonOverlappingTemplate,template=22,100,100,0,0,1,0.960150376887,False,1,1.0,False
hmac_drbg,NonOverlappingTemplate,template=23,100,98,2,0,0.98,0.960150376887,False,0.264238021077,1.0,False
hmac_drbg,NonOverlappingTemplate,template=24,100,100,0,0,1,0.960150376887,False,1,1.0,False
hmac_drbg,NonOverlappingTemplate,template=25,100,96,4,0,0.96,0.960150376887,True,0.0183740364446,1.0,False
hmac_drbg,NonOverlappingTemplate,template=26,100,100,0,0,1,0.960150376887,False,1,1.0,False
hmac_drbg,NonOverlappingTemplate,template=27,100,99,1,0,0.99,0.960150376887,False,0.633967658727,1.0,False
hmac_drbg,NonOverlappingTemplate,template=28,100,97,3,0,0.97,0.960150376887,False,0.0793732022522,1.0,False
hmac_drbg,NonOverlappingTemplate,template=29,100,99,1,0,0.99,0.960150376887,False,0.633967658727,1.0,False
hmac_drbg,NonOverlappingTemplate,template=30,100,99,1,0,0.99,0.960150376887,False,0.633967658727,1.0,False
hmac_drbg,NonOverlappingTemplate,template=31,100,100,0,0,1,0.960150376887,False,1,1.0,False
hmac_drbg,NonOverlappingTemplate,template=32,100,99,1,0,0.99,0.960150376887,False,0.633967658727,1.0,False
hmac_drbg,NonOverlappingTemplate,template=33,100,99,1,0,0.99,0.960150376887,False,0.633967658727,1.0,False
hmac_drbg,NonOverlappingTemplate,template=34,100,100,0,0,1,0.960150376887,False,1,1.0,False
hmac_drbg,NonOverlappingTemplate,template=35,100,96,4,0,0.96,0.960150376887,True,0.0183740364446,1.0,False
hmac_drbg,NonOverlappingTemplate,template=36,100,99,1,0,0.99,0.960150376887,False,0.633967658727,1.0,False
hmac_drbg,NonOverlappingTemplate,template=37,100,100,0,0,1,0.960150376887,False,1,1.0,False
hmac_drbg,NonOverlappingTemplate,template=38,100,98,2,0,0.98,0.960150376887,False,0.264238021077,1.0,False
hmac_drbg,NonOverlappingTemplate,template=39,100,99,1,0,0.99,0.960150376887,False,0.633967658727,1.0,False
hmac_drbg,NonOverlappingTemplate,template=40,100,99,1,0,0.99,0.960150376887,False,0.633967658727,1.0,False
hmac_drbg,NonOverlappingTemplate,template=41,100,99,1,0,0.99,0.960150376887,False,0.633967658727,1.0,False
hmac_drbg,NonOverlappingTemplate,template=42,100,100,0,0,1,0.960150376887,False,1,1.0,False
hmac_drbg,NonOverlappingTemplate,template=43,100,100,0,0,1,0.960150376887,False,1,1.0,False
hmac_drbg,NonOverlappingTemplate,template=44,100,97,3,0,0.97,0.960150376887,False,0.0793732022522,1.0,False
hmac_drbg,NonOverlappingTemplate,template=45,100,97,3,0,0.97,0.960150376887,False,0.0793732022522,1.0,False
hmac_drbg,NonOverlappingTemplate,template=46,100,99,1,0,0.99,0.960150376887,False,0.633967658727,1.0,False
hmac_drbg,NonOverlappingTemplate,template=47,100,99,1,0,0.99,0.960150376887,False,0.633967658727,1.0,False
hmac_drbg,NonOverlappingTemplate,template=48,100,99,1,0,0.99,0.960150376887,False,0.633967658727,1.0,False
hmac_drbg,NonOverlappingTemplate,template=49,100,100,0,0,1,0.960150376887,False,1,1.0,False
hmac_drbg,NonOverlappingTemplate,template=50,100,99,1,0,0.99,0.960150376887,False,0.633967658727,1.0,False
hmac_drbg,NonOverlappingTemplate,template=51,100,99,1,0,0.99,0.960150376887,False,0.633967658727,1.0,False
hmac_drbg,NonOverlappingTemplate,template=52,100,99,1,0,0.99,0.960150376887,False,0.633967658727,1.0,False
hmac_drbg,NonOverlappingTemplate,template=53,100,100,0,0,1,0.960150376887,False,1,1.0,False
hmac_drbg,NonOverlappingTemplate,template=54,100,100,0,0,1,0.960150376887,False,1,1.0,False
hmac_drbg,NonOverlappingTemplate,template=55,100,100,0,0,1,0.960150376887,False,1,1.0,False
hmac_drbg,NonOverlappingTemplate,template=56,100,99,1,0,0.99,0.960150376887,False,0.633967658727,1.0,False
hmac_drbg,NonOverlappingTemplate,template=57,100,99,1,0,0.99,0.960150376887,False,0.633967658727,1.0,False
hmac_drbg,NonOverlappingTemplate,template=58,100,100,0,0,1,0.960150376887,False,1,1.0,False
hmac_drbg,NonOverlappingTemplate,template=59,100,98,2,0,0.98,0.960150376887,False,0.264238021077,1.0,False
hmac_drbg,NonOverlappingTemplate,template=60,100,98,2,0,0.98,0.960150376887,False,0.264238021077,1.0,False
hmac_drbg,NonOverlappingTemplate,template=61,100,95,5,0,0.95,0.960150376887,True,0.00343232158775,1.0,False
hmac_drbg,NonOverlappingTemplate,template=62,100,96,4,0,0.96,0.960150376887,True,0.0183740364446,1.0,False
hmac_drbg,NonOverlappingTemplate,template=63,100,100,0,0,1,0.960150376887,False,1,1.0,False
hmac_drbg,NonOverlappingTemplate,template=64,100,98,2,0,0.98,0.960150376887,False,0.264238021077,1.0,False
hmac_drbg,NonOverlappingTemplate,template=65,100,99,1,0,0.99,0.960150376887,False,0.633967658727,1.0,False
hmac_drbg,NonOverlappingTemplate,template=66,100,99,1,0,0.99,0.960150376887,False,0.633967658727,1.0,False
hmac_drbg,NonOverlappingTemplate,template=67,100,97,3,0,0.97,0.960150376887,False,0.0793732022522,1.0,False
hmac_drbg,NonOverlappingTemplate,template=68,100,100,0,0,1,0.960150376887,False,1,1.0,False
hmac_drbg,NonOverlappingTemplate,template=69,100,99,1,0,0.99,0.960150376887,False,0.633967658727,1.0,False
hmac_drbg,NonOverlappingTemplate,template=70,100,98,2,0,0.98,0.960150376887,False,0.264238021077,1.0,False
hmac_drbg,NonOverlappingTemplate,template=71,100,100,0,0,1,0.960150376887,False,1,1.0,False
hmac_drbg,NonOverlappingTemplate,template=72,100,98,2,0,0.98,0.960150376887,False,0.264238021077,1.0,False
hmac_drbg,NonOverlappingTemplate,template=73,100,97,3,0,0.97,0.960150376887,False,0.0793732022522,1.0,False
hmac_drbg,NonOverlappingTemplate,template=74,100,99,1,0,0.99,0.960150376887,False,0.633967658727,1.0,False
hmac_drbg,NonOverlappingTemplate,template=75,100,100,0,0,1,0.960150376887,False,1,1.0,False
hmac_drbg,NonOverlappingTemplate,template=76,100,100,0,0,1,0.960150376887,False,1,1.0,False
hmac_drbg,NonOverlappingTemplate,template=77,100,99,1,0,0.99,0.960150376887,False,0.633967658727,1.0,False
hmac_drbg,NonOverlappingTemplate,template=78,100,99,1,0,0.99,0.960150376887,False,0.633967658727,1.0,False
hmac_drbg,NonOverlappingTemplate,template=79,100,100,0,0,1,0.960150376887,False,1,1.0,False
hmac_drbg,NonOverlappingTemplate,template=80,100,100,0,0,1,0.960150376887,False,1,1.0,False
hmac_drbg,NonOverlappingTemplate,template=81,100,98,2,0,0.98,0.960150376887,False,0.264238021077,1.0,False
hmac_drbg,NonOverlappingTemplate,template=82,100,99,1,0,0.99,0.960150376887,False,0.633967658727,1.0,False
hmac_drbg,NonOverlappingTemplate,template=83,100,100,0,0,1,0.960150376887,False,1,1.0,False
hmac_drbg,NonOverlappingTemplate,template=84,100,99,1,0,0.99,0.960150376887,False,0.633967658727,1.0,False
hmac_drbg,NonOverlappingTemplate,template=85,100,99,1,0,0.99,0.960150376887,False,0.633967658727,1.0,False
hmac_drbg,NonOverlappingTemplate,template=86,100,99,1,0,0.99,0.960150376887,False,0.633967658727,1.0,False
hmac_drbg,NonOverlappingTemplate,template=87,100,99,1,0,0.99,0.960150376887,False,0.633967658727,1.0,False
hmac_drbg,NonOverlappingTemplate,template=88,100,99,1,0,0.99,0.960150376887,False,0.633967658727,1.0,False
hmac_drbg,NonOverlappingTemplate,template=89,100,100,0,0,1,0.960150376887,False,1,1.0,False
hmac_drbg,NonOverlappingTemplate,template=90,100,99,1,0,0.99,0.960150376887,False,0.633967658727,1.0,False
hmac_drbg,NonOverlappingTemplate,template=91,100,100,0,0,1,0.960150376887,False,1,1.0,False
hmac_drbg,NonOverlappingTemplate,template=92,100,99,1,0,0.99,0.960150376887,False,0.633967658727,1.0,False
hmac_drbg,NonOverlappingTemplate,template=93,100,100,0,0,1,0.960150376887,False,1,1.0,False
hmac_drbg,NonOverlappingTemplate,template=94,100,100,0,0,1,0.960150376887,False,1,1.0,False
hmac_drbg,NonOverlappingTemplate,template=95,100,99,1,0,0.99,0.960150376887,False,0.633967658727,1.0,False
hmac_drbg,NonOverlappingTemplate,template=96,100,100,0,0,1,0.960150376887,False,1,1.0,False
hmac_drbg,NonOverlappingTemplate,template=97,100,98,2,0,0.98,0.960150376887,False,0.264238021077,1.0,False
hmac_drbg,NonOverlappingTemplate,template=98,100,99,1,0,0.99,0.960150376887,False,0.633967658727,1.0,False
hmac_drbg,NonOverlappingTemplate,template=99,100,98,2,0,0.98,0.960150376887,False,0.264238021077,1.0,False
hmac_drbg,NonOverlappingTemplate,template=100,100,98,2,0,0.98,0.960150376887,False,0.264238021077,1.0,False
hmac_drbg,NonOverlappingTemplate,template=101,100,97,3,0,0.97,0.960150376887,False,0.0793732022522,1.0,False
hmac_drbg,NonOverlappingTemplate,template=102,100,99,1,0,0.99,0.960150376887,False,0.633967658727,1.0,False
hmac_drbg,NonOverlappingTemplate,template=103,100,100,0,0,1,0.960150376887,False,1,1.0,False
hmac_drbg,NonOverlappingTemplate,template=104,100,100,0,0,1,0.960150376887,False,1,1.0,False
hmac_drbg,NonOverlappingTemplate,template=105,100,100,0,0,1,0.960150376887,False,1,1.0,False
hmac_drbg,NonOverlappingTemplate,template=106,100,100,0,0,1,0.960150376887,False,1,1.0,False
hmac_drbg,NonOverlappingTemplate,template=107,100,100,0,0,1,0.960150376887,False,1,1.0,False
hmac_drbg,NonOverlappingTemplate,template=108,100,99,1,0,0.99,0.960150376887,False,0.633967658727,1.0,False
hmac_drbg,NonOverlappingTemplate,template=109,100,100,0,0,1,0.960150376887,False,1,1.0,False
hmac_drbg,NonOverlappingTemplate,template=110,100,99,1,0,0.99,0.960150376887,False,0.633967658727,1.0,False
hmac_drbg,NonOverlappingTemplate,template=111,100,98,2,0,0.98,0.960150376887,False,0.264238021077,1.0,False
hmac_drbg,NonOverlappingTemplate,template=112,100,100,0,0,1,0.960150376887,False,1,1.0,False
hmac_drbg,NonOverlappingTemplate,template=113,100,98,2,0,0.98,0.960150376887,False,0.264238021077,1.0,False
hmac_drbg,NonOverlappingTemplate,template=114,100,100,0,0,1,0.960150376887,False,1,1.0,False
hmac_drbg,NonOverlappingTemplate,template=115,100,98,2,0,0.98,0.960150376887,False,0.264238021077,1.0,False
hmac_drbg,NonOverlappingTemplate,template=116,100,99,1,0,0.99,0.960150376887,False,0.633967658727,1.0,False
hmac_drbg,NonOverlappingTemplate,template=117,100,98,2,0,0.98,0.960150376887,False,0.264238021077,1.0,False
hmac_drbg,NonOverlappingTemplate,template=118,100,98,2,0,0.98,0.960150376887,False,0.264238021077,1.0,False
hmac_drbg,NonOverlappingTemplate,template=119,100,100,0,0,1,0.960150376887,False,1,1.0,False
hmac_drbg,NonOverlappingTemplate,template=120,100,98,2,0,0.98,0.960150376887,False,0.264238021077,1.0,False
hmac_drbg,NonOverlappingTemplate,template=121,100,99,1,0,0.99,0.960150376887,False,0.633967658727,1.0,False
hmac_drbg,NonOverlappingTemplate,template=122,100,96,4,0,0.96,0.960150376887,True,0.0183740364446,1.0,False
hmac_drbg,NonOverlappingTemplate,template=123,100,100,0,0,1,0.960150376887,False,1,1.0,False
hmac_drbg,NonOverlappingTemplate,template=124,100,100,0,0,1,0.960150376887,False,1,1.0,False
hmac_drbg,NonOverlappingTemplate,template=125,100,100,0,0,1,0.960150376887,False,1,1.0,False
hmac_drbg,NonOverlappingTemplate,template=126,100,99,1,0,0.99,0.960150376887,False,0.633967658727,1.0,False
hmac_drbg,NonOverlappingTemplate,template=127,100,98,2,0,0.98,0.960150376887,False,0.264238021077,1.0,False
hmac_drbg,NonOverlappingTemplate,template=128,100,99,1,0,0.99,0.960150376887,False,0.633967658727,1.0,False
hmac_drbg,NonOverlappingTemplate,template=129,100,100,0,0,1,0.960150376887,False,1,1.0,False
hmac_drbg,NonOverlappingTemplate,template=130,100,100,0,0,1,0.960150376887,False,1,1.0,False
hmac_drbg,NonOverlappingTemplate,template=131,100,99,1,0,0.99,0.960150376887,False,0.633967658727,1.0,False
hmac_drbg,NonOverlappingTemplate,template=132,100,99,1,0,0.99,0.960150376887,False,0.633967658727,1.0,False
hmac_drbg,NonOverlappingTemplate,template=133,100,99,1,0,0.99,0.960150376887,False,0.633967658727,1.0,False
hmac_drbg,NonOverlappingTemplate,template=134,100,100,0,0,1,0.960150376887,False,1,1.0,False
hmac_drbg,NonOverlappingTemplate,template=135,100,100,0,0,1,0.960150376887,False,1,1.0,False
hmac_drbg,NonOverlappingTemplate,template=136,100,98,2,0,0.98,0.960150376887,False,0.264238021077,1.0,False
hmac_drbg,NonOverlappingTemplate,template=137,100,96,4,0,0.96,0.960150376887,True,0.0183740364446,1.0,False
hmac_drbg,NonOverlappingTemplate,template=138,100,100,0,0,1,0.960150376887,False,1,1.0,False
hmac_drbg,NonOverlappingTemplate,template=139,100,95,5,0,0.95,0.960150376887,True,0.00343232158775,1.0,False
hmac_drbg,NonOverlappingTemplate,template=140,100,100,0,0,1,0.960150376887,False,1,1.0,False
hmac_drbg,NonOverlappingTemplate,template=141,100,98,2,0,0.98,0.960150376887,False,0.264238021077,1.0,False
hmac_drbg,NonOverlappingTemplate,template=142,100,98,2,0,0.98,0.960150376887,False,0.264238021077,1.0,False
hmac_drbg,NonOverlappingTemplate,template=143,100,99,1,0,0.99,0.960150376887,False,0.633967658727,1.0,False
hmac_drbg,NonOverlappingTemplate,template=144,100,98,2,0,0.98,0.960150376887,False,0.264238021077,1.0,False
hmac_drbg,NonOverlappingTemplate,template=145,100,100,0,0,1,0.960150376887,False,1,1.0,False
hmac_drbg,NonOverlappingTemplate,template=146,100,100,0,0,1,0.960150376887,False,1,1.0,False
hmac_drbg,NonOverlappingTemplate,template=147,100,98,2,0,0.98,0.960150376887,False,0.264238021077,1.0,False
hmac_drbg,NonOverlappingTemplate,template=148,100,99,1,0,0.99,0.960150376887,False,0.633967658727,1.0,False
hmac_drbg,OverlappingTemplate,component=1,100,96,4,0,0.96,0.960150376887,True,0.0183740364446,1.0,False
hmac_drbg,Universal,component=1,100,100,0,0,1,0.960150376887,False,1,1.0,False
hmac_drbg,ApproximateEntropy,component=1,100,98,2,0,0.98,0.960150376887,False,0.264238021077,1.0,False
hmac_drbg,RandomExcursions,state=-4,67,65,2,33,0.970149253731,0.9535328813,False,0.144872385076,1.0,False
hmac_drbg,RandomExcursions,state=-3,67,67,0,33,1,0.9535328813,False,1,1.0,False
hmac_drbg,RandomExcursions,state=-2,67,67,0,33,1,0.9535328813,False,1,1.0,False
hmac_drbg,RandomExcursions,state=-1,67,67,0,33,1,0.9535328813,False,1,1.0,False
hmac_drbg,RandomExcursions,state=1,67,67,0,33,1,0.9535328813,False,1,1.0,False
hmac_drbg,RandomExcursions,state=2,67,67,0,33,1,0.9535328813,False,1,1.0,False
hmac_drbg,RandomExcursions,state=3,67,67,0,33,1,0.9535328813,False,1,1.0,False
hmac_drbg,RandomExcursions,state=4,67,67,0,33,1,0.9535328813,False,1,1.0,False
hmac_drbg,RandomExcursionsVariant,state=-9,67,66,1,33,0.985074626866,0.9535328813,False,0.49001425375,1.0,False
hmac_drbg,RandomExcursionsVariant,state=-8,67,66,1,33,0.985074626866,0.9535328813,False,0.49001425375,1.0,False
hmac_drbg,RandomExcursionsVariant,state=-7,67,66,1,33,0.985074626866,0.9535328813,False,0.49001425375,1.0,False
hmac_drbg,RandomExcursionsVariant,state=-6,67,67,0,33,1,0.9535328813,False,1,1.0,False
hmac_drbg,RandomExcursionsVariant,state=-5,67,67,0,33,1,0.9535328813,False,1,1.0,False
hmac_drbg,RandomExcursionsVariant,state=-4,67,67,0,33,1,0.9535328813,False,1,1.0,False
hmac_drbg,RandomExcursionsVariant,state=-3,67,67,0,33,1,0.9535328813,False,1,1.0,False
hmac_drbg,RandomExcursionsVariant,state=-2,67,66,1,33,0.985074626866,0.9535328813,False,0.49001425375,1.0,False
hmac_drbg,RandomExcursionsVariant,state=-1,67,67,0,33,1,0.9535328813,False,1,1.0,False
hmac_drbg,RandomExcursionsVariant,state=1,67,67,0,33,1,0.9535328813,False,1,1.0,False
hmac_drbg,RandomExcursionsVariant,state=2,67,67,0,33,1,0.9535328813,False,1,1.0,False
hmac_drbg,RandomExcursionsVariant,state=3,67,67,0,33,1,0.9535328813,False,1,1.0,False
hmac_drbg,RandomExcursionsVariant,state=4,67,67,0,33,1,0.9535328813,False,1,1.0,False
hmac_drbg,RandomExcursionsVariant,state=5,67,67,0,33,1,0.9535328813,False,1,1.0,False
hmac_drbg,RandomExcursionsVariant,state=6,67,67,0,33,1,0.9535328813,False,1,1.0,False
hmac_drbg,RandomExcursionsVariant,state=7,67,67,0,33,1,0.9535328813,False,1,1.0,False
hmac_drbg,RandomExcursionsVariant,state=8,67,67,0,33,1,0.9535328813,False,1,1.0,False
hmac_drbg,RandomExcursionsVariant,state=9,67,67,0,33,1,0.9535328813,False,1,1.0,False
hmac_drbg,Serial,m,100,97,3,0,0.97,0.960150376887,False,0.0793732022522,1.0,False
hmac_drbg,Serial,m-1,100,97,3,0,0.97,0.960150376887,False,0.0793732022522,1.0,False
hmac_drbg,LinearComplexity,component=1,100,97,3,0,0.97,0.960150376887,False,0.0793732022522,1.0,False
pair_shift,Frequency,component=1,100,100,0,0,1,0.960150376887,False,1,1.0,False
pair_shift,BlockFrequency,component=1,100,98,2,0,0.98,0.960150376887,False,0.264238021077,1.0,False
pair_shift,CumulativeSums,forward,100,100,0,0,1,0.960150376887,False,1,1.0,False
pair_shift,CumulativeSums,reverse,100,100,0,0,1,0.960150376887,False,1,1.0,False
pair_shift,Runs,component=1,100,100,0,0,1,0.960150376887,False,1,1.0,False
pair_shift,LongestRun,component=1,100,97,3,0,0.97,0.960150376887,False,0.0793732022522,1.0,False
pair_shift,Rank,component=1,100,98,2,0,0.98,0.960150376887,False,0.264238021077,1.0,False
pair_shift,FFT,component=1,100,100,0,0,1,0.960150376887,False,1,1.0,False
pair_shift,NonOverlappingTemplate,template=1,100,99,1,0,0.99,0.960150376887,False,0.633967658727,1.0,False
pair_shift,NonOverlappingTemplate,template=2,100,98,2,0,0.98,0.960150376887,False,0.264238021077,1.0,False
pair_shift,NonOverlappingTemplate,template=3,100,99,1,0,0.99,0.960150376887,False,0.633967658727,1.0,False
pair_shift,NonOverlappingTemplate,template=4,100,99,1,0,0.99,0.960150376887,False,0.633967658727,1.0,False
pair_shift,NonOverlappingTemplate,template=5,100,97,3,0,0.97,0.960150376887,False,0.0793732022522,1.0,False
pair_shift,NonOverlappingTemplate,template=6,100,99,1,0,0.99,0.960150376887,False,0.633967658727,1.0,False
pair_shift,NonOverlappingTemplate,template=7,100,99,1,0,0.99,0.960150376887,False,0.633967658727,1.0,False
pair_shift,NonOverlappingTemplate,template=8,100,98,2,0,0.98,0.960150376887,False,0.264238021077,1.0,False
pair_shift,NonOverlappingTemplate,template=9,100,100,0,0,1,0.960150376887,False,1,1.0,False
pair_shift,NonOverlappingTemplate,template=10,100,99,1,0,0.99,0.960150376887,False,0.633967658727,1.0,False
pair_shift,NonOverlappingTemplate,template=11,100,98,2,0,0.98,0.960150376887,False,0.264238021077,1.0,False
pair_shift,NonOverlappingTemplate,template=12,100,100,0,0,1,0.960150376887,False,1,1.0,False
pair_shift,NonOverlappingTemplate,template=13,100,100,0,0,1,0.960150376887,False,1,1.0,False
pair_shift,NonOverlappingTemplate,template=14,100,98,2,0,0.98,0.960150376887,False,0.264238021077,1.0,False
pair_shift,NonOverlappingTemplate,template=15,100,100,0,0,1,0.960150376887,False,1,1.0,False
pair_shift,NonOverlappingTemplate,template=16,100,100,0,0,1,0.960150376887,False,1,1.0,False
pair_shift,NonOverlappingTemplate,template=17,100,99,1,0,0.99,0.960150376887,False,0.633967658727,1.0,False
pair_shift,NonOverlappingTemplate,template=18,100,99,1,0,0.99,0.960150376887,False,0.633967658727,1.0,False
pair_shift,NonOverlappingTemplate,template=19,100,100,0,0,1,0.960150376887,False,1,1.0,False
pair_shift,NonOverlappingTemplate,template=20,100,97,3,0,0.97,0.960150376887,False,0.0793732022522,1.0,False
pair_shift,NonOverlappingTemplate,template=21,100,99,1,0,0.99,0.960150376887,False,0.633967658727,1.0,False
pair_shift,NonOverlappingTemplate,template=22,100,100,0,0,1,0.960150376887,False,1,1.0,False
pair_shift,NonOverlappingTemplate,template=23,100,100,0,0,1,0.960150376887,False,1,1.0,False
pair_shift,NonOverlappingTemplate,template=24,100,97,3,0,0.97,0.960150376887,False,0.0793732022522,1.0,False
pair_shift,NonOverlappingTemplate,template=25,100,98,2,0,0.98,0.960150376887,False,0.264238021077,1.0,False
pair_shift,NonOverlappingTemplate,template=26,100,100,0,0,1,0.960150376887,False,1,1.0,False
pair_shift,NonOverlappingTemplate,template=27,100,99,1,0,0.99,0.960150376887,False,0.633967658727,1.0,False
pair_shift,NonOverlappingTemplate,template=28,100,99,1,0,0.99,0.960150376887,False,0.633967658727,1.0,False
pair_shift,NonOverlappingTemplate,template=29,100,99,1,0,0.99,0.960150376887,False,0.633967658727,1.0,False
pair_shift,NonOverlappingTemplate,template=30,100,100,0,0,1,0.960150376887,False,1,1.0,False
pair_shift,NonOverlappingTemplate,template=31,100,99,1,0,0.99,0.960150376887,False,0.633967658727,1.0,False
pair_shift,NonOverlappingTemplate,template=32,100,99,1,0,0.99,0.960150376887,False,0.633967658727,1.0,False
pair_shift,NonOverlappingTemplate,template=33,100,100,0,0,1,0.960150376887,False,1,1.0,False
pair_shift,NonOverlappingTemplate,template=34,100,100,0,0,1,0.960150376887,False,1,1.0,False
pair_shift,NonOverlappingTemplate,template=35,100,99,1,0,0.99,0.960150376887,False,0.633967658727,1.0,False
pair_shift,NonOverlappingTemplate,template=36,100,100,0,0,1,0.960150376887,False,1,1.0,False
pair_shift,NonOverlappingTemplate,template=37,100,99,1,0,0.99,0.960150376887,False,0.633967658727,1.0,False
pair_shift,NonOverlappingTemplate,template=38,100,100,0,0,1,0.960150376887,False,1,1.0,False
pair_shift,NonOverlappingTemplate,template=39,100,100,0,0,1,0.960150376887,False,1,1.0,False
pair_shift,NonOverlappingTemplate,template=40,100,99,1,0,0.99,0.960150376887,False,0.633967658727,1.0,False
pair_shift,NonOverlappingTemplate,template=41,100,98,2,0,0.98,0.960150376887,False,0.264238021077,1.0,False
pair_shift,NonOverlappingTemplate,template=42,100,99,1,0,0.99,0.960150376887,False,0.633967658727,1.0,False
pair_shift,NonOverlappingTemplate,template=43,100,97,3,0,0.97,0.960150376887,False,0.0793732022522,1.0,False
pair_shift,NonOverlappingTemplate,template=44,100,99,1,0,0.99,0.960150376887,False,0.633967658727,1.0,False
pair_shift,NonOverlappingTemplate,template=45,100,100,0,0,1,0.960150376887,False,1,1.0,False
pair_shift,NonOverlappingTemplate,template=46,100,100,0,0,1,0.960150376887,False,1,1.0,False
pair_shift,NonOverlappingTemplate,template=47,100,100,0,0,1,0.960150376887,False,1,1.0,False
pair_shift,NonOverlappingTemplate,template=48,100,100,0,0,1,0.960150376887,False,1,1.0,False
pair_shift,NonOverlappingTemplate,template=49,100,100,0,0,1,0.960150376887,False,1,1.0,False
pair_shift,NonOverlappingTemplate,template=50,100,100,0,0,1,0.960150376887,False,1,1.0,False
pair_shift,NonOverlappingTemplate,template=51,100,100,0,0,1,0.960150376887,False,1,1.0,False
pair_shift,NonOverlappingTemplate,template=52,100,96,4,0,0.96,0.960150376887,True,0.0183740364446,1.0,False
pair_shift,NonOverlappingTemplate,template=53,100,100,0,0,1,0.960150376887,False,1,1.0,False
pair_shift,NonOverlappingTemplate,template=54,100,99,1,0,0.99,0.960150376887,False,0.633967658727,1.0,False
pair_shift,NonOverlappingTemplate,template=55,100,98,2,0,0.98,0.960150376887,False,0.264238021077,1.0,False
pair_shift,NonOverlappingTemplate,template=56,100,100,0,0,1,0.960150376887,False,1,1.0,False
pair_shift,NonOverlappingTemplate,template=57,100,99,1,0,0.99,0.960150376887,False,0.633967658727,1.0,False
pair_shift,NonOverlappingTemplate,template=58,100,99,1,0,0.99,0.960150376887,False,0.633967658727,1.0,False
pair_shift,NonOverlappingTemplate,template=59,100,99,1,0,0.99,0.960150376887,False,0.633967658727,1.0,False
pair_shift,NonOverlappingTemplate,template=60,100,99,1,0,0.99,0.960150376887,False,0.633967658727,1.0,False
pair_shift,NonOverlappingTemplate,template=61,100,99,1,0,0.99,0.960150376887,False,0.633967658727,1.0,False
pair_shift,NonOverlappingTemplate,template=62,100,99,1,0,0.99,0.960150376887,False,0.633967658727,1.0,False
pair_shift,NonOverlappingTemplate,template=63,100,100,0,0,1,0.960150376887,False,1,1.0,False
pair_shift,NonOverlappingTemplate,template=64,100,99,1,0,0.99,0.960150376887,False,0.633967658727,1.0,False
pair_shift,NonOverlappingTemplate,template=65,100,99,1,0,0.99,0.960150376887,False,0.633967658727,1.0,False
pair_shift,NonOverlappingTemplate,template=66,100,100,0,0,1,0.960150376887,False,1,1.0,False
pair_shift,NonOverlappingTemplate,template=67,100,98,2,0,0.98,0.960150376887,False,0.264238021077,1.0,False
pair_shift,NonOverlappingTemplate,template=68,100,98,2,0,0.98,0.960150376887,False,0.264238021077,1.0,False
pair_shift,NonOverlappingTemplate,template=69,100,99,1,0,0.99,0.960150376887,False,0.633967658727,1.0,False
pair_shift,NonOverlappingTemplate,template=70,100,100,0,0,1,0.960150376887,False,1,1.0,False
pair_shift,NonOverlappingTemplate,template=71,100,100,0,0,1,0.960150376887,False,1,1.0,False
pair_shift,NonOverlappingTemplate,template=72,100,100,0,0,1,0.960150376887,False,1,1.0,False
pair_shift,NonOverlappingTemplate,template=73,100,100,0,0,1,0.960150376887,False,1,1.0,False
pair_shift,NonOverlappingTemplate,template=74,100,99,1,0,0.99,0.960150376887,False,0.633967658727,1.0,False
pair_shift,NonOverlappingTemplate,template=75,100,99,1,0,0.99,0.960150376887,False,0.633967658727,1.0,False
pair_shift,NonOverlappingTemplate,template=76,100,100,0,0,1,0.960150376887,False,1,1.0,False
pair_shift,NonOverlappingTemplate,template=77,100,97,3,0,0.97,0.960150376887,False,0.0793732022522,1.0,False
pair_shift,NonOverlappingTemplate,template=78,100,99,1,0,0.99,0.960150376887,False,0.633967658727,1.0,False
pair_shift,NonOverlappingTemplate,template=79,100,99,1,0,0.99,0.960150376887,False,0.633967658727,1.0,False
pair_shift,NonOverlappingTemplate,template=80,100,100,0,0,1,0.960150376887,False,1,1.0,False
pair_shift,NonOverlappingTemplate,template=81,100,97,3,0,0.97,0.960150376887,False,0.0793732022522,1.0,False
pair_shift,NonOverlappingTemplate,template=82,100,98,2,0,0.98,0.960150376887,False,0.264238021077,1.0,False
pair_shift,NonOverlappingTemplate,template=83,100,100,0,0,1,0.960150376887,False,1,1.0,False
pair_shift,NonOverlappingTemplate,template=84,100,98,2,0,0.98,0.960150376887,False,0.264238021077,1.0,False
pair_shift,NonOverlappingTemplate,template=85,100,99,1,0,0.99,0.960150376887,False,0.633967658727,1.0,False
pair_shift,NonOverlappingTemplate,template=86,100,100,0,0,1,0.960150376887,False,1,1.0,False
pair_shift,NonOverlappingTemplate,template=87,100,99,1,0,0.99,0.960150376887,False,0.633967658727,1.0,False
pair_shift,NonOverlappingTemplate,template=88,100,99,1,0,0.99,0.960150376887,False,0.633967658727,1.0,False
pair_shift,NonOverlappingTemplate,template=89,100,97,3,0,0.97,0.960150376887,False,0.0793732022522,1.0,False
pair_shift,NonOverlappingTemplate,template=90,100,99,1,0,0.99,0.960150376887,False,0.633967658727,1.0,False
pair_shift,NonOverlappingTemplate,template=91,100,98,2,0,0.98,0.960150376887,False,0.264238021077,1.0,False
pair_shift,NonOverlappingTemplate,template=92,100,99,1,0,0.99,0.960150376887,False,0.633967658727,1.0,False
pair_shift,NonOverlappingTemplate,template=93,100,99,1,0,0.99,0.960150376887,False,0.633967658727,1.0,False
pair_shift,NonOverlappingTemplate,template=94,100,98,2,0,0.98,0.960150376887,False,0.264238021077,1.0,False
pair_shift,NonOverlappingTemplate,template=95,100,98,2,0,0.98,0.960150376887,False,0.264238021077,1.0,False
pair_shift,NonOverlappingTemplate,template=96,100,98,2,0,0.98,0.960150376887,False,0.264238021077,1.0,False
pair_shift,NonOverlappingTemplate,template=97,100,99,1,0,0.99,0.960150376887,False,0.633967658727,1.0,False
pair_shift,NonOverlappingTemplate,template=98,100,97,3,0,0.97,0.960150376887,False,0.0793732022522,1.0,False
pair_shift,NonOverlappingTemplate,template=99,100,97,3,0,0.97,0.960150376887,False,0.0793732022522,1.0,False
pair_shift,NonOverlappingTemplate,template=100,100,100,0,0,1,0.960150376887,False,1,1.0,False
pair_shift,NonOverlappingTemplate,template=101,100,100,0,0,1,0.960150376887,False,1,1.0,False
pair_shift,NonOverlappingTemplate,template=102,100,99,1,0,0.99,0.960150376887,False,0.633967658727,1.0,False
pair_shift,NonOverlappingTemplate,template=103,100,98,2,0,0.98,0.960150376887,False,0.264238021077,1.0,False
pair_shift,NonOverlappingTemplate,template=104,100,100,0,0,1,0.960150376887,False,1,1.0,False
pair_shift,NonOverlappingTemplate,template=105,100,100,0,0,1,0.960150376887,False,1,1.0,False
pair_shift,NonOverlappingTemplate,template=106,100,99,1,0,0.99,0.960150376887,False,0.633967658727,1.0,False
pair_shift,NonOverlappingTemplate,template=107,100,98,2,0,0.98,0.960150376887,False,0.264238021077,1.0,False
pair_shift,NonOverlappingTemplate,template=108,100,99,1,0,0.99,0.960150376887,False,0.633967658727,1.0,False
pair_shift,NonOverlappingTemplate,template=109,100,98,2,0,0.98,0.960150376887,False,0.264238021077,1.0,False
pair_shift,NonOverlappingTemplate,template=110,100,100,0,0,1,0.960150376887,False,1,1.0,False
pair_shift,NonOverlappingTemplate,template=111,100,100,0,0,1,0.960150376887,False,1,1.0,False
pair_shift,NonOverlappingTemplate,template=112,100,100,0,0,1,0.960150376887,False,1,1.0,False
pair_shift,NonOverlappingTemplate,template=113,100,99,1,0,0.99,0.960150376887,False,0.633967658727,1.0,False
pair_shift,NonOverlappingTemplate,template=114,100,98,2,0,0.98,0.960150376887,False,0.264238021077,1.0,False
pair_shift,NonOverlappingTemplate,template=115,100,99,1,0,0.99,0.960150376887,False,0.633967658727,1.0,False
pair_shift,NonOverlappingTemplate,template=116,100,98,2,0,0.98,0.960150376887,False,0.264238021077,1.0,False
pair_shift,NonOverlappingTemplate,template=117,100,97,3,0,0.97,0.960150376887,False,0.0793732022522,1.0,False
pair_shift,NonOverlappingTemplate,template=118,100,99,1,0,0.99,0.960150376887,False,0.633967658727,1.0,False
pair_shift,NonOverlappingTemplate,template=119,100,99,1,0,0.99,0.960150376887,False,0.633967658727,1.0,False
pair_shift,NonOverlappingTemplate,template=120,100,100,0,0,1,0.960150376887,False,1,1.0,False
pair_shift,NonOverlappingTemplate,template=121,100,98,2,0,0.98,0.960150376887,False,0.264238021077,1.0,False
pair_shift,NonOverlappingTemplate,template=122,100,99,1,0,0.99,0.960150376887,False,0.633967658727,1.0,False
pair_shift,NonOverlappingTemplate,template=123,100,100,0,0,1,0.960150376887,False,1,1.0,False
pair_shift,NonOverlappingTemplate,template=124,100,99,1,0,0.99,0.960150376887,False,0.633967658727,1.0,False
pair_shift,NonOverlappingTemplate,template=125,100,99,1,0,0.99,0.960150376887,False,0.633967658727,1.0,False
pair_shift,NonOverlappingTemplate,template=126,100,98,2,0,0.98,0.960150376887,False,0.264238021077,1.0,False
pair_shift,NonOverlappingTemplate,template=127,100,99,1,0,0.99,0.960150376887,False,0.633967658727,1.0,False
pair_shift,NonOverlappingTemplate,template=128,100,99,1,0,0.99,0.960150376887,False,0.633967658727,1.0,False
pair_shift,NonOverlappingTemplate,template=129,100,99,1,0,0.99,0.960150376887,False,0.633967658727,1.0,False
pair_shift,NonOverlappingTemplate,template=130,100,100,0,0,1,0.960150376887,False,1,1.0,False
pair_shift,NonOverlappingTemplate,template=131,100,100,0,0,1,0.960150376887,False,1,1.0,False
pair_shift,NonOverlappingTemplate,template=132,100,98,2,0,0.98,0.960150376887,False,0.264238021077,1.0,False
pair_shift,NonOverlappingTemplate,template=133,100,100,0,0,1,0.960150376887,False,1,1.0,False
pair_shift,NonOverlappingTemplate,template=134,100,98,2,0,0.98,0.960150376887,False,0.264238021077,1.0,False
pair_shift,NonOverlappingTemplate,template=135,100,100,0,0,1,0.960150376887,False,1,1.0,False
pair_shift,NonOverlappingTemplate,template=136,100,99,1,0,0.99,0.960150376887,False,0.633967658727,1.0,False
pair_shift,NonOverlappingTemplate,template=137,100,99,1,0,0.99,0.960150376887,False,0.633967658727,1.0,False
pair_shift,NonOverlappingTemplate,template=138,100,100,0,0,1,0.960150376887,False,1,1.0,False
pair_shift,NonOverlappingTemplate,template=139,100,100,0,0,1,0.960150376887,False,1,1.0,False
pair_shift,NonOverlappingTemplate,template=140,100,100,0,0,1,0.960150376887,False,1,1.0,False
pair_shift,NonOverlappingTemplate,template=141,100,99,1,0,0.99,0.960150376887,False,0.633967658727,1.0,False
pair_shift,NonOverlappingTemplate,template=142,100,99,1,0,0.99,0.960150376887,False,0.633967658727,1.0,False
pair_shift,NonOverlappingTemplate,template=143,100,99,1,0,0.99,0.960150376887,False,0.633967658727,1.0,False
pair_shift,NonOverlappingTemplate,template=144,100,100,0,0,1,0.960150376887,False,1,1.0,False
pair_shift,NonOverlappingTemplate,template=145,100,100,0,0,1,0.960150376887,False,1,1.0,False
pair_shift,NonOverlappingTemplate,template=146,100,100,0,0,1,0.960150376887,False,1,1.0,False
pair_shift,NonOverlappingTemplate,template=147,100,99,1,0,0.99,0.960150376887,False,0.633967658727,1.0,False
pair_shift,NonOverlappingTemplate,template=148,100,99,1,0,0.99,0.960150376887,False,0.633967658727,1.0,False
pair_shift,OverlappingTemplate,component=1,100,100,0,0,1,0.960150376887,False,1,1.0,False
pair_shift,Universal,component=1,100,98,2,0,0.98,0.960150376887,False,0.264238021077,1.0,False
pair_shift,ApproximateEntropy,component=1,100,99,1,0,0.99,0.960150376887,False,0.633967658727,1.0,False
pair_shift,RandomExcursions,state=-4,69,68,1,31,0.985507246377,0.954065276572,False,0.500162970101,1.0,False
pair_shift,RandomExcursions,state=-3,69,67,2,31,0.971014492754,0.954065276572,False,0.151791706838,1.0,False
pair_shift,RandomExcursions,state=-2,69,69,0,31,1,0.954065276572,False,1,1.0,False
pair_shift,RandomExcursions,state=-1,69,67,2,31,0.971014492754,0.954065276572,False,0.151791706838,1.0,False
pair_shift,RandomExcursions,state=1,69,68,1,31,0.985507246377,0.954065276572,False,0.500162970101,1.0,False
pair_shift,RandomExcursions,state=2,69,68,1,31,0.985507246377,0.954065276572,False,0.500162970101,1.0,False
pair_shift,RandomExcursions,state=3,69,69,0,31,1,0.954065276572,False,1,1.0,False
pair_shift,RandomExcursions,state=4,69,67,2,31,0.971014492754,0.954065276572,False,0.151791706838,1.0,False
pair_shift,RandomExcursionsVariant,state=-9,69,68,1,31,0.985507246377,0.954065276572,False,0.500162970101,1.0,False
pair_shift,RandomExcursionsVariant,state=-8,69,69,0,31,1,0.954065276572,False,1,1.0,False
pair_shift,RandomExcursionsVariant,state=-7,69,68,1,31,0.985507246377,0.954065276572,False,0.500162970101,1.0,False
pair_shift,RandomExcursionsVariant,state=-6,69,68,1,31,0.985507246377,0.954065276572,False,0.500162970101,1.0,False
pair_shift,RandomExcursionsVariant,state=-5,69,69,0,31,1,0.954065276572,False,1,1.0,False
pair_shift,RandomExcursionsVariant,state=-4,69,69,0,31,1,0.954065276572,False,1,1.0,False
pair_shift,RandomExcursionsVariant,state=-3,69,69,0,31,1,0.954065276572,False,1,1.0,False
pair_shift,RandomExcursionsVariant,state=-2,69,69,0,31,1,0.954065276572,False,1,1.0,False
pair_shift,RandomExcursionsVariant,state=-1,69,68,1,31,0.985507246377,0.954065276572,False,0.500162970101,1.0,False
pair_shift,RandomExcursionsVariant,state=1,69,68,1,31,0.985507246377,0.954065276572,False,0.500162970101,1.0,False
pair_shift,RandomExcursionsVariant,state=2,69,66,3,31,0.95652173913,0.954065276572,False,0.0321490507676,1.0,False
pair_shift,RandomExcursionsVariant,state=3,69,65,4,31,0.942028985507,0.954065276572,True,0.00515895663727,1.0,False
pair_shift,RandomExcursionsVariant,state=4,69,67,2,31,0.971014492754,0.954065276572,False,0.151791706838,1.0,False
pair_shift,RandomExcursionsVariant,state=5,69,68,1,31,0.985507246377,0.954065276572,False,0.500162970101,1.0,False
pair_shift,RandomExcursionsVariant,state=6,69,68,1,31,0.985507246377,0.954065276572,False,0.500162970101,1.0,False
pair_shift,RandomExcursionsVariant,state=7,69,69,0,31,1,0.954065276572,False,1,1.0,False
pair_shift,RandomExcursionsVariant,state=8,69,69,0,31,1,0.954065276572,False,1,1.0,False
pair_shift,RandomExcursionsVariant,state=9,69,69,0,31,1,0.954065276572,False,1,1.0,False
pair_shift,Serial,m,100,99,1,0,0.99,0.960150376887,False,0.633967658727,1.0,False
pair_shift,Serial,m-1,100,98,2,0,0.98,0.960150376887,False,0.264238021077,1.0,False
pair_shift,LinearComplexity,component=1,100,97,3,0,0.97,0.960150376887,False,0.0793732022522,1.0,False
block_r1,Frequency,component=1,100,99,1,0,0.99,0.960150376887,False,0.633967658727,1.0,False
block_r1,BlockFrequency,component=1,100,100,0,0,1,0.960150376887,False,1,1.0,False
block_r1,CumulativeSums,forward,100,99,1,0,0.99,0.960150376887,False,0.633967658727,1.0,False
block_r1,CumulativeSums,reverse,100,100,0,0,1,0.960150376887,False,1,1.0,False
block_r1,Runs,component=1,100,99,1,0,0.99,0.960150376887,False,0.633967658727,1.0,False
block_r1,LongestRun,component=1,100,99,1,0,0.99,0.960150376887,False,0.633967658727,1.0,False
block_r1,Rank,component=1,100,100,0,0,1,0.960150376887,False,1,1.0,False
block_r1,FFT,component=1,100,98,2,0,0.98,0.960150376887,False,0.264238021077,1.0,False
block_r1,NonOverlappingTemplate,template=1,100,99,1,0,0.99,0.960150376887,False,0.633967658727,1.0,False
block_r1,NonOverlappingTemplate,template=2,100,99,1,0,0.99,0.960150376887,False,0.633967658727,1.0,False
block_r1,NonOverlappingTemplate,template=3,100,100,0,0,1,0.960150376887,False,1,1.0,False
block_r1,NonOverlappingTemplate,template=4,100,98,2,0,0.98,0.960150376887,False,0.264238021077,1.0,False
block_r1,NonOverlappingTemplate,template=5,100,100,0,0,1,0.960150376887,False,1,1.0,False
block_r1,NonOverlappingTemplate,template=6,100,99,1,0,0.99,0.960150376887,False,0.633967658727,1.0,False
block_r1,NonOverlappingTemplate,template=7,100,98,2,0,0.98,0.960150376887,False,0.264238021077,1.0,False
block_r1,NonOverlappingTemplate,template=8,100,100,0,0,1,0.960150376887,False,1,1.0,False
block_r1,NonOverlappingTemplate,template=9,100,100,0,0,1,0.960150376887,False,1,1.0,False
block_r1,NonOverlappingTemplate,template=10,100,99,1,0,0.99,0.960150376887,False,0.633967658727,1.0,False
block_r1,NonOverlappingTemplate,template=11,100,99,1,0,0.99,0.960150376887,False,0.633967658727,1.0,False
block_r1,NonOverlappingTemplate,template=12,100,99,1,0,0.99,0.960150376887,False,0.633967658727,1.0,False
block_r1,NonOverlappingTemplate,template=13,100,99,1,0,0.99,0.960150376887,False,0.633967658727,1.0,False
block_r1,NonOverlappingTemplate,template=14,100,100,0,0,1,0.960150376887,False,1,1.0,False
block_r1,NonOverlappingTemplate,template=15,100,97,3,0,0.97,0.960150376887,False,0.0793732022522,1.0,False
block_r1,NonOverlappingTemplate,template=16,100,100,0,0,1,0.960150376887,False,1,1.0,False
block_r1,NonOverlappingTemplate,template=17,100,98,2,0,0.98,0.960150376887,False,0.264238021077,1.0,False
block_r1,NonOverlappingTemplate,template=18,100,100,0,0,1,0.960150376887,False,1,1.0,False
block_r1,NonOverlappingTemplate,template=19,100,97,3,0,0.97,0.960150376887,False,0.0793732022522,1.0,False
block_r1,NonOverlappingTemplate,template=20,100,100,0,0,1,0.960150376887,False,1,1.0,False
block_r1,NonOverlappingTemplate,template=21,100,100,0,0,1,0.960150376887,False,1,1.0,False
block_r1,NonOverlappingTemplate,template=22,100,98,2,0,0.98,0.960150376887,False,0.264238021077,1.0,False
block_r1,NonOverlappingTemplate,template=23,100,100,0,0,1,0.960150376887,False,1,1.0,False
block_r1,NonOverlappingTemplate,template=24,100,98,2,0,0.98,0.960150376887,False,0.264238021077,1.0,False
block_r1,NonOverlappingTemplate,template=25,100,96,4,0,0.96,0.960150376887,True,0.0183740364446,1.0,False
block_r1,NonOverlappingTemplate,template=26,100,99,1,0,0.99,0.960150376887,False,0.633967658727,1.0,False
block_r1,NonOverlappingTemplate,template=27,100,99,1,0,0.99,0.960150376887,False,0.633967658727,1.0,False
block_r1,NonOverlappingTemplate,template=28,100,100,0,0,1,0.960150376887,False,1,1.0,False
block_r1,NonOverlappingTemplate,template=29,100,99,1,0,0.99,0.960150376887,False,0.633967658727,1.0,False
block_r1,NonOverlappingTemplate,template=30,100,100,0,0,1,0.960150376887,False,1,1.0,False
block_r1,NonOverlappingTemplate,template=31,100,100,0,0,1,0.960150376887,False,1,1.0,False
block_r1,NonOverlappingTemplate,template=32,100,98,2,0,0.98,0.960150376887,False,0.264238021077,1.0,False
block_r1,NonOverlappingTemplate,template=33,100,98,2,0,0.98,0.960150376887,False,0.264238021077,1.0,False
block_r1,NonOverlappingTemplate,template=34,100,100,0,0,1,0.960150376887,False,1,1.0,False
block_r1,NonOverlappingTemplate,template=35,100,99,1,0,0.99,0.960150376887,False,0.633967658727,1.0,False
block_r1,NonOverlappingTemplate,template=36,100,99,1,0,0.99,0.960150376887,False,0.633967658727,1.0,False
block_r1,NonOverlappingTemplate,template=37,100,100,0,0,1,0.960150376887,False,1,1.0,False
block_r1,NonOverlappingTemplate,template=38,100,98,2,0,0.98,0.960150376887,False,0.264238021077,1.0,False
block_r1,NonOverlappingTemplate,template=39,100,99,1,0,0.99,0.960150376887,False,0.633967658727,1.0,False
block_r1,NonOverlappingTemplate,template=40,100,99,1,0,0.99,0.960150376887,False,0.633967658727,1.0,False
block_r1,NonOverlappingTemplate,template=41,100,99,1,0,0.99,0.960150376887,False,0.633967658727,1.0,False
block_r1,NonOverlappingTemplate,template=42,100,100,0,0,1,0.960150376887,False,1,1.0,False
block_r1,NonOverlappingTemplate,template=43,100,99,1,0,0.99,0.960150376887,False,0.633967658727,1.0,False
block_r1,NonOverlappingTemplate,template=44,100,97,3,0,0.97,0.960150376887,False,0.0793732022522,1.0,False
block_r1,NonOverlappingTemplate,template=45,100,98,2,0,0.98,0.960150376887,False,0.264238021077,1.0,False
block_r1,NonOverlappingTemplate,template=46,100,97,3,0,0.97,0.960150376887,False,0.0793732022522,1.0,False
block_r1,NonOverlappingTemplate,template=47,100,99,1,0,0.99,0.960150376887,False,0.633967658727,1.0,False
block_r1,NonOverlappingTemplate,template=48,100,97,3,0,0.97,0.960150376887,False,0.0793732022522,1.0,False
block_r1,NonOverlappingTemplate,template=49,100,100,0,0,1,0.960150376887,False,1,1.0,False
block_r1,NonOverlappingTemplate,template=50,100,99,1,0,0.99,0.960150376887,False,0.633967658727,1.0,False
block_r1,NonOverlappingTemplate,template=51,100,100,0,0,1,0.960150376887,False,1,1.0,False
block_r1,NonOverlappingTemplate,template=52,100,99,1,0,0.99,0.960150376887,False,0.633967658727,1.0,False
block_r1,NonOverlappingTemplate,template=53,100,97,3,0,0.97,0.960150376887,False,0.0793732022522,1.0,False
block_r1,NonOverlappingTemplate,template=54,100,99,1,0,0.99,0.960150376887,False,0.633967658727,1.0,False
block_r1,NonOverlappingTemplate,template=55,100,97,3,0,0.97,0.960150376887,False,0.0793732022522,1.0,False
block_r1,NonOverlappingTemplate,template=56,100,99,1,0,0.99,0.960150376887,False,0.633967658727,1.0,False
block_r1,NonOverlappingTemplate,template=57,100,100,0,0,1,0.960150376887,False,1,1.0,False
block_r1,NonOverlappingTemplate,template=58,100,100,0,0,1,0.960150376887,False,1,1.0,False
block_r1,NonOverlappingTemplate,template=59,100,99,1,0,0.99,0.960150376887,False,0.633967658727,1.0,False
block_r1,NonOverlappingTemplate,template=60,100,100,0,0,1,0.960150376887,False,1,1.0,False
block_r1,NonOverlappingTemplate,template=61,100,100,0,0,1,0.960150376887,False,1,1.0,False
block_r1,NonOverlappingTemplate,template=62,100,99,1,0,0.99,0.960150376887,False,0.633967658727,1.0,False
block_r1,NonOverlappingTemplate,template=63,100,99,1,0,0.99,0.960150376887,False,0.633967658727,1.0,False
block_r1,NonOverlappingTemplate,template=64,100,99,1,0,0.99,0.960150376887,False,0.633967658727,1.0,False
block_r1,NonOverlappingTemplate,template=65,100,99,1,0,0.99,0.960150376887,False,0.633967658727,1.0,False
block_r1,NonOverlappingTemplate,template=66,100,100,0,0,1,0.960150376887,False,1,1.0,False
block_r1,NonOverlappingTemplate,template=67,100,98,2,0,0.98,0.960150376887,False,0.264238021077,1.0,False
block_r1,NonOverlappingTemplate,template=68,100,100,0,0,1,0.960150376887,False,1,1.0,False
block_r1,NonOverlappingTemplate,template=69,100,100,0,0,1,0.960150376887,False,1,1.0,False
block_r1,NonOverlappingTemplate,template=70,100,98,2,0,0.98,0.960150376887,False,0.264238021077,1.0,False
block_r1,NonOverlappingTemplate,template=71,100,100,0,0,1,0.960150376887,False,1,1.0,False
block_r1,NonOverlappingTemplate,template=72,100,100,0,0,1,0.960150376887,False,1,1.0,False
block_r1,NonOverlappingTemplate,template=73,100,100,0,0,1,0.960150376887,False,1,1.0,False
block_r1,NonOverlappingTemplate,template=74,100,98,2,0,0.98,0.960150376887,False,0.264238021077,1.0,False
block_r1,NonOverlappingTemplate,template=75,100,99,1,0,0.99,0.960150376887,False,0.633967658727,1.0,False
block_r1,NonOverlappingTemplate,template=76,100,99,1,0,0.99,0.960150376887,False,0.633967658727,1.0,False
block_r1,NonOverlappingTemplate,template=77,100,99,1,0,0.99,0.960150376887,False,0.633967658727,1.0,False
block_r1,NonOverlappingTemplate,template=78,100,98,2,0,0.98,0.960150376887,False,0.264238021077,1.0,False
block_r1,NonOverlappingTemplate,template=79,100,99,1,0,0.99,0.960150376887,False,0.633967658727,1.0,False
block_r1,NonOverlappingTemplate,template=80,100,98,2,0,0.98,0.960150376887,False,0.264238021077,1.0,False
block_r1,NonOverlappingTemplate,template=81,100,99,1,0,0.99,0.960150376887,False,0.633967658727,1.0,False
block_r1,NonOverlappingTemplate,template=82,100,99,1,0,0.99,0.960150376887,False,0.633967658727,1.0,False
block_r1,NonOverlappingTemplate,template=83,100,97,3,0,0.97,0.960150376887,False,0.0793732022522,1.0,False
block_r1,NonOverlappingTemplate,template=84,100,98,2,0,0.98,0.960150376887,False,0.264238021077,1.0,False
block_r1,NonOverlappingTemplate,template=85,100,100,0,0,1,0.960150376887,False,1,1.0,False
block_r1,NonOverlappingTemplate,template=86,100,98,2,0,0.98,0.960150376887,False,0.264238021077,1.0,False
block_r1,NonOverlappingTemplate,template=87,100,99,1,0,0.99,0.960150376887,False,0.633967658727,1.0,False
block_r1,NonOverlappingTemplate,template=88,100,100,0,0,1,0.960150376887,False,1,1.0,False
block_r1,NonOverlappingTemplate,template=89,100,99,1,0,0.99,0.960150376887,False,0.633967658727,1.0,False
block_r1,NonOverlappingTemplate,template=90,100,98,2,0,0.98,0.960150376887,False,0.264238021077,1.0,False
block_r1,NonOverlappingTemplate,template=91,100,98,2,0,0.98,0.960150376887,False,0.264238021077,1.0,False
block_r1,NonOverlappingTemplate,template=92,100,100,0,0,1,0.960150376887,False,1,1.0,False
block_r1,NonOverlappingTemplate,template=93,100,97,3,0,0.97,0.960150376887,False,0.0793732022522,1.0,False
block_r1,NonOverlappingTemplate,template=94,100,98,2,0,0.98,0.960150376887,False,0.264238021077,1.0,False
block_r1,NonOverlappingTemplate,template=95,100,96,4,0,0.96,0.960150376887,True,0.0183740364446,1.0,False
block_r1,NonOverlappingTemplate,template=96,100,100,0,0,1,0.960150376887,False,1,1.0,False
block_r1,NonOverlappingTemplate,template=97,100,97,3,0,0.97,0.960150376887,False,0.0793732022522,1.0,False
block_r1,NonOverlappingTemplate,template=98,100,99,1,0,0.99,0.960150376887,False,0.633967658727,1.0,False
block_r1,NonOverlappingTemplate,template=99,100,98,2,0,0.98,0.960150376887,False,0.264238021077,1.0,False
block_r1,NonOverlappingTemplate,template=100,100,98,2,0,0.98,0.960150376887,False,0.264238021077,1.0,False
block_r1,NonOverlappingTemplate,template=101,100,99,1,0,0.99,0.960150376887,False,0.633967658727,1.0,False
block_r1,NonOverlappingTemplate,template=102,100,97,3,0,0.97,0.960150376887,False,0.0793732022522,1.0,False
block_r1,NonOverlappingTemplate,template=103,100,99,1,0,0.99,0.960150376887,False,0.633967658727,1.0,False
block_r1,NonOverlappingTemplate,template=104,100,99,1,0,0.99,0.960150376887,False,0.633967658727,1.0,False
block_r1,NonOverlappingTemplate,template=105,100,100,0,0,1,0.960150376887,False,1,1.0,False
block_r1,NonOverlappingTemplate,template=106,100,100,0,0,1,0.960150376887,False,1,1.0,False
block_r1,NonOverlappingTemplate,template=107,100,100,0,0,1,0.960150376887,False,1,1.0,False
block_r1,NonOverlappingTemplate,template=108,100,100,0,0,1,0.960150376887,False,1,1.0,False
block_r1,NonOverlappingTemplate,template=109,100,99,1,0,0.99,0.960150376887,False,0.633967658727,1.0,False
block_r1,NonOverlappingTemplate,template=110,100,99,1,0,0.99,0.960150376887,False,0.633967658727,1.0,False
block_r1,NonOverlappingTemplate,template=111,100,98,2,0,0.98,0.960150376887,False,0.264238021077,1.0,False
block_r1,NonOverlappingTemplate,template=112,100,100,0,0,1,0.960150376887,False,1,1.0,False
block_r1,NonOverlappingTemplate,template=113,100,100,0,0,1,0.960150376887,False,1,1.0,False
block_r1,NonOverlappingTemplate,template=114,100,100,0,0,1,0.960150376887,False,1,1.0,False
block_r1,NonOverlappingTemplate,template=115,100,99,1,0,0.99,0.960150376887,False,0.633967658727,1.0,False
block_r1,NonOverlappingTemplate,template=116,100,99,1,0,0.99,0.960150376887,False,0.633967658727,1.0,False
block_r1,NonOverlappingTemplate,template=117,100,98,2,0,0.98,0.960150376887,False,0.264238021077,1.0,False
block_r1,NonOverlappingTemplate,template=118,100,99,1,0,0.99,0.960150376887,False,0.633967658727,1.0,False
block_r1,NonOverlappingTemplate,template=119,100,100,0,0,1,0.960150376887,False,1,1.0,False
block_r1,NonOverlappingTemplate,template=120,100,99,1,0,0.99,0.960150376887,False,0.633967658727,1.0,False
block_r1,NonOverlappingTemplate,template=121,100,98,2,0,0.98,0.960150376887,False,0.264238021077,1.0,False
block_r1,NonOverlappingTemplate,template=122,100,100,0,0,1,0.960150376887,False,1,1.0,False
block_r1,NonOverlappingTemplate,template=123,100,99,1,0,0.99,0.960150376887,False,0.633967658727,1.0,False
block_r1,NonOverlappingTemplate,template=124,100,100,0,0,1,0.960150376887,False,1,1.0,False
block_r1,NonOverlappingTemplate,template=125,100,100,0,0,1,0.960150376887,False,1,1.0,False
block_r1,NonOverlappingTemplate,template=126,100,100,0,0,1,0.960150376887,False,1,1.0,False
block_r1,NonOverlappingTemplate,template=127,100,100,0,0,1,0.960150376887,False,1,1.0,False
block_r1,NonOverlappingTemplate,template=128,100,99,1,0,0.99,0.960150376887,False,0.633967658727,1.0,False
block_r1,NonOverlappingTemplate,template=129,100,99,1,0,0.99,0.960150376887,False,0.633967658727,1.0,False
block_r1,NonOverlappingTemplate,template=130,100,100,0,0,1,0.960150376887,False,1,1.0,False
block_r1,NonOverlappingTemplate,template=131,100,96,4,0,0.96,0.960150376887,True,0.0183740364446,1.0,False
block_r1,NonOverlappingTemplate,template=132,100,99,1,0,0.99,0.960150376887,False,0.633967658727,1.0,False
block_r1,NonOverlappingTemplate,template=133,100,98,2,0,0.98,0.960150376887,False,0.264238021077,1.0,False
block_r1,NonOverlappingTemplate,template=134,100,97,3,0,0.97,0.960150376887,False,0.0793732022522,1.0,False
block_r1,NonOverlappingTemplate,template=135,100,98,2,0,0.98,0.960150376887,False,0.264238021077,1.0,False
block_r1,NonOverlappingTemplate,template=136,100,99,1,0,0.99,0.960150376887,False,0.633967658727,1.0,False
block_r1,NonOverlappingTemplate,template=137,100,99,1,0,0.99,0.960150376887,False,0.633967658727,1.0,False
block_r1,NonOverlappingTemplate,template=138,100,99,1,0,0.99,0.960150376887,False,0.633967658727,1.0,False
block_r1,NonOverlappingTemplate,template=139,100,99,1,0,0.99,0.960150376887,False,0.633967658727,1.0,False
block_r1,NonOverlappingTemplate,template=140,100,99,1,0,0.99,0.960150376887,False,0.633967658727,1.0,False
block_r1,NonOverlappingTemplate,template=141,100,96,4,0,0.96,0.960150376887,True,0.0183740364446,1.0,False
block_r1,NonOverlappingTemplate,template=142,100,100,0,0,1,0.960150376887,False,1,1.0,False
block_r1,NonOverlappingTemplate,template=143,100,99,1,0,0.99,0.960150376887,False,0.633967658727,1.0,False
block_r1,NonOverlappingTemplate,template=144,100,100,0,0,1,0.960150376887,False,1,1.0,False
block_r1,NonOverlappingTemplate,template=145,100,99,1,0,0.99,0.960150376887,False,0.633967658727,1.0,False
block_r1,NonOverlappingTemplate,template=146,100,100,0,0,1,0.960150376887,False,1,1.0,False
block_r1,NonOverlappingTemplate,template=147,100,100,0,0,1,0.960150376887,False,1,1.0,False
block_r1,NonOverlappingTemplate,template=148,100,98,2,0,0.98,0.960150376887,False,0.264238021077,1.0,False
block_r1,OverlappingTemplate,component=1,100,99,1,0,0.99,0.960150376887,False,0.633967658727,1.0,False
block_r1,Universal,component=1,100,98,2,0,0.98,0.960150376887,False,0.264238021077,1.0,False
block_r1,ApproximateEntropy,component=1,100,100,0,0,1,0.960150376887,False,1,1.0,False
block_r1,RandomExcursions,state=-4,64,64,0,36,1,0.952687971109,False,1,1.0,False
block_r1,RandomExcursions,state=-3,64,63,1,36,0.984375,0.952687971109,False,0.474403512474,1.0,False
block_r1,RandomExcursions,state=-2,64,63,1,36,0.984375,0.952687971109,False,0.474403512474,1.0,False
block_r1,RandomExcursions,state=-1,64,63,1,36,0.984375,0.952687971109,False,0.474403512474,1.0,False
block_r1,RandomExcursions,state=1,64,64,0,36,1,0.952687971109,False,1,1.0,False
block_r1,RandomExcursions,state=2,64,63,1,36,0.984375,0.952687971109,False,0.474403512474,1.0,False
block_r1,RandomExcursions,state=3,64,64,0,36,1,0.952687971109,False,1,1.0,False
block_r1,RandomExcursions,state=4,64,64,0,36,1,0.952687971109,False,1,1.0,False
block_r1,RandomExcursionsVariant,state=-9,64,63,1,36,0.984375,0.952687971109,False,0.474403512474,1.0,False
block_r1,RandomExcursionsVariant,state=-8,64,64,0,36,1,0.952687971109,False,1,1.0,False
block_r1,RandomExcursionsVariant,state=-7,64,64,0,36,1,0.952687971109,False,1,1.0,False
block_r1,RandomExcursionsVariant,state=-6,64,64,0,36,1,0.952687971109,False,1,1.0,False
block_r1,RandomExcursionsVariant,state=-5,64,64,0,36,1,0.952687971109,False,1,1.0,False
block_r1,RandomExcursionsVariant,state=-4,64,64,0,36,1,0.952687971109,False,1,1.0,False
block_r1,RandomExcursionsVariant,state=-3,64,64,0,36,1,0.952687971109,False,1,1.0,False
block_r1,RandomExcursionsVariant,state=-2,64,64,0,36,1,0.952687971109,False,1,1.0,False
block_r1,RandomExcursionsVariant,state=-1,64,64,0,36,1,0.952687971109,False,1,1.0,False
block_r1,RandomExcursionsVariant,state=1,64,64,0,36,1,0.952687971109,False,1,1.0,False
block_r1,RandomExcursionsVariant,state=2,64,63,1,36,0.984375,0.952687971109,False,0.474403512474,1.0,False
block_r1,RandomExcursionsVariant,state=3,64,64,0,36,1,0.952687971109,False,1,1.0,False
block_r1,RandomExcursionsVariant,state=4,64,64,0,36,1,0.952687971109,False,1,1.0,False
block_r1,RandomExcursionsVariant,state=5,64,64,0,36,1,0.952687971109,False,1,1.0,False
block_r1,RandomExcursionsVariant,state=6,64,64,0,36,1,0.952687971109,False,1,1.0,False
block_r1,RandomExcursionsVariant,state=7,64,63,1,36,0.984375,0.952687971109,False,0.474403512474,1.0,False
block_r1,RandomExcursionsVariant,state=8,64,64,0,36,1,0.952687971109,False,1,1.0,False
block_r1,RandomExcursionsVariant,state=9,64,64,0,36,1,0.952687971109,False,1,1.0,False
block_r1,Serial,m,100,100,0,0,1,0.960150376887,False,1,1.0,False
block_r1,Serial,m-1,100,100,0,0,1,0.960150376887,False,1,1.0,False
block_r1,LinearComplexity,component=1,100,97,3,0,0.97,0.960150376887,False,0.0793732022522,1.0,False
auth_tag,Frequency,component=1,100,97,3,0,0.97,0.960150376887,False,0.0793732022522,1.0,False
auth_tag,BlockFrequency,component=1,100,100,0,0,1,0.960150376887,False,1,1.0,False
auth_tag,CumulativeSums,forward,100,97,3,0,0.97,0.960150376887,False,0.0793732022522,1.0,False
auth_tag,CumulativeSums,reverse,100,98,2,0,0.98,0.960150376887,False,0.264238021077,1.0,False
auth_tag,Runs,component=1,100,99,1,0,0.99,0.960150376887,False,0.633967658727,1.0,False
auth_tag,LongestRun,component=1,100,98,2,0,0.98,0.960150376887,False,0.264238021077,1.0,False
auth_tag,Rank,component=1,100,99,1,0,0.99,0.960150376887,False,0.633967658727,1.0,False
auth_tag,FFT,component=1,100,100,0,0,1,0.960150376887,False,1,1.0,False
auth_tag,NonOverlappingTemplate,template=1,100,98,2,0,0.98,0.960150376887,False,0.264238021077,1.0,False
auth_tag,NonOverlappingTemplate,template=2,100,99,1,0,0.99,0.960150376887,False,0.633967658727,1.0,False
auth_tag,NonOverlappingTemplate,template=3,100,100,0,0,1,0.960150376887,False,1,1.0,False
auth_tag,NonOverlappingTemplate,template=4,100,97,3,0,0.97,0.960150376887,False,0.0793732022522,1.0,False
auth_tag,NonOverlappingTemplate,template=5,100,100,0,0,1,0.960150376887,False,1,1.0,False
auth_tag,NonOverlappingTemplate,template=6,100,99,1,0,0.99,0.960150376887,False,0.633967658727,1.0,False
auth_tag,NonOverlappingTemplate,template=7,100,96,4,0,0.96,0.960150376887,True,0.0183740364446,1.0,False
auth_tag,NonOverlappingTemplate,template=8,100,99,1,0,0.99,0.960150376887,False,0.633967658727,1.0,False
auth_tag,NonOverlappingTemplate,template=9,100,98,2,0,0.98,0.960150376887,False,0.264238021077,1.0,False
auth_tag,NonOverlappingTemplate,template=10,100,100,0,0,1,0.960150376887,False,1,1.0,False
auth_tag,NonOverlappingTemplate,template=11,100,100,0,0,1,0.960150376887,False,1,1.0,False
auth_tag,NonOverlappingTemplate,template=12,100,99,1,0,0.99,0.960150376887,False,0.633967658727,1.0,False
auth_tag,NonOverlappingTemplate,template=13,100,100,0,0,1,0.960150376887,False,1,1.0,False
auth_tag,NonOverlappingTemplate,template=14,100,99,1,0,0.99,0.960150376887,False,0.633967658727,1.0,False
auth_tag,NonOverlappingTemplate,template=15,100,100,0,0,1,0.960150376887,False,1,1.0,False
auth_tag,NonOverlappingTemplate,template=16,100,100,0,0,1,0.960150376887,False,1,1.0,False
auth_tag,NonOverlappingTemplate,template=17,100,98,2,0,0.98,0.960150376887,False,0.264238021077,1.0,False
auth_tag,NonOverlappingTemplate,template=18,100,99,1,0,0.99,0.960150376887,False,0.633967658727,1.0,False
auth_tag,NonOverlappingTemplate,template=19,100,99,1,0,0.99,0.960150376887,False,0.633967658727,1.0,False
auth_tag,NonOverlappingTemplate,template=20,100,100,0,0,1,0.960150376887,False,1,1.0,False
auth_tag,NonOverlappingTemplate,template=21,100,100,0,0,1,0.960150376887,False,1,1.0,False
auth_tag,NonOverlappingTemplate,template=22,100,100,0,0,1,0.960150376887,False,1,1.0,False
auth_tag,NonOverlappingTemplate,template=23,100,100,0,0,1,0.960150376887,False,1,1.0,False
auth_tag,NonOverlappingTemplate,template=24,100,100,0,0,1,0.960150376887,False,1,1.0,False
auth_tag,NonOverlappingTemplate,template=25,100,99,1,0,0.99,0.960150376887,False,0.633967658727,1.0,False
auth_tag,NonOverlappingTemplate,template=26,100,98,2,0,0.98,0.960150376887,False,0.264238021077,1.0,False
auth_tag,NonOverlappingTemplate,template=27,100,99,1,0,0.99,0.960150376887,False,0.633967658727,1.0,False
auth_tag,NonOverlappingTemplate,template=28,100,99,1,0,0.99,0.960150376887,False,0.633967658727,1.0,False
auth_tag,NonOverlappingTemplate,template=29,100,98,2,0,0.98,0.960150376887,False,0.264238021077,1.0,False
auth_tag,NonOverlappingTemplate,template=30,100,99,1,0,0.99,0.960150376887,False,0.633967658727,1.0,False
auth_tag,NonOverlappingTemplate,template=31,100,98,2,0,0.98,0.960150376887,False,0.264238021077,1.0,False
auth_tag,NonOverlappingTemplate,template=32,100,100,0,0,1,0.960150376887,False,1,1.0,False
auth_tag,NonOverlappingTemplate,template=33,100,100,0,0,1,0.960150376887,False,1,1.0,False
auth_tag,NonOverlappingTemplate,template=34,100,100,0,0,1,0.960150376887,False,1,1.0,False
auth_tag,NonOverlappingTemplate,template=35,100,98,2,0,0.98,0.960150376887,False,0.264238021077,1.0,False
auth_tag,NonOverlappingTemplate,template=36,100,99,1,0,0.99,0.960150376887,False,0.633967658727,1.0,False
auth_tag,NonOverlappingTemplate,template=37,100,99,1,0,0.99,0.960150376887,False,0.633967658727,1.0,False
auth_tag,NonOverlappingTemplate,template=38,100,98,2,0,0.98,0.960150376887,False,0.264238021077,1.0,False
auth_tag,NonOverlappingTemplate,template=39,100,98,2,0,0.98,0.960150376887,False,0.264238021077,1.0,False
auth_tag,NonOverlappingTemplate,template=40,100,98,2,0,0.98,0.960150376887,False,0.264238021077,1.0,False
auth_tag,NonOverlappingTemplate,template=41,100,100,0,0,1,0.960150376887,False,1,1.0,False
auth_tag,NonOverlappingTemplate,template=42,100,100,0,0,1,0.960150376887,False,1,1.0,False
auth_tag,NonOverlappingTemplate,template=43,100,98,2,0,0.98,0.960150376887,False,0.264238021077,1.0,False
auth_tag,NonOverlappingTemplate,template=44,100,98,2,0,0.98,0.960150376887,False,0.264238021077,1.0,False
auth_tag,NonOverlappingTemplate,template=45,100,100,0,0,1,0.960150376887,False,1,1.0,False
auth_tag,NonOverlappingTemplate,template=46,100,98,2,0,0.98,0.960150376887,False,0.264238021077,1.0,False
auth_tag,NonOverlappingTemplate,template=47,100,96,4,0,0.96,0.960150376887,True,0.0183740364446,1.0,False
auth_tag,NonOverlappingTemplate,template=48,100,99,1,0,0.99,0.960150376887,False,0.633967658727,1.0,False
auth_tag,NonOverlappingTemplate,template=49,100,99,1,0,0.99,0.960150376887,False,0.633967658727,1.0,False
auth_tag,NonOverlappingTemplate,template=50,100,100,0,0,1,0.960150376887,False,1,1.0,False
auth_tag,NonOverlappingTemplate,template=51,100,99,1,0,0.99,0.960150376887,False,0.633967658727,1.0,False
auth_tag,NonOverlappingTemplate,template=52,100,100,0,0,1,0.960150376887,False,1,1.0,False
auth_tag,NonOverlappingTemplate,template=53,100,100,0,0,1,0.960150376887,False,1,1.0,False
auth_tag,NonOverlappingTemplate,template=54,100,98,2,0,0.98,0.960150376887,False,0.264238021077,1.0,False
auth_tag,NonOverlappingTemplate,template=55,100,98,2,0,0.98,0.960150376887,False,0.264238021077,1.0,False
auth_tag,NonOverlappingTemplate,template=56,100,98,2,0,0.98,0.960150376887,False,0.264238021077,1.0,False
auth_tag,NonOverlappingTemplate,template=57,100,100,0,0,1,0.960150376887,False,1,1.0,False
auth_tag,NonOverlappingTemplate,template=58,100,100,0,0,1,0.960150376887,False,1,1.0,False
auth_tag,NonOverlappingTemplate,template=59,100,99,1,0,0.99,0.960150376887,False,0.633967658727,1.0,False
auth_tag,NonOverlappingTemplate,template=60,100,100,0,0,1,0.960150376887,False,1,1.0,False
auth_tag,NonOverlappingTemplate,template=61,100,100,0,0,1,0.960150376887,False,1,1.0,False
auth_tag,NonOverlappingTemplate,template=62,100,99,1,0,0.99,0.960150376887,False,0.633967658727,1.0,False
auth_tag,NonOverlappingTemplate,template=63,100,98,2,0,0.98,0.960150376887,False,0.264238021077,1.0,False
auth_tag,NonOverlappingTemplate,template=64,100,99,1,0,0.99,0.960150376887,False,0.633967658727,1.0,False
auth_tag,NonOverlappingTemplate,template=65,100,96,4,0,0.96,0.960150376887,True,0.0183740364446,1.0,False
auth_tag,NonOverlappingTemplate,template=66,100,99,1,0,0.99,0.960150376887,False,0.633967658727,1.0,False
auth_tag,NonOverlappingTemplate,template=67,100,99,1,0,0.99,0.960150376887,False,0.633967658727,1.0,False
auth_tag,NonOverlappingTemplate,template=68,100,98,2,0,0.98,0.960150376887,False,0.264238021077,1.0,False
auth_tag,NonOverlappingTemplate,template=69,100,96,4,0,0.96,0.960150376887,True,0.0183740364446,1.0,False
auth_tag,NonOverlappingTemplate,template=70,100,98,2,0,0.98,0.960150376887,False,0.264238021077,1.0,False
auth_tag,NonOverlappingTemplate,template=71,100,98,2,0,0.98,0.960150376887,False,0.264238021077,1.0,False
auth_tag,NonOverlappingTemplate,template=72,100,99,1,0,0.99,0.960150376887,False,0.633967658727,1.0,False
auth_tag,NonOverlappingTemplate,template=73,100,98,2,0,0.98,0.960150376887,False,0.264238021077,1.0,False
auth_tag,NonOverlappingTemplate,template=74,100,99,1,0,0.99,0.960150376887,False,0.633967658727,1.0,False
auth_tag,NonOverlappingTemplate,template=75,100,98,2,0,0.98,0.960150376887,False,0.264238021077,1.0,False
auth_tag,NonOverlappingTemplate,template=76,100,99,1,0,0.99,0.960150376887,False,0.633967658727,1.0,False
auth_tag,NonOverlappingTemplate,template=77,100,98,2,0,0.98,0.960150376887,False,0.264238021077,1.0,False
auth_tag,NonOverlappingTemplate,template=78,100,100,0,0,1,0.960150376887,False,1,1.0,False
auth_tag,NonOverlappingTemplate,template=79,100,99,1,0,0.99,0.960150376887,False,0.633967658727,1.0,False
auth_tag,NonOverlappingTemplate,template=80,100,100,0,0,1,0.960150376887,False,1,1.0,False
auth_tag,NonOverlappingTemplate,template=81,100,98,2,0,0.98,0.960150376887,False,0.264238021077,1.0,False
auth_tag,NonOverlappingTemplate,template=82,100,100,0,0,1,0.960150376887,False,1,1.0,False
auth_tag,NonOverlappingTemplate,template=83,100,100,0,0,1,0.960150376887,False,1,1.0,False
auth_tag,NonOverlappingTemplate,template=84,100,98,2,0,0.98,0.960150376887,False,0.264238021077,1.0,False
auth_tag,NonOverlappingTemplate,template=85,100,98,2,0,0.98,0.960150376887,False,0.264238021077,1.0,False
auth_tag,NonOverlappingTemplate,template=86,100,99,1,0,0.99,0.960150376887,False,0.633967658727,1.0,False
auth_tag,NonOverlappingTemplate,template=87,100,97,3,0,0.97,0.960150376887,False,0.0793732022522,1.0,False
auth_tag,NonOverlappingTemplate,template=88,100,100,0,0,1,0.960150376887,False,1,1.0,False
auth_tag,NonOverlappingTemplate,template=89,100,99,1,0,0.99,0.960150376887,False,0.633967658727,1.0,False
auth_tag,NonOverlappingTemplate,template=90,100,99,1,0,0.99,0.960150376887,False,0.633967658727,1.0,False
auth_tag,NonOverlappingTemplate,template=91,100,98,2,0,0.98,0.960150376887,False,0.264238021077,1.0,False
auth_tag,NonOverlappingTemplate,template=92,100,100,0,0,1,0.960150376887,False,1,1.0,False
auth_tag,NonOverlappingTemplate,template=93,100,100,0,0,1,0.960150376887,False,1,1.0,False
auth_tag,NonOverlappingTemplate,template=94,100,98,2,0,0.98,0.960150376887,False,0.264238021077,1.0,False
auth_tag,NonOverlappingTemplate,template=95,100,100,0,0,1,0.960150376887,False,1,1.0,False
auth_tag,NonOverlappingTemplate,template=96,100,99,1,0,0.99,0.960150376887,False,0.633967658727,1.0,False
auth_tag,NonOverlappingTemplate,template=97,100,100,0,0,1,0.960150376887,False,1,1.0,False
auth_tag,NonOverlappingTemplate,template=98,100,100,0,0,1,0.960150376887,False,1,1.0,False
auth_tag,NonOverlappingTemplate,template=99,100,97,3,0,0.97,0.960150376887,False,0.0793732022522,1.0,False
auth_tag,NonOverlappingTemplate,template=100,100,98,2,0,0.98,0.960150376887,False,0.264238021077,1.0,False
auth_tag,NonOverlappingTemplate,template=101,100,99,1,0,0.99,0.960150376887,False,0.633967658727,1.0,False
auth_tag,NonOverlappingTemplate,template=102,100,97,3,0,0.97,0.960150376887,False,0.0793732022522,1.0,False
auth_tag,NonOverlappingTemplate,template=103,100,99,1,0,0.99,0.960150376887,False,0.633967658727,1.0,False
auth_tag,NonOverlappingTemplate,template=104,100,100,0,0,1,0.960150376887,False,1,1.0,False
auth_tag,NonOverlappingTemplate,template=105,100,98,2,0,0.98,0.960150376887,False,0.264238021077,1.0,False
auth_tag,NonOverlappingTemplate,template=106,100,99,1,0,0.99,0.960150376887,False,0.633967658727,1.0,False
auth_tag,NonOverlappingTemplate,template=107,100,97,3,0,0.97,0.960150376887,False,0.0793732022522,1.0,False
auth_tag,NonOverlappingTemplate,template=108,100,99,1,0,0.99,0.960150376887,False,0.633967658727,1.0,False
auth_tag,NonOverlappingTemplate,template=109,100,100,0,0,1,0.960150376887,False,1,1.0,False
auth_tag,NonOverlappingTemplate,template=110,100,97,3,0,0.97,0.960150376887,False,0.0793732022522,1.0,False
auth_tag,NonOverlappingTemplate,template=111,100,100,0,0,1,0.960150376887,False,1,1.0,False
auth_tag,NonOverlappingTemplate,template=112,100,97,3,0,0.97,0.960150376887,False,0.0793732022522,1.0,False
auth_tag,NonOverlappingTemplate,template=113,100,100,0,0,1,0.960150376887,False,1,1.0,False
auth_tag,NonOverlappingTemplate,template=114,100,98,2,0,0.98,0.960150376887,False,0.264238021077,1.0,False
auth_tag,NonOverlappingTemplate,template=115,100,99,1,0,0.99,0.960150376887,False,0.633967658727,1.0,False
auth_tag,NonOverlappingTemplate,template=116,100,99,1,0,0.99,0.960150376887,False,0.633967658727,1.0,False
auth_tag,NonOverlappingTemplate,template=117,100,99,1,0,0.99,0.960150376887,False,0.633967658727,1.0,False
auth_tag,NonOverlappingTemplate,template=118,100,97,3,0,0.97,0.960150376887,False,0.0793732022522,1.0,False
auth_tag,NonOverlappingTemplate,template=119,100,99,1,0,0.99,0.960150376887,False,0.633967658727,1.0,False
auth_tag,NonOverlappingTemplate,template=120,100,100,0,0,1,0.960150376887,False,1,1.0,False
auth_tag,NonOverlappingTemplate,template=121,100,99,1,0,0.99,0.960150376887,False,0.633967658727,1.0,False
auth_tag,NonOverlappingTemplate,template=122,100,99,1,0,0.99,0.960150376887,False,0.633967658727,1.0,False
auth_tag,NonOverlappingTemplate,template=123,100,99,1,0,0.99,0.960150376887,False,0.633967658727,1.0,False
auth_tag,NonOverlappingTemplate,template=124,100,100,0,0,1,0.960150376887,False,1,1.0,False
auth_tag,NonOverlappingTemplate,template=125,100,99,1,0,0.99,0.960150376887,False,0.633967658727,1.0,False
auth_tag,NonOverlappingTemplate,template=126,100,98,2,0,0.98,0.960150376887,False,0.264238021077,1.0,False
auth_tag,NonOverlappingTemplate,template=127,100,100,0,0,1,0.960150376887,False,1,1.0,False
auth_tag,NonOverlappingTemplate,template=128,100,99,1,0,0.99,0.960150376887,False,0.633967658727,1.0,False
auth_tag,NonOverlappingTemplate,template=129,100,100,0,0,1,0.960150376887,False,1,1.0,False
auth_tag,NonOverlappingTemplate,template=130,100,99,1,0,0.99,0.960150376887,False,0.633967658727,1.0,False
auth_tag,NonOverlappingTemplate,template=131,100,99,1,0,0.99,0.960150376887,False,0.633967658727,1.0,False
auth_tag,NonOverlappingTemplate,template=132,100,100,0,0,1,0.960150376887,False,1,1.0,False
auth_tag,NonOverlappingTemplate,template=133,100,100,0,0,1,0.960150376887,False,1,1.0,False
auth_tag,NonOverlappingTemplate,template=134,100,100,0,0,1,0.960150376887,False,1,1.0,False
auth_tag,NonOverlappingTemplate,template=135,100,98,2,0,0.98,0.960150376887,False,0.264238021077,1.0,False
auth_tag,NonOverlappingTemplate,template=136,100,98,2,0,0.98,0.960150376887,False,0.264238021077,1.0,False
auth_tag,NonOverlappingTemplate,template=137,100,94,6,0,0.94,0.960150376887,True,0.000534534463993,0.401969916922736,False
auth_tag,NonOverlappingTemplate,template=138,100,97,3,0,0.97,0.960150376887,False,0.0793732022522,1.0,False
auth_tag,NonOverlappingTemplate,template=139,100,98,2,0,0.98,0.960150376887,False,0.264238021077,1.0,False
auth_tag,NonOverlappingTemplate,template=140,100,98,2,0,0.98,0.960150376887,False,0.264238021077,1.0,False
auth_tag,NonOverlappingTemplate,template=141,100,99,1,0,0.99,0.960150376887,False,0.633967658727,1.0,False
auth_tag,NonOverlappingTemplate,template=142,100,99,1,0,0.99,0.960150376887,False,0.633967658727,1.0,False
auth_tag,NonOverlappingTemplate,template=143,100,99,1,0,0.99,0.960150376887,False,0.633967658727,1.0,False
auth_tag,NonOverlappingTemplate,template=144,100,100,0,0,1,0.960150376887,False,1,1.0,False
auth_tag,NonOverlappingTemplate,template=145,100,100,0,0,1,0.960150376887,False,1,1.0,False
auth_tag,NonOverlappingTemplate,template=146,100,100,0,0,1,0.960150376887,False,1,1.0,False
auth_tag,NonOverlappingTemplate,template=147,100,100,0,0,1,0.960150376887,False,1,1.0,False
auth_tag,NonOverlappingTemplate,template=148,100,99,1,0,0.99,0.960150376887,False,0.633967658727,1.0,False
auth_tag,OverlappingTemplate,component=1,100,98,2,0,0.98,0.960150376887,False,0.264238021077,1.0,False
auth_tag,Universal,component=1,100,98,2,0,0.98,0.960150376887,False,0.264238021077,1.0,False
auth_tag,ApproximateEntropy,component=1,100,99,1,0,0.99,0.960150376887,False,0.633967658727,1.0,False
auth_tag,RandomExcursions,state=-4,56,56,0,44,1,0.950111763281,False,1,1.0,False
auth_tag,RandomExcursions,state=-3,56,54,2,44,0.964285714286,0.950111763281,False,0.108200137536,1.0,False
auth_tag,RandomExcursions,state=-2,56,55,1,44,0.982142857143,0.950111763281,False,0.430398797523,1.0,False
auth_tag,RandomExcursions,state=-1,56,56,0,44,1,0.950111763281,False,1,1.0,False
auth_tag,RandomExcursions,state=1,56,55,1,44,0.982142857143,0.950111763281,False,0.430398797523,1.0,False
auth_tag,RandomExcursions,state=2,56,56,0,44,1,0.950111763281,False,1,1.0,False
auth_tag,RandomExcursions,state=3,56,54,2,44,0.964285714286,0.950111763281,False,0.108200137536,1.0,False
auth_tag,RandomExcursions,state=4,56,56,0,44,1,0.950111763281,False,1,1.0,False
auth_tag,RandomExcursionsVariant,state=-9,56,55,1,44,0.982142857143,0.950111763281,False,0.430398797523,1.0,False
auth_tag,RandomExcursionsVariant,state=-8,56,54,2,44,0.964285714286,0.950111763281,False,0.108200137536,1.0,False
auth_tag,RandomExcursionsVariant,state=-7,56,53,3,44,0.946428571429,0.950111763281,True,0.0187005097616,1.0,False
auth_tag,RandomExcursionsVariant,state=-6,56,55,1,44,0.982142857143,0.950111763281,False,0.430398797523,1.0,False
auth_tag,RandomExcursionsVariant,state=-5,56,56,0,44,1,0.950111763281,False,1,1.0,False
auth_tag,RandomExcursionsVariant,state=-4,56,55,1,44,0.982142857143,0.950111763281,False,0.430398797523,1.0,False
auth_tag,RandomExcursionsVariant,state=-3,56,55,1,44,0.982142857143,0.950111763281,False,0.430398797523,1.0,False
auth_tag,RandomExcursionsVariant,state=-2,56,55,1,44,0.982142857143,0.950111763281,False,0.430398797523,1.0,False
auth_tag,RandomExcursionsVariant,state=-1,56,56,0,44,1,0.950111763281,False,1,1.0,False
auth_tag,RandomExcursionsVariant,state=1,56,55,1,44,0.982142857143,0.950111763281,False,0.430398797523,1.0,False
auth_tag,RandomExcursionsVariant,state=2,56,54,2,44,0.964285714286,0.950111763281,False,0.108200137536,1.0,False
auth_tag,RandomExcursionsVariant,state=3,56,55,1,44,0.982142857143,0.950111763281,False,0.430398797523,1.0,False
auth_tag,RandomExcursionsVariant,state=4,56,55,1,44,0.982142857143,0.950111763281,False,0.430398797523,1.0,False
auth_tag,RandomExcursionsVariant,state=5,56,55,1,44,0.982142857143,0.950111763281,False,0.430398797523,1.0,False
auth_tag,RandomExcursionsVariant,state=6,56,55,1,44,0.982142857143,0.950111763281,False,0.430398797523,1.0,False
auth_tag,RandomExcursionsVariant,state=7,56,55,1,44,0.982142857143,0.950111763281,False,0.430398797523,1.0,False
auth_tag,RandomExcursionsVariant,state=8,56,55,1,44,0.982142857143,0.950111763281,False,0.430398797523,1.0,False
auth_tag,RandomExcursionsVariant,state=9,56,55,1,44,0.982142857143,0.950111763281,False,0.430398797523,1.0,False
auth_tag,Serial,m,100,99,1,0,0.99,0.960150376887,False,0.633967658727,1.0,False
auth_tag,Serial,m-1,100,98,2,0,0.98,0.960150376887,False,0.264238021077,1.0,False
auth_tag,LinearComplexity,component=1,100,98,2,0,0.98,0.960150376887,False,0.264238021077,1.0,False
