category,stream_index,sample_tag_index,source_image,source_image_file_sha256,user_key_sha256,image_id_sha256,tag_bits,tag_digest_sha256,tag_role,stream_sha256,stream_length_bits
Authentication-tag stream,1,1,airplane,515d0a5105047916be9faed513330046be41a61f4b155e854731e512ce1f4c4a,bb50ee7dca6fdaae84af84ea4699f2c390a1287d85f0ca084e375da05e434a55,bc2a6f60ae9c2c6056641a25060bfe2327734733f9fb73eaea778fce37af18ab,256,1064cdd122c0a0ba70e8f3668d8af4e904e389a9703b3331cbdba0702b8a3ec3,SHA-256 digest of the first raw HMAC-SHA256 group tag in this NIST stream; raw tag bytes are not stored separately,630e630c1420293a8c489bbfb2acdd37d20613fc32e971138b76647f3cede2db,1000000
Authentication-tag stream,2,1,girl,d044fcfbea02123efdc167e596f45e839c39c2e1ca2ff841710ef4db15bc4dfb,871fa7bcddd10e04beed35bd85d60bda99a55ce865e43f182a308c37463b910f,ff78bac5f732fd092e0ceccadf4e5fe16694fb58464d70cf5e01a358a6addeae,256,9cdd8f382280378a60216470ecb6935d6d5a4e6d8893a1d24a3bf7ae47573c7c,SHA-256 digest of the first raw HMAC-SHA256 group tag in this NIST stream; raw tag bytes are not stored separately,2d5d0e48a4bd40c855b3293244c97ce3c61e8ebafe9f348e8fdefd9f903249e8,1000000
Authentication-tag stream,3,1,airplane,515d0a5105047916be9faed513330046be41a61f4b155e854731e512ce1f4c4a,43274764e135a60af243f449789372739acf895e1531a9ce6fb66c467335f291,ba3cc7b7bffef4843b21ae46393ee27dd7707a9a43f06d241cd056e1e46dfc04,256,ceaa1abfdc2d61b89de4e3512fd7251fa0b45ab871556bb60c9217bc18edc8e2,SHA-256 digest of the first raw HMAC-SHA256 group tag in this NIST stream; raw tag bytes are not stored separately,a6ef6eb97767bcd3789fcc09a8ac8ed7d19670f7651bed98bd95485ff144109d,1000000
Authentication-tag stream,4,1,girl,d044fcfbea02123efdc167e596f45e839c39c2e1ca2ff841710ef4db15bc4dfb,c901fa2d5087b378225b20c7cc15bf66424ccdba6e9a7ecd05d58e34c4cfeed3,80da3deeb37e40de9d8e73e9e533de52aa4f6a10a72f3078eca58beb14672ed0,256,d3efa57c6f7fb23d283e0352cbe0acf3ae44a0920c36fe34ec6006a698f138db,SHA-256 digest of the first raw HMAC-SHA256 group tag in this NIST stream; raw tag bytes are not stored separately,055ff220579c4f6274a967a13b875c7994986db89a77354c5cd69b7be12a0f59,1000000
Authentication-tag stream,5,1,airplane,515d0a5105047916be9faed513330046be41a61f4b155e854731e512ce1f4c4a,13390c6cc8043bd9fdcec2d5f5fac8ae1db78a2a6ff4597f3d14389df8de2d24,d832d359f51f385fdd306fcecb9f889958282de15f2f580403f4c6f8cae0a0d0,256,71b0a886d7f552fbf9586c3a64420b0396618eac7848650e44ef5bd4b6e4e11d,SHA-256 digest of the first raw HMAC-SHA256 group tag in this NIST stream; raw tag bytes are not stored separately,621fb53e6c9467958b3ccff29d58a9cb7301e416d4c62326c67ab9496dc2003d,1000000
Authentication-tag stream,6,1,girl,d044fcfbea02123efdc167e596f45e839c39c2e1ca2ff841710ef4db15bc4dfb,28bf32d4f755c82bb1aeeb0d9bad9e1e451d13f61c54c0a7d8d26b6232e95dea,e82d4c89fbae7eecc06809618fb76db5f7dbf714809b6eef768fe45314ba1030,256,ebd5ce11c5b6c7b2fabd94b9e629821c5f0466e52f896e56cc65aa36903a4fad,SHA-256 digest of the first raw HMAC-SHA256 group tag in this NIST stream; raw tag bytes are not stored separately,f0527ac0a0a040e016a3382cdf6c24e050b245e221897d440227fff5f135ec8d,1000000
Authentication-tag stream,7,1,airplane,515d0a5105047916be9faed513330046be41a61f4b155e854731e512ce1f4c4a,02852f7d25ac7dab3efaaeb64aa014a3368af1c61ce743c9ad9874eabaad05a2,b53205da3299e9729992c06121b70e1cfc16f4d7b5eded4c208c38b30fe5f9fd,256,83a266869bbfa11f86dbee3ebb62d91fae22d8436ba90485ee63ff908428f216,SHA-256 digest of the first raw HMAC-SHA256 group tag in this NIST stream; raw tag bytes are not stored separately,75d9efbf8d6591f8d9bf5a0ea48c67c9da66981921074677ac79e1ff8d830837,1000000
Authentication-tag stream,8,1,girl,d044fcfbea02123efdc167e596f45e839c39c2e1ca2ff841710ef4db15bc4dfb,31ca0118bd7bbe1eb19130121c2c745866a5b79586647a15fcf966981067cd1d,47cbe6cc6b0c01999d863877b569c3afb1a84e6d1ca984fb5bfe3d29eb73069f,256,c11fb92be73c7b359b1cc5ade26180ac18d4a30f5caed7e62ef47ee80069c745,SHA-256 digest of the first raw HMAC-SHA256 group tag in this NIST stream; raw tag bytes are not stored separately,76e85370f8d48cd9ff711618f1ad452e8f9a7a3d715f0e026db8107c937d8c0f,1000000
Authentication-tag stream,9,1,airplane,515d0a5105047916be9faed513330046be41a61f4b155e854731e512ce1f4c4a,6a9eef221b699baf6907bc7d7c2a0fd5e783754bedf788bc0f2135dd616a8866,338e5ec2eb5aa736eece3448866692435a7a0d2036104ab2f9e90f78d5b57343,256,79937786cbb2caa875ffa383bfd431c2ef35c6e2094103fa6a4895a65dd133a2,SHA-256 digest of the first raw HMAC-SHA256 group tag in this NIST stream; raw tag bytes are not stored separately,40bb951211564dee772373fce154780dfc62474b8eadd98985a43f333cde66aa,1000000
Authentication-tag stream,10,1,girl,d044fcfbea02123efdc167e596f45e839c39c2e1ca2ff841710ef4db15bc4dfb,fc1d9ba451ea4fd02af4595266f39897da777a2f6fbfb927cdb47ba793dc3c9a,079cabc68e20da8d2ed861d330356ef8caf7c70ecbdd06e7bde5806630a9f35d,256,21e2b345b2464f7219b37791eb1917fc2e3e49c12a301a5d17547a68982a876d,SHA-256 digest of the first raw HMAC-SHA256 group tag in this NIST stream; raw tag bytes are not stored separately,694d325b05f38b374c4c6c5f33bd89f0ff34777a0417fe26de5c990a41a3bba4,1000000
Authentication-tag stream,11,1,airplane,515d0a5105047916be9faed513330046be41a61f4b155e854731e512ce1f4c4a,6d0692bd850c7b7250a37580b266862cee01066ba090ea801d1aa07cbfca9b1b,c7a3ba3610eb31d0dab3a962d728de791ca17dd6182f7a7e7f973fefba94ff1d,256,f93cf6f663de7037bf5f2d8239fc1289df46ba0aab0ea50d5d37c8aa31182a55,SHA-256 digest of the first raw HMAC-SHA256 group tag in this NIST stream; raw tag bytes are not stored separately,89afa528595110ac5c172bf6d85bda246b4faa518c81af470c34f211649134dd,1000000
Authentication-tag stream,12,1,girl,d044fcfbea02123efdc167e596f45e839c39c2e1ca2ff841710ef4db15bc4dfb,5dd6a5f03aa420841a14458621222a1521f08e0b96eac249cc09a38a2879f8b3,b75465ca74e3fd6e95002b4c0d9ad76762ef867a92674f8840a3950c3bccbc78,256,b9074114acb3931bdd233a16b6a5e5a42d25b7e83e4f5773b5f0fa53d671efa0,SHA-256 digest of the first raw HMAC-SHA256 group tag in this NIST stream; raw tag bytes are not stored separately,fdbab6bfd745431038c81c34808a97ade8fb920e773b02944281889bd8e14ed6,1000000
Authentication-tag stream,13,1,airplane,515d0a5105047916be9faed513330046be41a61f4b155e854731e512ce1f4c4a,df9b3ee849ec78c4b64f8792a91eb640ae17968910fb31c8466be56792f2b881,0ff3221c645166b152e578b92000670a9679d0af4f86950007ad7cbea5886b36,256,1dd2010ad88bb5914ab9418b226563c0c0ce128e9b815bfc39fa0e17ff3ebf37,SHA-256 digest of the first raw HMAC-SHA256 group tag in this NIST stream; raw tag bytes are not stored separately,cba94c748ab1cfb2d49f23a3ee59c38005a9547c5a6dd60cbbb3387159153909,1000000
Authentication-tag stream,14,1,girl,d044fcfbea02123efdc167e596f45e839c39c2e1ca2ff841710ef4db15bc4dfb,853791c266dd042b6823de7b9c5ec77c7ba47aadeae3f77a8177094f50870869,d53589b33e722c3b9e46a3eeac00e26b4b58e53d4bf628c591b5c9e40b979344,256,f3aa51ec3dbb73698adb8fd0477d8b314236debdac5274629e180a1446a7d214,SHA-256 digest of the first raw HMAC-SHA256 group tag in this NIST stream; raw tag bytes are not stored separately,3e363680107bb3314be2291abb5c8ea17eb3d225bc825eed0cdac27e1858496d,1000000
Authentication-tag stream,15,1,airplane,515d0a5105047916be9faed513330046be41a61f4b155e854731e512ce1f4c4a,e63bc3cb723475987341ef55d7c2a2af5c570e621165532e8d57734e24bb8aab,4695e32f169879abd26c72f15c08463fd12bd7f77bd2ec533b914a822409ddd6,256,1bb6b80b12e5e501f38169519578eba95e2514885cd3b9b7e74363c28e187c34,SHA-256 digest of the first raw HMAC-SHA256 group tag in this NIST stream; raw tag bytes are not stored separately,28016b9f4eff54428d48556a495255b912e90c42e0e703885d88f60c4e0947bf,1000000
Authentication-tag stream,16,1,girl,d044fcfbea02123efdc167e596f45e839c39c2e1ca2ff841710ef4db15bc4dfb,cf7fb2dafa69af4c190084a29808ac55ed9074529a851b0a9c37cafc85b12ad1,efe86f0543f785ffe65206163678318cfec9188f5c590300af40ff7f393b2311,256,1b93f0510761ce6d36ef4bc82f70077607d387f267a03a3b7eb659f4168e3c50,SHA-256 digest of the first raw HMAC-SHA256 group tag in this NIST stream; raw tag bytes are not stored separately,2c7d42f866db94de47a5e93837ef961b8623bc06a215e56b823e406ece1562eb,1000000
Authentication-tag stream,17,1,airplane,515d0a5105047916be9faed513330046be41a61f4b155e854731e512ce1f4c4a,369ba83cbe29ef5453ea5834355c327923b3b518245ed99fb1e9cb39bfce4534,34937e309b9f65a389f120e2a7001f9ecdcafd54d20a3dad97eb0280903a9215,256,2292b932d123b25a5ac6cddcdc3dc937db31bbdc06dfa9c86a93a1290d70a802,SHA-256 digest of the first raw HMAC-SHA256 group tag in this NIST stream; raw tag bytes are not stored separately,5fdfae64a73ee54e5cfd1c73ce9f83cc10afa985c18b488826c6620435ba05fa,1000000
Authentication-tag stream,18,1,girl,d044fcfbea02123efdc167e596f45e839c39c2e1ca2ff841710ef4db15bc4dfb,cf92ec72f57a93920c8c45ce74c23dc4766b72d5f609a40656b553686e6ec3dc,6719f5dc48d5af94c4b0326de5115de7f46e8000341da80fc3f764074ede956e,256,6a01b31ae3e2a9344400fc1e9766fcd106bc51a739bd85be5914031e793bbf31,SHA-256 digest of the first raw HMAC-SHA256 group tag in this NIST stream; raw tag bytes are not stored separately,5fa60cb53e1e96cf29be8fb520f83ef8b76d023e92b25a35b5acb81436984135,1000000
Authentication-tag stream,19,1,airplane,515d0a5105047916be9faed513330046be41a61f4b155e854731e512ce1f4c4a,cfc06c0bfe7e84a50c85d11a2370fb6b315ef9ca468ed9fb6f68fd3b0fe26fcd,d56b2f151978aeb85a3f3a40d83e36d9400e4a8a2fa445d66e0a1752e3792e2e,256,407756c227c27f19c0dd362ad30ed5873b49e316c04b3daaea6a3fd209757af1,SHA-256 digest of the first raw HMAC-SHA256 group tag in this NIST stream; raw tag bytes are not stored separately,1204bed4ebdfffe26f673484656caa2b7c7a50ea821f2f1e1d68ce4861a68949,1000000
Authentication-tag stream,20,1,girl,d044fcfbea02123efdc167e596f45e839c39c2e1ca2ff841710ef4db15bc4dfb,75cd05817e8364a8821e61d6883ff6f9c6f341131551232d330b2fb4884e48e9,dc85c88e3d70a8418769f5335422af9db4eb92ba820c14b3b396c2be01abb6f9,256,dd142298aaf0e572b3eb1fec8eff63ffc9e071cb9ec5bcc786448e3ebcd7601a,SHA-256 digest of the first raw HMAC-SHA256 group tag in this NIST stream; raw tag bytes are not stored separately,e3471f0f1f33b777464e675c73f067e8016cc4eb03c9c70e15e3a0bc668b919f,1000000
Authentication-tag stream,21,1,airplane,515d0a5105047916be9faed513330046be41a61f4b155e854731e512ce1f4c4a,2f614b2086c8f430303a3731224ce8e2bc03adf193f8aa64df439cf4ceac2dc1,4153ecb1763cbdb6bcf895f7ad984bdae13ae6bf200456fbb7b751aaf1ec71d2,256,d831416d1dcd2ac9659259ee230d5c5c7fb982dea4899c147dd2f104fe0eb5e5,SHA-256 digest of the first raw HMAC-SHA256 group tag in this NIST stream; raw tag bytes are not stored separately,01f6de8e33dad5811aa31913628adcde9c432b64a0d41baabee812f2af8e0306,1000000
Authentication-tag stream,22,1,girl,d044fcfbea02123efdc167e596f45e839c39c2e1ca2ff841710ef4db15bc4dfb,051730c2e8aebd4ba1f18fc479f1853551eab8561493b807c487ba3df5e7f29f,34479a346b0f1f3614dd64e5245789821d4759d279c3e019010fcfe527a3b59a,256,262ebbb1e37796144d34bbd5700f891df5a9488798c18eeaf5977f785c3dcb23,SHA-256 digest of the first raw HMAC-SHA256 group tag in this NIST stream; raw tag bytes are not stored separately,1bff418ebd2a41dfd3823813f20519d8d0ae3de29c77d7276038eb85536f5848,1000000
Authentication-tag stream,23,1,airplane,515d0a5105047916be9faed513330046be41a61f4b155e854731e512ce1f4c4a,c2f658798179ffb65ee88b2333c5c4ed91d8b86ac0131fb70883b48a8c6d6735,8611c399d24ef0d81a2f996b273f2699cc44cac25bd15940e66319471c21e866,256,5e661bb6f5663688a1a517a3a7a0c9edde65017afc2a17584b6d2af7cf3e05da,SHA-256 digest of the first raw HMAC-SHA256 group tag in this NIST stream; raw tag bytes are not stored separately,e2e6fdc6aa5da79c762890e97143957f563fa1f652eab71b192ab1abe0064db3,1000000
Authentication-tag stream,24,1,girl,d044fcfbea02123efdc167e596f45e839c39c2e1ca2ff841710ef4db15bc4dfb,69b5b16a7fa52fcd91ca4ec7f4c2095598e9633521306ed8afaeac7e11dc641f,4efd755a260ff8a465f165c9a7c4ba5acb68a4ffa1b50dfbe62eea804b223a90,256,259cbb593b790c79e9dc2be52667face84353bb1345b078b7eb5a16952fba1e9,SHA-256 digest of the first raw HMAC-SHA256 group tag in this NIST stream; raw tag bytes are not stored separately,55e1115539111e894ce505c0cfda789dc360f3d61ab1bbe3abf2a7554a33fbde,1000000
Authentication-tag stream,25,1,airplane,515d0a5105047916be9faed513330046be41a61f4b155e854731e512ce1f4c4a,ecc187a16b6a73959b726f7cb5cb31651e11b83579ef877ab8d0b1767a9dbd84,1fb5c91d82236a0d28f4d481204cd24716b59c462550937479d37001e0fe9415,256,c313b8c87d4a4d0fc799163f74e1eab7d04e703118f5b98c00319bfbd86c584e,SHA-256 digest of the first raw HMAC-SHA256 group tag in this NIST stream; raw tag bytes are not stored separately,37ac56e0ca0f742a58e4704b6b4f35f36a2e7675f0221820c2268d8f5536d2e0,1000000
Authentication-tag stream,26,1,girl,d044fcfbea02123efdc167e596f45e839c39c2e1ca2ff841710ef4db15bc4dfb,538cebe622bfbcc1aedabf3420be94531d13a70d9fa864eacc568875919be468,abffdff03c3d485a242e026acca88055161050f2f9b410184c5c9edb85e92ccd,256,1b59dec772023081498f54a14e58fc0e3efa9923f1a0b58bc28df556b16303dc,SHA-256 digest of the first raw HMAC-SHA256 group tag in this NIST stream; raw tag bytes are not stored separately,ab827018f9b07428ee667644fab81676905636d5caad7efaa7105e889ae16281,1000000
Authentication-tag stream,27,1,airplane,515d0a5105047916be9faed513330046be41a61f4b155e854731e512ce1f4c4a,85371e31e6d34762a65dae2f5b197189cbe0ba76038b081324dbf0ce6ea04ba4,addc41110268a7dec47e11346ff492521b81efd40294e3b9cff1369c91b431be,256,16f46739aed0a40be4e3a3c6b8d9f7ff90f3a852f9551003498dfaa0b8715efa,SHA-256 digest of the first raw HMAC-SHA256 group tag in this NIST stream; raw tag bytes are not stored separately,ab8416a7a68f785ac2c69457185b1d19b8423eb297e97015cec0993738b5c89a,1000000
Authentication-tag stream,28,1,girl,d044fcfbea02123efdc167e596f45e839c39c2e1ca2ff841710ef4db15bc4dfb,eb9e62b8942a86f5f145a8e783debc17630ebe871d47f60e9c3ff7bed243b0b4,d3052aa78eadc7ef128b4d32b000a049556a70f6ce38129d5d64b67b2bee7611,256,41f6259f15a160dba9ee680ba5c78ce7fa5425046564db0d6162079cb1379ece,SHA-256 digest of the first raw HMAC-SHA256 group tag in this NIST stream; raw tag bytes are not stored separately,ddcca6b0d28f5d51c78a65335c26527b9de874a223644561d63bd9081ed79ce1,1000000
Authentication-tag stream,29,1,airplane,515d0a5105047916be9faed513330046be41a61f4b155e854731e512ce1f4c4a,6b6f543eb2a22f1ea831c74ecc62c161c514cbca8e61364a0c1c5c3ab8bcf86f,dce8eab480595107e58aa3a386e82cfec556d3d922e28dd7bd4ae2d19533c652,256,86b5c687b4733e6bab412f4d90656eb43274649cf613dd2d23b6cab9be720e02,SHA-256 digest of the first raw HMAC-SHA256 group tag in this NIST stream; raw tag bytes are not stored separately,112deb3b22ef905d3a6ea677e36898de92915fb9b306c8b42ec6cf65082bb8ac,1000000
Authentication-tag stream,30,1,girl,d044fcfbea02123efdc167e596f45e839c39c2e1ca2ff841710ef4db15bc4dfb,d7857a8742e6d323af3387021a1d8760a0b1e99e1876640e211f763f0e52f3f4,842a66b10e65d6bbb64bd729a1879f20a36a9e7558b9375da7d02f80c7a50fa0,256,d6982875f2edffe6de57fb637b4bcef8f2da47dfdb3749d22ffb6480bc700df9,SHA-256 digest of the first raw HMAC-SHA256 group tag in this NIST stream; raw tag bytes are not stored separately,2c27ed30de1ef861486816989c4e3b975074f9e436b991cf10ee9268021a61ac,1000000
Authentication-tag stream,31,1,airplane,515d0a5105047916be9faed513330046be41a61f4b155e854731e512ce1f4c4a,81ddd87830244853b9f983da8d22f0e917ab04dbbedc99721a4a4fe2e504c6ff,2250febde38b4ebb01d852b888bef548c5efd5cf9435985e88905b42293f1c08,256,4250769f35785580b12ee3e867eb85cce739c77968674b216497012f279020c2,SHA-256 digest of the first raw HMAC-SHA256 group tag in this NIST stream; raw tag bytes are not stored separately,60317c6043c364da6332e46dae407ee93c00dcc8d799693a6f013aa6e7832ba8,1000000
Authentication-tag stream,32,1,girl,d044fcfbea02123efdc167e596f45e839c39c2e1ca2ff841710ef4db15bc4dfb,4ce6bc47487f2df124afc821a3c620c5d7684592d003128fed0e96e58bb03361,e1e63f44be4c55f9903473d1273dde921b699019972b605a64da5d1283c8306b,256,361a07caddf05916a6cea95dbc5cad08d59c2e191da44da78104e128bfac2983,SHA-256 digest of the first raw HMAC-SHA256 group tag in this NIST stream; raw tag bytes are not stored separately,b73879655d081a66e50a8cc329455892624029fd4c2389dbdc59babe0ff80028,1000000
Authentication-tag stream,33,1,airplane,515d0a5105047916be9faed513330046be41a61f4b155e854731e512ce1f4c4a,79fd491a063729b573d1291e47e439cb132bb308f73fc5bb8862647ca02bbd3a,952eab75a169181694d287d9188faf6de1dceb175446b80354b5fd1930cd5559,256,80e4463951fb005c27d1e71902176eb0de8d03b21b34f4c1bd083e9b52976ada,SHA-256 digest of the first raw HMAC-SHA256 group tag in this NIST stream; raw tag bytes are not stored separately,a526022716e336e6af9670dd90688192f2ef47571627cb72e0063bccbb769513,1000000
Authentication-tag stream,34,1,girl,d044fcfbea02123efdc167e596f45e839c39c2e1ca2ff841710ef4db15bc4dfb,e2833cce39d728572fed8743f6797ce2af671805ecc80c1737f9f75997d75868,4aa4c31a10eb0e74deff92bfdd209167bf1d2426d964698dc7e2bb5512d6eb8b,256,0efc0c3c81e96d95c7a4e76080393e44cfac9e0ebaac5af6748a21bd45fc1dab,SHA-256 digest of the first raw HMAC-SHA256 group tag in this NIST stream; raw tag bytes are not stored separately,a2415bc2d09d84279da2ecd0197e03ad9a10b38c8b9a73b5da25fb888b33d42f,1000000
Authentication-tag stream,35,1,airplane,515d0a5105047916be9faed513330046be41a61f4b155e854731e512ce1f4c4a,73464476c81cd33118e050940593e5fc8049c66fd528eea25b56f50e58b6fdcb,4fab31643811a3cced40c07c42b7171321e814ed26033872270974fa3f874dee,256,93fe4109c0f40e52a51345380375ffc80810ae894653851633b0cbcb94f12381,SHA-256 digest of the first raw HMAC-SHA256 group tag in this NIST stream; raw tag bytes are not stored separately,fd9cda8f1702b726bde21a480ec10f15dd2c7a217b8903e0b1f099595b7f28d6,1000000
Authentication-tag stream,36,1,girl,d044fcfbea02123efdc167e596f45e839c39c2e1ca2ff841710ef4db15bc4dfb,b71ba65216964c0aa8d739b63807e8d60a439e3bd4b14cc972a753bfe50ea71d,ce2eeea8249b51093ce2db4d3b382ae7cad64eda73eff74e459de61a727fcc00,256,de7fe362d0bbe0c076035488010b3306904a51dbe37d0fed6e4f33ddf1aa2eb8,SHA-256 digest of the first raw HMAC-SHA256 group tag in this NIST stream; raw tag bytes are not stored separately,8dc9d511a134cc1f8c955c7a4278292e6c47415c33a9b10c93197a8098c5af0f,1000000
Authentication-tag stream,37,1,airplane,515d0a5105047916be9faed513330046be41a61f4b155e854731e512ce1f4c4a,3871522fc605438200fb45bb5cf5a50d3d4ff5c0c4ff117f5f142567b5f18cb8,b4c832b181b7b3ebbe0293441b67c82339a507464c07eecfa495f20566d6ffcc,256,4e7bedcef1745ea61e73d6cad5c3a6aec3aa486f02d2d7c5922e4369779ed3b0,SHA-256 digest of the first raw HMAC-SHA256 group tag in this NIST stream; raw tag bytes are not stored separately,dadfb72682e01b94def810e269053a834521c8f15ed91aa8c50e32ee0238c93d,1000000
Authentication-tag stream,38,1,girl,d044fcfbea02123efdc167e596f45e839c39c2e1ca2ff841710ef4db15bc4dfb,0458d9c196ca401129d264b6872091f517c60151ae323e15810610ac4cbdf650,edf73bbe56fd7df07bb055508771d2f961e6c689fcd07238ef90c89bf950025c,256,50b5ed8127822ef67d84a06212dbd046773fc6da022e059edbb5f6132fb64598,SHA-256 digest of the first raw HMAC-SHA256 group tag in this NIST stream; raw tag bytes are not stored separately,3248a4774a49b6a3800d3df69c2689e137fa583c1a850c6a622b0c6fa60e63e3,1000000
Authentication-tag stream,39,1,airplane,515d0a5105047916be9faed513330046be41a61f4b155e854731e512ce1f4c4a,7517cfd496ae497af8632fda1d74d18ca547b4b1e43fedf7c203ba6966ed42ca,33b11e950e74c9d3be5d30c6e5b61b8d41ac887e1a312d28989ee9217fc61832,256,c6c06bc4a4423b0af086d945581d99eccff61631fffece9800aae6a81307b326,SHA-256 digest of the first raw HMAC-SHA256 group tag in this NIST stream; raw tag bytes are not stored separately,6863069ee537065e246f947bb7edf6c2b8cf5d8dd2a94b56219f5b1b0faf94ab,1000000
Authentication-tag stream,40,1,girl,d044fcfbea02123efdc167e596f45e839c39c2e1ca2ff841710ef4db15bc4dfb,b84d4b05340132b21136487ecbd4585e76549460d6cfbef8a7f97923e8e93b07,2b01b9f5a440dc9d7db50b2e2e94a47132c99d337ca015f67e19fcc81b975322,256,4ab2c02ed1b09df2c31347eac13f560c87d147739be299fc8dfb02261c6710eb,SHA-256 digest of the first raw HMAC-SHA256 group tag in this NIST stream; raw tag bytes are not stored separately,f23c469e240da04888e63cbefd689fe3b7d92c0e26aed1012cf6fb192336164c,1000000
Authentication-tag stream,41,1,airplane,515d0a5105047916be9faed513330046be41a61f4b155e854731e512ce1f4c4a,20a779a0b2cde7fa5b811646151e23a458c1e468ffeba95b48374a3b98c02341,456527ffc079c8b69660f50ca6f911b8be8471b42358800d93710b4c34fd1eea,256,2b372353eb07f02a7267790f6cec145e3c5a6ae69c227b9e90651ee45c22b86a,SHA-256 digest of the first raw HMAC-SHA256 group tag in this NIST stream; raw tag bytes are not stored separately,23a5ada2a3373059896483fe5db511d0ef9feacf07ef8bb4d623463429a31319,1000000
Authentication-tag stream,42,1,girl,d044fcfbea02123efdc167e596f45e839c39c2e1ca2ff841710ef4db15bc4dfb,da6904510176b00a667702915b769db78919804272d0c16eec065901340aeefa,9a2b5a27700f969c1ab9236381e0c1ec03f6867b80e3b413c38dea8ee1da9500,256,6fc79002fa83dc4d16708f1eb28d2ebce0eae344a02f21ddbba5d09e542c0d7c,SHA-256 digest of the first raw HMAC-SHA256 group tag in this NIST stream; raw tag bytes are not stored separately,daa194dcd332d050a8a62f3882192c36855c14d7f1cc2e12cd4e5734ebd5d313,1000000
Authentication-tag stream,43,1,airplane,515d0a5105047916be9faed513330046be41a61f4b155e854731e512ce1f4c4a,f4a5ffd06150d2b27ec7fe5e299b5281e43da657162fa3345aa7a0a06431df2a,ed7bf89b9a6c3e5e7e005e3989b87ef153a4a4793f74811a8237ea94ad1483eb,256,8897f65357ba446a765412bba1b7c5ff4128d24f983af2092266c053ad266de2,SHA-256 digest of the first raw HMAC-SHA256 group tag in this NIST stream; raw tag bytes are not stored separately,dd8b21703e4323259cc33d9f32b39974b0f6c10249ff87ec9ea2b093be6f870a,1000000
Authentication-tag stream,44,1,girl,d044fcfbea02123efdc167e596f45e839c39c2e1ca2ff841710ef4db15bc4dfb,a9d0fd56b4882cc8a5dee9c4c00ac1049bfd30b5c8a97dfc4ce1589e3fa9e0da,7ee40b8f5b3fdc9a8e72267f3213f3305e84d44b27179b8d2a6cd29ea1c16420,256,8c40a8d432a29657c2032ada8c1531f64ab1d20b3ea0307d7065b8d24d9ae79f,SHA-256 digest of the first raw HMAC-SHA256 group tag in this NIST stream; raw tag bytes are not stored separately,51cb29cd758caaea00d62f25d16ff3830245100b492d29541b581feb9efeac3b,1000000
Authentication-tag stream,45,1,airplane,515d0a5105047916be9faed513330046be41a61f4b155e854731e512ce1f4c4a,79f2ec9bb8bb42f8ec6f876c94f4b3e476c269283e4e607930762904da7f5ba4,92daf22d441f050c1488a012836555bab9fddaf36a25e3f52b03aa7ba173242f,256,c3f0abcf753040d18aeb02e015598dfde354c0d2bc17ac1d629ff43088b504cc,SHA-256 digest of the first raw HMAC-SHA256 group tag in this NIST stream; raw tag bytes are not stored separately,16ced17d484cd218522bcba09543a6a00860ec1b37eb093fff16051b962d6c98,1000000
Authentication-tag stream,46,1,girl,d044fcfbea02123efdc167e596f45e839c39c2e1ca2ff841710ef4db15bc4dfb,df453616854a01bf1bb30f389bd7b0585f002a20364628324b1ab244e2842516,fff6a756dffdfdcf992202407d3ecab26a1703524f315cd604d704139e124f95,256,92eda18d3f85968b6ab21fbff002e25a63115d0e29d18846baabb6b4b2c4a73d,SHA-256 digest of the first raw HMAC-SHA256 group tag in this NIST stream; raw tag bytes are not stored separately,c32636766edcdeb3c5a71032afd6ac83c524df5ec063ec40064b728f4bafecce,1000000
Authentication-tag stream,47,1,airplane,515d0a5105047916be9faed513330046be41a61f4b155e854731e512ce1f4c4a,b55a1a491b6d5af44d1a0f5a13ba4f60a564f2450063804c16de067a9ab66bc9,eea7c525f5be6a42e5bddb0bca813ac77d2798d3d3b36791a9b8f66c5e9473ce,256,ddaab5d7fbeaf22cec3d119904bbfbce2ce9695429dc6686a16ecc23fb2a3185,SHA-256 digest of the first raw HMAC-SHA256 group tag in this NIST stream; raw tag bytes are not stored separately,576318dae869e6749901ea952b32b6963f0e1b3a344d221396a629c75043b1e2,1000000
Authentication-tag stream,48,1,girl,d044fcfbea02123efdc167e596f45e839c39c2e1ca2ff841710ef4db15bc4dfb,eff71a426077fa82e839b8a1ba88e9ddd18b9a9b934b2d846587b6f922b91a6b,c9fc45142053854d0f955b9369787cc7dbae3c14799cb543540f5bd69f4f2f61,256,872b015e47ace1ffb0e4f3492f3bcb193ad1bf72ca8091e50900c3cd819ccc3f,SHA-256 digest of the first raw HMAC-SHA256 group tag in this NIST stream; raw tag bytes are not stored separately,e6f7d5be0382cb50ccfe78b0cabfc5e4b0386325c1f48c293f34ff6318b03ede,1000000
Authentication-tag stream,49,1,airplane,515d0a5105047916be9faed513330046be41a61f4b155e854731e512ce1f4c4a,9cae51c0a0f9b19a593ed3990259e2f7f12ce03c8c63fa5514deb91a832680e1,2339bbc1d3af37d5a45e0577624ce5e7c22466d4afd4f08f57b096c24ad7539b,256,4d9a1937b03c008d544139cb52e2a5a2bce6e98007243b036196837d8b0e4731,SHA-256 digest of the first raw HMAC-SHA256 group tag in this NIST stream; raw tag bytes are not stored separately,3329bce9ec8f83f14f0054cc855f865ee2a2b3581d0f9ba0be410683ba7ff663,1000000
Authentication-tag stream,50,1,girl,d044fcfbea02123efdc167e596f45e839c39c2e1ca2ff841710ef4db15bc4dfb,ed4950377f6197c57f15552656cfd8697f3d062b61346d749b6b2dad28500cd2,771105032af31667fc693481f85c1792dd2ab626dfcc83840dba54dab7a02c86,256,4f0f4985ae740f1de69b8c742f0f6edef644a393566613c469d1686e87a44ae3,SHA-256 digest of the first raw HMAC-SHA256 group tag in this NIST stream; raw tag bytes are not stored separately,ba292d12117cd6af210ee3c38e8b6688556b3ecb1afd2cbbed561dfc62959a4c,1000000
Authentication-tag stream,51,1,airplane,515d0a5105047916be9faed513330046be41a61f4b155e854731e512ce1f4c4a,d5d92800f8082e98abb94ba56cef13c761a3a93fbd53a5582c391d2e658ab1a2,2f78f7f743118a5280faaa902a3f302e70bf5efff072a6efd07ff2c803ae6560,256,12077d71051959cdf4497ad56329692605a077fcc21654ff7fd7ff208f26fb79,SHA-256 digest of the first raw HMAC-SHA256 group tag in this NIST stream; raw tag bytes are not stored separately,07d8c3170bc70cd17d1ec6871d4a43a555805764d34fc5971792a4f9b438c2e4,1000000
Authentication-tag stream,52,1,girl,d044fcfbea02123efdc167e596f45e839c39c2e1ca2ff841710ef4db15bc4dfb,770e73bb8c33ed746f74119cef9391b6f206a55bde2f371edd46b2e9be2ec012,0bac55e3a6dd090b8e6cf6c5c0f88fa59542465df1d7ef4ef0de1ea70d8f0dfe,256,ed58491aa5922e087168f6e6febe0e2240315885b38db65d710093df5bb3ff73,SHA-256 digest of the first raw HMAC-SHA256 group tag in this NIST stream; raw tag bytes are not stored separately,6ad058145ce6f4cfa182aa75ddca13b1d6dd2c271926efa4730479607eb4a79f,1000000
Authentication-tag stream,53,1,airplane,515d0a5105047916be9faed513330046be41a61f4b155e854731e512ce1f4c4a,6e32d508cdee2a001a7f1ef97168afa01eb16d2c7dd7401c57bc7a78473ee5af,6d1d5f34150218836868206af66a84da7cf04ff0e93bcc68c2003a00e9804609,256,e8a68f371d96528b0447d02634d3c44f29fcaddc134cea017a03b913313a9605,SHA-256 digest of the first raw HMAC-SHA256 group tag in this NIST stream; raw tag bytes are not stored separately,eb592ad333e59d1c48bf98db2735db625170390eadf1c90b77a5bae949f16acf,1000000
Authentication-tag stream,54,1,girl,d044fcfbea02123efdc167e596f45e839c39c2e1ca2ff841710ef4db15bc4dfb,81c600efd2f54ac28724525dc85bf5eb4e2845a6d2dea7f0ae17d7d2739832ca,4c54d6c6b65ddb0aaf5a6bf75154e542119a3a2d42c758383c9955c36b75f008,256,168ea5bf1e37c9c1d4f547a26ca6b4c99057891127acdab519cd14398887428c,SHA-256 digest of the first raw HMAC-SHA256 group tag in this NIST stream; raw tag bytes are not stored separately,85217e710b80975c0ca5919779df90e78b10f2cb215d34b6a38c83dc6fc598fb,1000000
Authentication-tag stream,55,1,airplane,515d0a5105047916be9faed513330046be41a61f4b155e854731e512ce1f4c4a,9efddc9a92faa67dcba3efb252b36f6b028ec5c31e3eba2b3290200e72390593,96c14a17e0d1dea592c16d50798753a9b39c86605ebcd29a25f53052ef7a5252,256,6c74187f85e623c4aa1036ac9af10dfcac04ca038649554ff98a0cfb5e6a7c84,SHA-256 digest of the first raw HMAC-SHA256 group tag in this NIST stream; raw tag bytes are not stored separately,1863be957f4c00d98809ee3aad80e36fb993cb45e56a39c658901c41b587b270,1000000
Authentication-tag stream,56,1,girl,d044fcfbea02123efdc167e596f45e839c39c2e1ca2ff841710ef4db15bc4dfb,47cc5f45e2ab7fa85cc8153b0ade6ba067027e452c85dc49b2be31c2e032963d,2763f69fabf5896ce0a9eeb30dfaeffbbd492cb73de4685295a5c93403443160,256,448f01148408ba5a95f9dba6cbf45551e1cfaccffca0f80f025a54244631ec9d,SHA-256 digest of the first raw HMAC-SHA256 group tag in this NIST stream; raw tag bytes are not stored separately,a2b804322d5ca1b7b5cb52cef067a2d5b00cbb16696f88690d79ffa92e9202b9,1000000
Authentication-tag stream,57,1,airplane,515d0a5105047916be9faed513330046be41a61f4b155e854731e512ce1f4c4a,3c98a93ebe7dbef0ae728275229415906f59e5028491beb64d531f4764f6539e,9fdf743698dc57572f31419a9bb4892cf84510d36799a57d93baf61c2b826b58,256,7fccf4ecf7f27cc4a30b0f4b2a7f7d2ab96523ace54cbca2525368a8cf17a1e3,SHA-256 digest of the first raw HMAC-SHA256 group tag in this NIST stream; raw tag bytes are not stored separately,9a63da07395ecf18cf1bd1fc95af07e50d563c89dbd91aebe8846ea4f6915e19,1000000
Authentication-tag stream,58,1,girl,d044fcfbea02123efdc167e596f45e839c39c2e1ca2ff841710ef4db15bc4dfb,31f8fb8f28a23f3cf5dfc2b225dba175643f63b94643909a4b90f61af0e9e4df,afa273b80b108afe96973eb95d4040c2b9d5b1d9c3cb47921da65bdfa38b9634,256,fec775128fec03966711bcb3bf34f0ac1377a37351392f46bcaea1d618ad61bd,SHA-256 digest of the first raw HMAC-SHA256 group tag in this NIST stream; raw tag bytes are not stored separately,dfc5da388cb2106bbbe6e14eada925bc4c61503ab02f3ec7f90ca3ad97f22382,1000000
Authentication-tag stream,59,1,airplane,515d0a5105047916be9faed513330046be41a61f4b155e854731e512ce1f4c4a,1270d2ef8a92828f7bf6ada91bba45785327b2c6477638afc9074276be616e66,9ec82225762f4996f07ccabe725df74731d4578f119b944bbc4d6400b7c7b4d1,256,612e87a9657007fef213ce1d116ec234fe974878a6be9f68ef58bf74ae653b3c,SHA-256 digest of the first raw HMAC-SHA256 group tag in this NIST stream; raw tag bytes are not stored separately,9f123c29a796f5f9b7398001c20688aae783235fa97aa021b49325a58bd45fd9,1000000
Authentication-tag stream,60,1,girl,d044fcfbea02123efdc167e596f45e839c39c2e1ca2ff841710ef4db15bc4dfb,1051a4a2caeca1e680f2e678b13e6e2646393ad09a1bda1e52b6b81449ed3f54,044105cf3bf97e900412d94a77ea99528a4d8b1928c11e08eb5d9c15aa47ce31,256,8176918784cf5486b74ceea81792c92573c0a5944f68885f04c1b77f132ba772,SHA-256 digest of the first raw HMAC-SHA256 group tag in this NIST stream; raw tag bytes are not stored separately,3614b2ec93175ebad07e53a0077f7b5cb895a4fafecd50e89e8132a44da15062,1000000
Authentication-tag stream,61,1,airplane,515d0a5105047916be9faed513330046be41a61f4b155e854731e512ce1f4c4a,cb21b96d6f9253a7e2b908ca0d4ff72911a1ca64337b8f627619842d095eed2f,3cda82d632d5d94c26a8e76d0470c5e4bd6a984d6b56d3d7186b31cca35485f4,256,1774b3f18a51e538a26c73d582e64cc913f9ed2c8cce0368bf95ba202dc9b7b7,SHA-256 digest of the first raw HMAC-SHA256 group tag in this NIST stream; raw tag bytes are not stored separately,207b0d61c25d67c8cd1fda0324f1133599a0ea74463c76dc8888137368faab4a,1000000
Authentication-tag stream,62,1,girl,d044fcfbea02123efdc167e596f45e839c39c2e1ca2ff841710ef4db15bc4dfb,20f6ec00670d2737a7b11f56e9da52ec8deecb83c094652279378fefa844d251,3900d9c525e91d188bf68bda180cff9c5ddcf5c46141f16ccc137123656c7d80,256,dd026fb2daa0a681ab50be6964922b948b104581966a8e709bf917489b20f591,SHA-256 digest of the first raw HMAC-SHA256 group tag in this NIST stream; raw tag bytes are not stored separately,58233afd2e530e41713cd0dd2d9c76ff515abbedb48c0491a493482e6e2cd474,1000000
Authentication-tag stream,63,1,airplane,515d0a5105047916be9faed513330046be41a61f4b155e854731e512ce1f4c4a,a168fa8ca3ffc732909472ddc563aca576fa06f1f9dd2bd436d6cc2c2afc111d,a8972fb97fbbf781bc23b6ce700c15113ac390c466a39dcf78c115cac1deb7d3,256,f66c9981b7f5938d3243333e2969d3ca457a3452caf3ae184348079350f41e53,SHA-256 digest of the first raw HMAC-SHA256 group tag in this NIST stream; raw tag bytes are not stored separately,a7ea7ccdd8ea632b669301243827020e911f78ee7ed54ec152873941bb3ad89c,1000000
Authentication-tag stream,64,1,girl,d044fcfbea02123efdc167e596f45e839c39c2e1ca2ff841710ef4db15bc4dfb,b5dde55c963777c43073c6d0ce68930d7c4d9dbeae58e52b8cfd44256145fd88,01c37d384cee4542c44cef14af77d1cabd0163f9d0310370d844390c4649a71c,256,6b9a90ca74e7b318f16c5c159f16017b27baa198041320e705debad08360c838,SHA-256 digest of the first raw HMAC-SHA256 group tag in this NIST stream; raw tag bytes are not stored separately,069e021c4ad7cbf7837b9ea1d81341491a522fbf3e670273be8d4d09496ecb2d,1000000
Authentication-tag stream,65,1,airplane,515d0a5105047916be9faed513330046be41a61f4b155e854731e512ce1f4c4a,8143ea2f16dba7b4ab9e84c7c9414d6206bbd263d3f5fadf9513721b1ec0edb8,8ca609b88931b771fa68d56c13b3bc2487965ed7a8e05a99ae5ac17e57a05f4e,256,7f7a1ca03a3734e4abd4d0d60cbcd1cb303d0b63fae663a4c075f48a193842a7,SHA-256 digest of the first raw HMAC-SHA256 group tag in this NIST stream; raw tag bytes are not stored separately,524c500089fe5354c471ac91e78d8c497ff1d393ddbdbb501c176f0e8145ba9b,1000000
Authentication-tag stream,66,1,girl,d044fcfbea02123efdc167e596f45e839c39c2e1ca2ff841710ef4db15bc4dfb,d0aea0e5ea0e0a2a39846c6be698aa93f643fc569c9690d5ad33d23a49d69b30,5d300888a15b1553fc19dc03767e7ae087ba7160442bf698b89cdac5e5fb0dc3,256,c380ed91019716439777c2a886dcba85e2ce43b0403865e0d5e2fd23d6d2b1b4,SHA-256 digest of the first raw HMAC-SHA256 group tag in this NIST stream; raw tag bytes are not stored separately,b893315c15c808c3019d577fb549c74559471598e29b11d052081c4a655c8f35,1000000
Authentication-tag stream,67,1,airplane,515d0a5105047916be9faed513330046be41a61f4b155e854731e512ce1f4c4a,3c970e749fa651db84c073bee81dafea26e745aad6f42ed7b5a1da3267e14d25,8fb54bf96e0bd1eed7f7cd5ffa67494e4bba8ce6d935f3f5aff8d63221ee2cb6,256,be446df75d41cf329fa89d04953e4034c4c0a260dbd825348b354ffa44c80374,SHA-256 digest of the first raw HMAC-SHA256 group tag in this NIST stream; raw tag bytes are not stored separately,017d2753fed03112274896f47fb6d10caa0a6dfc1352ba709cd0399fe9d090e1,1000000
Authentication-tag stream,68,1,girl,d044fcfbea02123efdc167e596f45e839c39c2e1ca2ff841710ef4db15bc4dfb,a62e1a4673cfa64253bcce797cb43225621b54031377f4393005a2364035d17e,3d26f1550d798c639a54ac5bcbcf5e7ffe38415142f55f09c6709630c9f359d5,256,fd96d65fd26985c7f1da0292b46ce2c2f438d8561164a3b97d8684abec5f8eec,SHA-256 digest of the first raw HMAC-SHA256 group tag in this NIST stream; raw tag bytes are not stored separately,7730be35711e1d7f2cf5e24c78d5269ee03dedf40626d3ecabf5856b766bc454,1000000
Authentication-tag stream,69,1,airplane,515d0a5105047916be9faed513330046be41a61f4b155e854731e512ce1f4c4a,a2cacd36a9f1944e84970c6d0eb43dbf1fe558c02bef0484ec8a54dd7e3adafa,30be3186ec48ad1fe65112ddbe81d6c897bdf86b9b1c7509585f1d636db9dbf9,256,b38b8effbc71c874da103460e29142648ef8fa33469dd4c9ee8e4a9b67dc30b9,SHA-256 digest of the first raw HMAC-SHA256 group tag in this NIST stream; raw tag bytes are not stored separately,af44b6588f9b5ab48e6feae5b704555ce0e21c553587f9aedf3bb8cfec52c22a,1000000
Authentication-tag stream,70,1,girl,d044fcfbea02123efdc167e596f45e839c39c2e1ca2ff841710ef4db15bc4dfb,555f1010cfb8d2bd00bfbaf49320d4140984abefaeae4bd30d76cb233c326fbc,4eb98636ddab140d0a0fad4e286423ba0db8a26cfad8a4b93bc2561e16084df1,256,536bef172de500ce99a399b0bc7ed783275745318ea6a2661cfbdfbb61967c27,SHA-256 digest of the first raw HMAC-SHA256 group tag in this NIST stream; raw tag bytes are not stored separately,a4d4db8ab989a6067413e360ba75024291970eeb547931a120b97cf16b522d6e,1000000
Authentication-tag stream,71,1,airplane,515d0a5105047916be9faed513330046be41a61f4b155e854731e512ce1f4c4a,b4308cf53f0cb143d4172d55f1f4898569b1c2838fddeb7c3eedb67e3bab1b44,f43ebeaee909469d456c586164894a184c1340225d2deed94c3954c519a0aeec,256,9d873363f9572a4af703a7172061ae9552ee8e7845a4cce1794675287de10eb4,SHA-256 digest of the first raw HMAC-SHA256 group tag in this NIST stream; raw tag bytes are not stored separately,a15732c11178bf3a4712d561834730703212217f83340109fbb8762e4cf9150c,1000000
Authentication-tag stream,72,1,girl,d044fcfbea02123efdc167e596f45e839c39c2e1ca2ff841710ef4db15bc4dfb,63fcbebddb460893b73152accbbe9ffe43b1a3f4ebcfc930505138fce21fd100,48946c8adc364c091761408e06899aae3bb79d57d3a2bd1f8eab51cd1d9d69d7,256,15171d3011e090e19c88b25b04ea9b49bf008b7db99b3ed439c17d9158c23091,SHA-256 digest of the first raw HMAC-SHA256 group tag in this NIST stream; raw tag bytes are not stored separately,32c5c306a788447bfb3d144bc5763512946436c245248cf8e8ea9b3abe89ed1b,1000000
Authentication-tag stream,73,1,airplane,515d0a5105047916be9faed513330046be41a61f4b155e854731e512ce1f4c4a,b5b2e6e527c0fd6ccfdcfddefb188af5519d4db3594610f2f538094dffbcadc5,ae856e8050a620717fe7483151932fd774aafa42e566fab9cfbc8e5ea7285847,256,a4612f6a7b06212ef9f49fad1a50b6eef7f473e7b06c646cd9207ce7d2b0a5bb,SHA-256 digest of the first raw HMAC-SHA256 group tag in this NIST stream; raw tag bytes are not stored separately,065acbbcea100c778234f1fdc9a3ce8b4a076ca3d8959d949f6162ab60a7c488,1000000
Authentication-tag stream,74,1,girl,d044fcfbea02123efdc167e596f45e839c39c2e1ca2ff841710ef4db15bc4dfb,a330641a1043ab4ffedd469549054f78cf2bc1bb218184b8ff404fc4bb196e41,62f85d37cba86a5ef087672cc9bcb0328c1306e6b9b6d6525987910fc08e359b,256,3dd569cbfb337e76df1313550644992b2187c0eeea8237d74181ceff3385753b,SHA-256 digest of the first raw HMAC-SHA256 group tag in this NIST stream; raw tag bytes are not stored separately,dd785a9795de4032da29f7936055fa4a6de593127245ec2ea8f642afb7caecd2,1000000
Authentication-tag stream,75,1,airplane,515d0a5105047916be9faed513330046be41a61f4b155e854731e512ce1f4c4a,fc2a07cf32289f63b0df68516b616cda57bef50017d87f569a8a439e1869982b,1a85d27827f5cc3a92741a8c7da7ccb91972e508ab8510ddfe4db058d84e688b,256,281750561967fd627290bc124918dad18634f39ef7e71d186673867d733662cd,SHA-256 digest of the first raw HMAC-SHA256 group tag in this NIST stream; raw tag bytes are not stored separately,16227ec2105121f7859bc66cf4eeacae7e3e213f7817083378caadbfae5cb5b6,1000000
Authentication-tag stream,76,1,girl,d044fcfbea02123efdc167e596f45e839c39c2e1ca2ff841710ef4db15bc4dfb,3591ecfe35a1e5dcaf8c380fdf73f3b89a0846736a12ef2203ffefae45b5d23a,9e0e0a934a5bd4899987b60b0dc99840c066c2cde1a2cc0c3047500596d97067,256,6028820f5c098b6c7fbdd0020e34950f1dea2e22eb7ca1c42a7863e8be4a6b0a,SHA-256 digest of the first raw HMAC-SHA256 group tag in this NIST stream; raw tag bytes are not stored separately,405f2d9f9d0367a756ce2849fb688394e77e69ce38c1bc8f5b4cbb190553f205,1000000
Authentication-tag stream,77,1,airplane,515d0a5105047916be9faed513330046be41a61f4b155e854731e512ce1f4c4a,b8fc1ae75c17bba7c7517a37f2ce9fc7a3c128d89f5f9330dabbab8078814a0b,6c57f074172ab40c2475a8c873211777c700f1852fc64a3201406664d235e24b,256,36c63a9782b1a19caa8cfbdb2fb41a97cf4962609fc4bc0ebf574c73248ce6b7,SHA-256 digest of the first raw HMAC-SHA256 group tag in this NIST stream; raw tag bytes are not stored separately,1241f41cf841a8a58042ec1f27f9fa6e121f0be4263b1121169c5da223424d0e,1000000
Authentication-tag stream,78,1,girl,d044fcfbea02123efdc167e596f45e839c39c2e1ca2ff841710ef4db15bc4dfb,a8b818690d10ae16c3a8aec956546a788b27918671ee4679ed7d511e37d43f6c,ec7a661590f13135b218aa6c1ec3abe984a6ca616fa0760f859907bb126359a8,256,fda9ac537004c281d80a221db46c3cca5bfb3994b0bf868d4b9dc0f6f6f3a402,SHA-256 digest of the first raw HMAC-SHA256 group tag in this NIST stream; raw tag bytes are not stored separately,3ebeb9284db9e54fc4ccd697ed722f01ace724e9a2396d4345299fd027961b04,1000000
Authentication-tag stream,79,1,airplane,515d0a5105047916be9faed513330046be41a61f4b155e854731e512ce1f4c4a,b31fb7fba7cc15ce047dddd84dcd79e2e53b02d177a2f1a23f8d06443ea5d891,e5aee5f05b1ac93ba7c367beb688cc861d5b28e69483be7728f5b1a9379df572,256,07304a424b496bca3c0e8aace494e6af1b0d6d3063e3cde8564bf4cbe555ee81,SHA-256 digest of the first raw HMAC-SHA256 group tag in this NIST stream; raw tag bytes are not stored separately,ffc8cf1e7c46655643e52e856e85a668984841d0280ef28312b014edd46f2daf,1000000
Authentication-tag stream,80,1,girl,d044fcfbea02123efdc167e596f45e839c39c2e1ca2ff841710ef4db15bc4dfb,17811c2f2e52130b14dc3ca4ad4fdda3513c6583173cfddc42e1d36505bd4d82,ad7712fe21dd98090ea4ce0d2691c50ddd99fca0ad942ae894b54f81cc8a4359,256,dc1f25364f52ea347e27d0c6fd0a3f384370bc1fe9d76ccc5a04765c2c554bea,SHA-256 digest of the first raw HMAC-SHA256 group tag in this NIST stream; raw tag bytes are not stored separately,b1f6f4b19a622377a0821c970b8a29fa2e985f2293dcbed9fa846b8f6b433e1d,1000000
Authentication-tag stream,81,1,airplane,515d0a5105047916be9faed513330046be41a61f4b155e854731e512ce1f4c4a,5ae07c18b642fdf0545168388bd2768001709d68fac1d3793dedbb511c1ab00a,3d7a72c204d373ba9f9b4cdda7f640c9700332ecb9eb031045b10da3f5a01dc1,256,76a7967c9c8917d96db3c561c26fc4ac10af979365ec8984e909b1f7a783ae1c,SHA-256 digest of the first raw HMAC-SHA256 group tag in this NIST stream; raw tag bytes are not stored separately,4fc45f415c017e9e64bd6e4d01f4422dc0cd9d7b700d6003eb687f9af112fc42,1000000
Authentication-tag stream,82,1,girl,d044fcfbea02123efdc167e596f45e839c39c2e1ca2ff841710ef4db15bc4dfb,2be2db422062c4562cb1ff049104be8c52f2427a57178d333a4dd671d75f8dde,3670a7374b51d2be2775f9b3daa3c57c75453bd691a41663e43bcee47e7b0426,256,484ddc7ab229ebb5f0dd762562858616f2b806c7f77556f7def7d0e270ca9b0a,SHA-256 digest of the first raw HMAC-SHA256 group tag in this NIST stream; raw tag bytes are not stored separately,453396c60a3443f6ae17456af2cce745ec946664b2c21a2597ea81daa51f0103,1000000
Authentication-tag stream,83,1,airplane,515d0a5105047916be9faed513330046be41a61f4b155e854731e512ce1f4c4a,578211d846d7e15ede4285433e58ebd31d3534daa950699d2aaf25a7fc89ee2d,239bb87b19c9e07612d1cfbe491304e63a037dd2b8d13451acc65787d3b69aaa,256,58ce15bb620c2b1ba5fc3c4d863b840e0c0e340b960f8489d71fec201b68e9cb,SHA-256 digest of the first raw HMAC-SHA256 group tag in this NIST stream; raw tag bytes are not stored separately,fd4f56ae9e87662f77da97de76faae8180a6c29c93a6b2e59b83856cc281122d,1000000
Authentication-tag stream,84,1,girl,d044fcfbea02123efdc167e596f45e839c39c2e1ca2ff841710ef4db15bc4dfb,507d6add27cd7544bf40cec10b927b45d3f886187e655ec734d1ea5b250f14c4,9de6e4e15c27e21a16b06c25407faa9238445f6893890c59d792e237c25cbca8,256,ca4ab1f8c5885fff1fbe2c25b0df4ffe8dad544698d3673338937d6c763c367d,SHA-256 digest of the first raw HMAC-SHA256 group tag in this NIST stream; raw tag bytes are not stored separately,dc6690f3c5fa88ce1a5769305ca0caf1148791be1e7046fa8bce24da25fa49ec,1000000
Authentication-tag stream,85,1,airplane,515d0a5105047916be9faed513330046be41a61f4b155e854731e512ce1f4c4a,c9dafe73f29dce961785c720f214a45c0a401c2184d161ac62e86cf62ac1ba8c,6e017d822d0cf0571df0f8cc79cb88815114bb8e34d26ebd19ecaba589a660f6,256,616401f51759805100b997779473cc5cb80c3c8e85431183ca521e79e57bfbb0,SHA-256 digest of the first raw HMAC-SHA256 group tag in this NIST stream; raw tag bytes are not stored separately,85ff28bf9ca775bc7b678e05de7bbf04c9cb68473a253b6c80c89fafbe3a5156,1000000
Authentication-tag stream,86,1,girl,d044fcfbea02123efdc167e596f45e839c39c2e1ca2ff841710ef4db15bc4dfb,632fb2e940263dba165d2c34feb9d88144198ad881cec9d6e437fb8ded74b05a,69a6c87e86f0915dedbea07349d3079d5601741d68784e008841538eb62320d4,256,9964794bfcee719bc1b20284cbd0779a14ed3b9d92bb6a339e4b3991e392e987,SHA-256 digest of the first raw HMAC-SHA256 group tag in this NIST stream; raw tag bytes are not stored separately,b65c2cf712d24b17faa3b4a852ce36118dcef2016e4e8a194d10cc117aa3c24b,1000000
Authentication-tag stream,87,1,airplane,515d0a5105047916be9faed513330046be41a61f4b155e854731e512ce1f4c4a,14a1ba1817ab48cb73f762a758aa80211426d95c989e8876b39c1a2f0e6f7094,1e69b59c8a8f843fd773126dac9ef570842aa5bd71d83ab597a6f48afcbc6f83,256,0bd0afecd18736f6800412b6f4140cdea44da927be9673ea7352bb2d8237c09c,SHA-256 digest of the first raw HMAC-SHA256 group tag in this NIST stream; raw tag bytes are not stored separately,05684e8413c6a1ac9d2fd430aaa8c9bb35f8e5f0ec69a613dded8d815d84bded,1000000
Authentication-tag stream,88,1,girl,d044fcfbea02123efdc167e596f45e839c39c2e1ca2ff841710ef4db15bc4dfb,94c32376c0dbe3b4f9b49c42441cebceed603ef771ee76dbbcb28274b1f75dd0,7d766bc9d0cd1ac562a0b14597a09d2f62925cf8742553f7df7fc17f0e8c9265,256,72e0cc158d79bca27248d8079837ba179473f5feab5aeb8a3a6d8ca5ad07187d,SHA-256 digest of the first raw HMAC-SHA256 group tag in this NIST stream; raw tag bytes are not stored separately,2513d4b8e0533543d65b7ae8b89c1e2ff69566394a2b12f4e3a4fffd529cb611,1000000
Authentication-tag stream,89,1,airplane,515d0a5105047916be9faed513330046be41a61f4b155e854731e512ce1f4c4a,ad77d1deb39a120107c26a7da472cb63dc4f3182374384ac91423580120decfa,944517909e3860825cd40b90fc69f24acbec1ba579f0188d247e2a2a1122a316,256,10bf3a1c2793f83f1875b29ccf6a6aa30e3d335df7f5362757b3b15bd6864f09,SHA-256 digest of the first raw HMAC-SHA256 group tag in this NIST stream; raw tag bytes are not stored separately,5c5cdf02d1a67557663a123c9b5728643bc23641c6c043e136b99e0eda0d4255,1000000
Authentication-tag stream,90,1,girl,d044fcfbea02123efdc167e596f45e839c39c2e1ca2ff841710ef4db15bc4dfb,2e142ad237c23f63e29a9ab7438dd1277d34a3ec707adf5bf9b402d1141d9c03,6d2a6254fcba5321c9811ce93b9a5ea4cf2b8bf91a5dfd0beeff9b9e9047223a,256,56cca2cfe62ebf2b5831bcc6e29becc8f6858a052c9e0cda71d5d0358f43d30c,SHA-256 digest of the first raw HMAC-SHA256 group tag in this NIST stream; raw tag bytes are not stored separately,6f18224f646673afcf436e369cc248356eec1aa678c4f26feb096a950e36c9a1,1000000
Authentication-tag stream,91,1,airplane,515d0a5105047916be9faed513330046be41a61f4b155e854731e512ce1f4c4a,aea3b30360ee45db5462f12c8cb022942ee50a23c3ebc278d675805d539f5d52,2d317178b01666a20afe8c890390c5fbbbfac20801f86b1a8f571729f4894fba,256,d3ee4153e64d0c24e01fb014b999db9573fc80f950ccb70415e25079e10e9c9c,SHA-256 digest of the first raw HMAC-SHA256 group tag in this NIST stream; raw tag bytes are not stored separately,6835e4938f42243ecd251275a7d2db81f410f101b453a7e7e4e0345122943a2b,1000000
Authentication-tag stream,92,1,girl,d044fcfbea02123efdc167e596f45e839c39c2e1ca2ff841710ef4db15bc4dfb,c87980189091df6a942143c1b5104cb21b4e90eac64e4b231aac80ab24ce2b94,e1710e6bec4f21495fe570e0019c7d555abf8b99a10d4e56719bd3cd5e2c8d0a,256,0dcb7cc243a9b90b0fa6c0c596d182755a55d3ec0bef6e5da98b3009b03bda37,SHA-256 digest of the first raw HMAC-SHA256 group tag in this NIST stream; raw tag bytes are not stored separately,78984557ff78c0068a0617d05060037fd60beac238ce67dca261704923830991,1000000
Authentication-tag stream,93,1,airplane,515d0a5105047916be9faed513330046be41a61f4b155e854731e512ce1f4c4a,8f093827218994630a07b6918d06463cb57ddd5be03c4595e31fbd6df942706c,7898fa499c2e6ff654f5947145050aafcf8553d6f98d981c13c353ddaa19cc18,256,b9b817f207bb08bf0cf134d9cc6f0c9949eb562e3a92f7f3e4a707c7a56efa3f,SHA-256 digest of the first raw HMAC-SHA256 group tag in this NIST stream; raw tag bytes are not stored separately,e5d90c52ce0db14ff5fb3f3f2fb99d2d017c8f3bab9c3ea2d5956db903341611,1000000
Authentication-tag stream,94,1,girl,d044fcfbea02123efdc167e596f45e839c39c2e1ca2ff841710ef4db15bc4dfb,206807209643d5b41b10c0e9e9ea2b1c245ebd5f6680666e2ab6f219627c5077,97b9cf49d0fafc4a26f486c129d93413ed97e1aabda5536631174e2bcff79aa6,256,fcbc1f8eb44256e2be33e501f3eb198a38b92072cc7ccad18ba74d09b10342d0,SHA-256 digest of the first raw HMAC-SHA256 group tag in this NIST stream; raw tag bytes are not stored separately,3e01dc3a22d67847ad2d4df330748f290f7e740c24958226a21464a4e6f7016a,1000000
Authentication-tag stream,95,1,airplane,515d0a5105047916be9faed513330046be41a61f4b155e854731e512ce1f4c4a,a43c98bad51c9678366c291fa9d9d45dabbb0b0f79420bfd7b27827596bd5848,955f339c78b7959d1acb95d5415d019ad701ba6a00972e8cd1e025b7df769a9b,256,04d2bdb61033258bd76eacb6230969bb9b77591afa4c5d1c76c72e4a789983c9,SHA-256 digest of the first raw HMAC-SHA256 group tag in this NIST stream; raw tag bytes are not stored separately,83916003b5588505de0ff9b2a3d91a59cf843e5472a21202c88f712bffec5c0e,1000000
Authentication-tag stream,96,1,girl,d044fcfbea02123efdc167e596f45e839c39c2e1ca2ff841710ef4db15bc4dfb,6d046e7fdf020a418469032e15564e9601c61d419990ebf20608a0d4fa7dcfba,f8d5d777c2dafdb475103e76f253be1bd01996b676deca1e6bb058e7812e7984,256,54820a4b9b85a4206e6f3663396605426aa6533f7cdb57d18062ae641fc5f4e0,SHA-256 digest of the first raw HMAC-SHA256 group tag in this NIST stream; raw tag bytes are not stored separately,1eddaae3602e837405025b99f5902dc18c1cdd06d83fdf1c41e3ffa55823aa3c,1000000
Authentication-tag stream,97,1,airplane,515d0a5105047916be9faed513330046be41a61f4b155e854731e512ce1f4c4a,a1e06bbf48aa0df235dc9a3d797e9658665efaede21b9d0e28983980581382a4,318432c2378c9df8021954ba0aa9ea0d7ab447759469ead5219fefa914fc3209,256,132634e525f5751d0a79ee5d298ac42533aa29e1ff859265c5b8551f29fa38e7,SHA-256 digest of the first raw HMAC-SHA256 group tag in this NIST stream; raw tag bytes are not stored separately,9ae24cd2b851ce52c61ee31abd423cf83c2ff4fc2a46cbf8163f511f7783618e,1000000
Authentication-tag stream,98,1,girl,d044fcfbea02123efdc167e596f45e839c39c2e1ca2ff841710ef4db15bc4dfb,c1d1de02889038c01775603d6f956c6c80744f6cebe6c24faf99dfb9b8e8608f,a83e2aadb435eb47191334b33ce6d1a820e54318a6f15069e7880ace25e55711,256,089f5beb1f3507236d15748ca27e29e94945f85c4b9a97bdfe1ccc5c6b0410c9,SHA-256 digest of the first raw HMAC-SHA256 group tag in this NIST stream; raw tag bytes are not stored separately,2576c6fdac9baa6e922fe6d6fe4c49c12a0130e2af1260fc93e104c234580bc6,1000000
Authentication-tag stream,99,1,airplane,515d0a5105047916be9faed513330046be41a61f4b155e854731e512ce1f4c4a,23f44ef25ab4247e65a34d1def1ad8e71f6f55d840bb39ed13d1fca71a642053,3b40c316a41e6ef3d0349ab3f267b4e9afb60d06d1cd73f8109c730aa5341542,256,f48fc6adc5a05f60b40691de7d2bca6cbbcc1027d8c6c7662c064c2938216dcd,SHA-256 digest of the first raw HMAC-SHA256 group tag in this NIST stream; raw tag bytes are not stored separately,d7d83cf0204137ad42016f4eb89a987d044fb799a7be155d55d994db7a34d24f,1000000
Authentication-tag stream,100,1,girl,d044fcfbea02123efdc167e596f45e839c39c2e1ca2ff841710ef4db15bc4dfb,a9344afda2d43557a1d1077a6ddae815f796f507cf00ec71f5666a9002873bdc,ce8bf3f0fcedc3d01807e032cae8177d67aac0136fd25ccec578f62d8aa2b2c5,256,9e66caaf1a12faa10b6ab07b2e9cea397cc9d6b3843657c2b5561ffa2f27f752,SHA-256 digest of the first raw HMAC-SHA256 group tag in this NIST stream; raw tag bytes are not stored separately,f00ee519473d58a540cfd5a48813ec556c2857b1e88e5b0295bf6b0dcda85faf,1000000
