image,stream_index,source_image_sha256,user_key_sha256,image_id_sha256,authentication_accepted,exact_recovery,mode,groups,pairs_used
airplane,1,515d0a5105047916be9faed513330046be41a61f4b155e854731e512ce1f4c4a,4c92d7b2f57718e3fc798e9698de1d1e3fe3cab491037d9ebd43cb91c3d2656e,03a1335a5971c409cbb4888e24b033533af3c7eddd8e77ccff8d6d9d334a4a37,True,True,group,192,54294
baboon,2,cd4456f2562dc352acee627428eb4e2ccaed5f53082ce0838d9fff6b8a3e3517,e5fa34003fa736d90058797a78ecdbe3b17b3b146c960a1b7eeeff38deb94bbf,dfd6288d6da69edb6e93d85754c5bae395fa91fe1a988be7ba568af6ba07e2df,True,True,group,192,57320
couple,3,e1760e29f10762fe60349e2848b01065b69784d04848606dd8644b6a9a893288,6dd52b6c7bd3924d9c10c6e660438a38e22d5b360c1186c63bbac961f6e3e381,0913b99684252efcd2366453e50726772f618194b44a338d6f5d843c0f5e7b17,True,True,group,192,76792
girl,4,d044fcfbea02123efdc167e596f45e839c39c2e1ca2ff841710ef4db15bc4dfb,bbfcd0c7797dad46982ec5745289ec9a5581359c67a7f097a54d67f330a714e5,e27622cdcf2a4c54ef1549c8b8c7f59e2c26fa6c6f6a9675488b8470a5c826dd,True,True,group,192,59944
lena,5,d5cd280e7e970a31828fe2c91ead6c8ce3ea257d04b6eabbd8e254c6e1cce255,927afab8fc8258412fcde822928a19cb079f1171855a5db57de856f9a7d89ff9,d01d61217ef62b7094904eeec7aabf84516a49be615b394d03832c8f945e1a74,True,True,group,192,55124
peppers,6,208e8c6542e91a1b3d7d9457626b7577fc0d21affeb800435858cc83f2537649,b76f4becf40161d30ca929d0b465348299249926a5d0fe75af3c3b3da52fbeab,1231395f30e9ceaeb6e8bdde683eb0a4b19993a6aeab7d9cb29a97da35a84413,True,True,group,192,58082
airplane,7,515d0a5105047916be9faed513330046be41a61f4b155e854731e512ce1f4c4a,78dfe3e860427e5da38a5afbd3e460566586aaf3e32555281ff342ddbdbf3d63,8d2fa7f2885dbf13d752496acab70baa3260b12c0c1e2a04309a940ce60bfe0f,True,True,group,192,54376
baboon,8,cd4456f2562dc352acee627428eb4e2ccaed5f53082ce0838d9fff6b8a3e3517,450d22002229eec2037215ebaf481e842d17c3281931e517330c1750faf0e120,a000bf6b6fd79cf47a5932e5b5fac8a36808a8f2389547c10dd30f5ecf1d7c73,True,True,group,192,57716
couple,9,e1760e29f10762fe60349e2848b01065b69784d04848606dd8644b6a9a893288,07348b8c72bc8803eabd0b7279371a84a8d819e9620917737e67b6ccab784e98,ab65bc59c657a1ac404b0f85b2c58d2cd8d5014480abeacc0fe9af81048cd626,True,True,group,192,76608
girl,10,d044fcfbea02123efdc167e596f45e839c39c2e1ca2ff841710ef4db15bc4dfb,c2d1c1ef5f53ea010bc87b507e6c2fdd20e3b4f50a8c8141c7b16efa2b98355f,7b45631615dbcbf7838dbb5d2ca92b54dcaa112ed5c8dc775947d26966ac43a1,True,True,group,192,61438
lena,11,d5cd280e7e970a31828fe2c91ead6c8ce3ea257d04b6eabbd8e254c6e1cce255,5fbf52750f25abe424a591e04201a72af98dd68463af02b0960c6a015f599f50,fea7c550e9c81ff4680bb7b4ba5ca731298d80a9f77c0732c1e465ed8e37c4b8,True,True,group,192,54696
peppers,12,208e8c6542e91a1b3d7d9457626b7577fc0d21affeb800435858cc83f2537649,557e22d502919bd8401a84e961940f7178d63711a3b67c6de158debea3c03d5b,c9c039caae290ed28f50e6549917afdda4f29876501a205f9fe99cb49e763cb1,True,True,group,192,57826
airplane,13,515d0a5105047916be9faed513330046be41a61f4b155e854731e512ce1f4c4a,9751544f0a1699d69a601c9e10d0391b2dec67d5db58c77b43cfc1393d107120,0616f46e3a20d54e319a560983ab60b73e772969fd687517bbcf5ba68a1c8c78,True,True,group,192,54292
baboon,14,cd4456f2562dc352acee627428eb4e2ccaed5f53082ce0838d9fff6b8a3e3517,f337f4be747c3898800ce3e175a37170766115f26c29db7335124b58f0a688f3,4eb78be83f175ebe76c1d2c80c53a365dbf11b78566d4d018f81525578848fa3,True,True,group,192,57178
couple,15,e1760e29f10762fe60349e2848b01065b69784d04848606dd8644b6a9a893288,0e22840edd45951f36e1348cb1bb32dc89e6057f64e25443ca63a9f68770d7ba,0de94259efb25f85a4a701f063133dd39f4b945367042a69a61576c940d739ce,True,True,whole-image,1,350
girl,16,d044fcfbea02123efdc167e596f45e839c39c2e1ca2ff841710ef4db15bc4dfb,7bbd184a13d1b8cf949cc912f26579871a26bd1d6188f61bb9e54924f158fba5,47ed55701ba299c793c21bf0c708ea28f09530d3d9447498083ba9cb92fa1777,True,True,group,192,60526
lena,17,d5cd280e7e970a31828fe2c91ead6c8ce3ea257d04b6eabbd8e254c6e1cce255,b3afeb5805284cd70674b61b75b44015379e6caebfa2e1831e0c2869a3bc2018,669e7640c2c62fff81261a87070bcdb99ce543e8fb2db2584714585c479cc976,True,True,group,192,55312
peppers,18,208e8c6542e91a1b3d7d9457626b7577fc0d21affeb800435858cc83f2537649,330c8125f7953820b7efa1a5c7085ee43bc3731439f2b7c313b8e95c806499be,a635aea98ca5d38d26f6c3cd27e9c99077ee7a707be67339d4859f9b2996af11,True,True,group,192,57798
airplane,19,515d0a5105047916be9faed513330046be41a61f4b155e854731e512ce1f4c4a,c043cd0f8ed84048c437e5370e780d2500440ec1a96012f83ff5fc579ea72e2f,b82b114485f9efaa0656e0eb688529bec2d417c0678d3c9b4ebfd4b9c621e6a7,True,True,group,192,54664
baboon,20,cd4456f2562dc352acee627428eb4e2ccaed5f53082ce0838d9fff6b8a3e3517,3fa844ecabba1760a929cb3da00da1b724faa98bfec8b0b9f66555bda2c8fc7e,c9c34dd92955857c7438286c50a370b81ec394e49702e38dd755866a46b92aaa,True,True,group,192,57238
couple,21,e1760e29f10762fe60349e2848b01065b69784d04848606dd8644b6a9a893288,490b07b12449835f2011d1450f80171b5daec396f3ba5fd03b41da256429e468,d972113f001aec9c8d1851e8c1ba7a5e2ef9b916f6860abf467b359dd0a0b40d,True,True,whole-image,1,320
girl,22,d044fcfbea02123efdc167e596f45e839c39c2e1ca2ff841710ef4db15bc4dfb,9e86c0656c45376142c78c527933fcb5c3ac75e2fb04c939221f3f6906deeecd,78c5c5003d38c9051ca90223fd807b5f44ff17e1d3031be7fd8167630496a646,True,True,group,192,61196
lena,23,d5cd280e7e970a31828fe2c91ead6c8ce3ea257d04b6eabbd8e254c6e1cce255,f085662a03d63e1c6499d54eb7d3a6f703be176d89d063cf1c78b591b4a2813e,acee0cceaacf976d354e1e30ca5107f35668ca18e17307ada8f914b3b5a93904,True,True,group,192,54810
peppers,24,208e8c6542e91a1b3d7d9457626b7577fc0d21affeb800435858cc83f2537649,4fc41d64bf3d89b0114f3e550da5f0d0b15c14d8c96d951c572db6d984646d1f,9691517ba80b26f72752680eebc8d5012d78fcf988a3c4f59bc5653f7a5c6133,True,True,group,192,57764
airplane,25,515d0a5105047916be9faed513330046be41a61f4b155e854731e512ce1f4c4a,3f16706ada144ea86ddde9f993ac71d6cfaf94ce379808b4a037afa18e656d71,31415e3d7500af93349c0b0ebd1654496b8f7e1fbe7ca0c12d106d76ff05a960,True,True,group,192,54248
baboon,26,cd4456f2562dc352acee627428eb4e2ccaed5f53082ce0838d9fff6b8a3e3517,2bb7a0d00dd2ed8ef3735b90920fa6298e603f2814f102f80c4eb031f7d32209,a1bdfe86f6ebf91197cc308214cee5c3e1e42c195dc882a378b3d80ac8acbb33,True,True,group,192,57512
couple,27,e1760e29f10762fe60349e2848b01065b69784d04848606dd8644b6a9a893288,cfa198806d6ce595db713690f79eadbfcdcdae57a1e589e8054dff306321b7e6,0ae01b146b345afbf97c7064d35c90bd6e04c20538cbf96109a7847b51c856e5,True,True,group,192,80340
girl,28,d044fcfbea02123efdc167e596f45e839c39c2e1ca2ff841710ef4db15bc4dfb,cd735d998b5a1f01565d33c514c0e18cd4a20e65cecc6d0b58551246d77e8758,3f3ad2c599ce47d4817807d9e616d8b6b934cb3920e8ed343f1a7f26257d65c2,True,True,group,192,60312
lena,29,d5cd280e7e970a31828fe2c91ead6c8ce3ea257d04b6eabbd8e254c6e1cce255,ae503c9e4bce668a2b81ab044025615914936a22afe2161f6fd7a803e8e51ff0,bd6d1ccb0d3134c79e1fab7d6611bb0425cbd2a2296e2bb760eed3c2f8ac8f47,True,True,group,192,55028
peppers,30,208e8c6542e91a1b3d7d9457626b7577fc0d21affeb800435858cc83f2537649,b97467eb2755e46343826538dcb485da283ac255754c506b9441129c13cc51ab,096c6a69d5726ea69f4df83ba402483bcda7e1821d0dbe1640a78334033fb978,True,True,group,192,57808
airplane,31,515d0a5105047916be9faed513330046be41a61f4b155e854731e512ce1f4c4a,c5de65d704f518023115f717403fbdffa9f63834e750c4c9d520efc3b3b83fa6,90fe6b28b63eba0fe9cc9ab2dfad8817d240a62a250517957a77687c11fc2973,True,True,group,192,54452
baboon,32,cd4456f2562dc352acee627428eb4e2ccaed5f53082ce0838d9fff6b8a3e3517,9be26fec7a389873247188e90abc41bbdd4ded80a75c6b767a6f5b89316377e3,0ee2450727ad67a7f3f43b98456198d80064f5258cfce94417cbe65ed62a1db8,True,True,group,192,57318
couple,33,e1760e29f10762fe60349e2848b01065b69784d04848606dd8644b6a9a893288,7bdf749df993c01d46cfce1810baaaf963224a88eaa9bcca187feac2e39063ec,45bebcd935946fe3c1d07fb2c7c7dafbad95c266d6d08d3e6b30405c68d070f5,True,True,group,192,79036
girl,34,d044fcfbea02123efdc167e596f45e839c39c2e1ca2ff841710ef4db15bc4dfb,babac97185cb6b20a04c6982e79b725d5976104eb4b7cd9b896ab8451a90b2a4,3b4abe947b9eaa4cfd4f2ba16f86ce5709bb9d27b564a4c0e4076f67e6acbfb5,True,True,group,192,61422
lena,35,d5cd280e7e970a31828fe2c91ead6c8ce3ea257d04b6eabbd8e254c6e1cce255,5a7df371ab58b2dcb0616f7b1fa177dda705be7b735b63709b029110fbf10648,bd677fc800fad5acbb9526331a555b920268d28e8a80232429b983c047df0bc1,True,True,group,192,54922
peppers,36,208e8c6542e91a1b3d7d9457626b7577fc0d21affeb800435858cc83f2537649,2bdbef5afc39c33a21b5e5bae8b6401afa0d5268dba5a547cc00ede75eafa069,f98198586c0d1646a1336b701df3a35c249d2477af4ab60f50ddc07f85043d07,True,True,group,192,57454
airplane,37,515d0a5105047916be9faed513330046be41a61f4b155e854731e512ce1f4c4a,571f6d8b4ef34899bce19bb2beff1d832786209e39677da5f51c54a2a5b95e99,3225fc14257bd35fe2c0c976b995e28678c8b269704f8af676834ea1199e5e04,True,True,group,192,53786
baboon,38,cd4456f2562dc352acee627428eb4e2ccaed5f53082ce0838d9fff6b8a3e3517,8c085789a056fddfcd2410c8726134471498549954abe314f6f3e822eb49fb0b,af4167cf0964faf2a54215db9a73dd6607f8ad606a0387a6f5c1581027b924a7,True,True,group,192,57206
couple,39,e1760e29f10762fe60349e2848b01065b69784d04848606dd8644b6a9a893288,e462d9ea7db1d860a2060ef761b71a8ed30334eab8c6af51cfedd58b928a8d37,f8efa52676f7a1c6aeeb3b54239e1691f4aa053816913e9e9f18711653444feb,True,True,group,192,79782
girl,40,d044fcfbea02123efdc167e596f45e839c39c2e1ca2ff841710ef4db15bc4dfb,bc71f2d7294f9cb88c9cf063b1132bc535f9ca1ed7075f115938fddb9d0aa987,05f33d943b3b7449fb44e7a9332f82b72b9d6b2f0f331fec93d69201b3789bac,True,True,group,192,61700
lena,41,d5cd280e7e970a31828fe2c91ead6c8ce3ea257d04b6eabbd8e254c6e1cce255,a261f12d775fcb20952109b9dad6512721254c9f63226fdcfbeee72bfc0a6220,958e9bae6d0e2d1722f4ff783c0a2063464f04c943ed23db99e5bee556e58923,True,True,group,192,54962
peppers,42,208e8c6542e91a1b3d7d9457626b7577fc0d21affeb800435858cc83f2537649,4824c0a5fa6f3dc003166d5b8a26d256ea0fcf6bda2e404799d5289674bee423,33e4fe1d754ec544acf993eb52315956cd44e2e80e2c51311be9822a4a5d9513,True,True,group,192,57810
airplane,43,515d0a5105047916be9faed513330046be41a61f4b155e854731e512ce1f4c4a,9b78a14f87a4e8492d2f0b667f99541e0fc16c8797d385e2cdd455cf265a76e1,d6e4a314e4e9cbf7eee50e7cd90ad7036bb3b4d6fa2dd3ff1738aeb223108a72,True,True,group,192,54042
baboon,44,cd4456f2562dc352acee627428eb4e2ccaed5f53082ce0838d9fff6b8a3e3517,ed82876263181c704a91226fb78c9ec7d05d098cea4b1eff6b59bc98d7a0a066,294ea2407158483253f27654e006725b20d5e96fa8836dc35b88d21c3533ba8d,True,True,group,192,57778
couple,45,e1760e29f10762fe60349e2848b01065b69784d04848606dd8644b6a9a893288,922d6aed4eb3c81a502083bcd121114bd1ae39769b84005c568d6fd7860d4514,940d71412f6990fd7504199486ab46724ddc23fddf517747eaaf1edc78f5a8f0,True,True,whole-image,1,354
girl,46,d044fcfbea02123efdc167e596f45e839c39c2e1ca2ff841710ef4db15bc4dfb,3e4cd0b47d91b7faa57e39da5c77182a1f9101432a23782c06a9d551cc2b71de,806f878fc8fa9a54bd07f6e1b1d2307653bee23b2ec2a79a89f3ef8b86ad1d99,True,True,group,192,62442
lena,47,d5cd280e7e970a31828fe2c91ead6c8ce3ea257d04b6eabbd8e254c6e1cce255,36348448f5421aead7557d29c8a0035b7bb505dbbd8cf8a7b85d84ebb60df5fc,a9926a2e89339e6187559ce7c8c1290f350e97101da42c66545a3d2e24d9d083,True,True,group,192,55152
peppers,48,208e8c6542e91a1b3d7d9457626b7577fc0d21affeb800435858cc83f2537649,9c9993c38e77b778ebfee778ccb83fe658c5ad69b4de4210757da8541d139cc1,637c3e122250260f899d9060fd944f0b17c99d97e4273081734d17f83f4e391e,True,True,group,192,57682
airplane,49,515d0a5105047916be9faed513330046be41a61f4b155e854731e512ce1f4c4a,d19d0b62cde26d55cf8b07c1ba8f0b0621f37e72e9ac667b9f1ced44e0f7139d,e8a2065ea9356c6449511f816fcdb98add8f9ffd1ea69bdbac7bc721457a122c,True,True,group,192,54076
baboon,50,cd4456f2562dc352acee627428eb4e2ccaed5f53082ce0838d9fff6b8a3e3517,d9c8c14f3d8b59f24f76161b5675e1a14ff1a89c8fb311ff1ab9bea6014171fb,7d46b0b5dcfa79b3e880542863d39bec81df24f6b7dcb60dc768700cc688de51,True,True,group,192,57638
couple,51,e1760e29f10762fe60349e2848b01065b69784d04848606dd8644b6a9a893288,e45591bfa18ea38fc05e7816b7c801cccc272e4170ffe93c159f440af8bdfc20,ea294356d26a99e6104b3f97bae87b9c23ba65793bf67ec5bb6c25a6c85be017,True,True,group,192,77004
girl,52,d044fcfbea02123efdc167e596f45e839c39c2e1ca2ff841710ef4db15bc4dfb,43869ff1a8d9b28f4651f344a74f0d350d010d70628ccfd61e2a97a45a484678,a7a770e17973036589e548d029df3ce21f81cb1311666f04c0bf98fef98e864a,True,True,group,192,61242
lena,53,d5cd280e7e970a31828fe2c91ead6c8ce3ea257d04b6eabbd8e254c6e1cce255,1578d10d6e13e8549deb170101ed851cb1d873fb92a83aa5debcf8bc5beb1ccb,0d464ae4fdade393f35320de5a90d48ee33f694965d66376b64a05c5e23d0241,True,True,group,192,54582
peppers,54,208e8c6542e91a1b3d7d9457626b7577fc0d21affeb800435858cc83f2537649,d87e926e63bf2809a9d5795a6474a4ee2223ace2167376c6d9e8e9977b0f032a,68b8ae04fd718728f73d6ca085e9876e41e28353d9d09353451ac3dc5577cc82,True,True,group,192,57486
airplane,55,515d0a5105047916be9faed513330046be41a61f4b155e854731e512ce1f4c4a,4e78f9c7903e0cdd27f556a43e38554bf438b0eace1a4c8e85101f85d03ebae8,012ab7b02d7b03091f5915eaf21cd5d6c4ff6d58add299a80060745152a8b215,True,True,group,192,54248
baboon,56,cd4456f2562dc352acee627428eb4e2ccaed5f53082ce0838d9fff6b8a3e3517,5617882187dac661a179693d961abaeabf41ccb8a78f0c4252584e0f6567787c,a9d33595ba6da72fe4790bfb9c1198ae86162f38ea77eb0c600d1b167b9ab5c4,True,True,group,192,57892
couple,57,e1760e29f10762fe60349e2848b01065b69784d04848606dd8644b6a9a893288,47936e1717a06cfcfb7cd9005d713e33ae0f40a2246c6112be9ba8dad11c749c,7251a0acd252d31edb1e4d70f810a164d2d8749a9c4440acb2c8fe54c938251f,True,True,group,192,79104
girl,58,d044fcfbea02123efdc167e596f45e839c39c2e1ca2ff841710ef4db15bc4dfb,4e82ca228100459f23684d2846abb82cc94072e5ae6f3efcf84304b833271f17,8cd15c0fad96efaad2e9e7f8f11e87cb94a9c7f5e1fa17d80c98c9255ce3ca6d,True,True,group,192,60762
lena,59,d5cd280e7e970a31828fe2c91ead6c8ce3ea257d04b6eabbd8e254c6e1cce255,90c204236bdfdb52c6083bbee161c7cd60b772f26d1a3e1973e64a615a38169f,aacce5f01d5f4779621d878fd5454f7806e57dbdae43fe3f0c5e2e8bf4a303c3,True,True,group,192,54744
peppers,60,208e8c6542e91a1b3d7d9457626b7577fc0d21affeb800435858cc83f2537649,e9a78778ec22b2bb9ad9785cff5cf11f54c6fe4bb4468540995ad0eb5673b7c4,fa1335d505869f0604770884ac3883a7031cd9d2ff7a1ca4e92fdc6491ca315b,True,True,group,192,58200
airplane,61,515d0a5105047916be9faed513330046be41a61f4b155e854731e512ce1f4c4a,7e8fd7b3f0435af199ad0dd89932f58447051b0608b5447f9a2e54c55e715a31,4a459733f5a725e8a2f2b2396d46e9f0ac0e31f40f78213ff90858e4b8db0cf9,True,True,group,192,54432
baboon,62,cd4456f2562dc352acee627428eb4e2ccaed5f53082ce0838d9fff6b8a3e3517,e2ac866b50510d3c8bc0c373d2b722e9d0289d84d82d6989ee1a1c0bc6ffb39e,72298574e423f2945874d79b0ccb61dcaf47548126b6da90bd0d5e6ecbd2775e,True,True,group,192,57692
couple,63,e1760e29f10762fe60349e2848b01065b69784d04848606dd8644b6a9a893288,63788ade610a800d4e7a0e2f5658428860c31ebef788c253bb401aec65c2a226,1ecde8b23cbd4e3a93fa68b635a6929d062dc0459b584a4a93dcbf84e85d0a57,True,True,group,192,80544
girl,64,d044fcfbea02123efdc167e596f45e839c39c2e1ca2ff841710ef4db15bc4dfb,c29c23146eec604ced2db40c6cc3147e5b7aafb27453b937340ab51f4dcdfe17,617feaed88902005b2df2e05be1cba4af39684dd7698b349c5f70d0f298fe8fa,True,True,group,192,61256
lena,65,d5cd280e7e970a31828fe2c91ead6c8ce3ea257d04b6eabbd8e254c6e1cce255,b9dbc7af1f9131d4e7ded9b8bd8de82fa4bca56ee1a0f240cbfb7c79f971e04d,8e53c21248162b63fe4bbe2d2cfb2d7aec378b059c95b847c8d8a3ace456ba62,True,True,group,192,55204
peppers,66,208e8c6542e91a1b3d7d9457626b7577fc0d21affeb800435858cc83f2537649,9c2ac4ecbecf8e9401d68b7a39bee5eeceebf217a4858165e2716c63d7c7e7a7,15f8d8132231c6cd444277798c1edd7a2c92ce20acabbc6f6b50ea0c0c33a048,True,True,group,192,57732
airplane,67,515d0a5105047916be9faed513330046be41a61f4b155e854731e512ce1f4c4a,d48c59d2e6b86748095a5330c28ac78f437946fb99e4dee87254d85457a47521,2c250d29adf3f954c89ab9eea337a1682cccb6a9d6ef08b2e4ff64f948f1017b,True,True,group,192,54610
baboon,68,cd4456f2562dc352acee627428eb4e2ccaed5f53082ce0838d9fff6b8a3e3517,b15d206525d7234bb72276c6193b4b83e74042b8bfb27145e6897e606bd864d0,8eb5d8e46eb036f3cc9fb6f143410fbf5cbc904954662a5862964dbffdaa0860,True,True,group,192,57276
couple,69,e1760e29f10762fe60349e2848b01065b69784d04848606dd8644b6a9a893288,8d4552001c69b4a2c482ed44553c980184371e5a6739cba92d21c71c419f7274,aabd2dfd6dc3f63331ebc484b9cec70d870d439a7944bedee1e1bf7eb05c4d4e,True,True,group,192,78750
girl,70,d044fcfbea02123efdc167e596f45e839c39c2e1ca2ff841710ef4db15bc4dfb,d274f4e125a432da16ecbdab41076078614f5c19a07af4c63f4a6acf9f27726b,a55e8d1497314527035c07fdb1f3383a0eb69dbec7af17d381cfc6e6dcd7ef4a,True,True,group,192,60332
lena,71,d5cd280e7e970a31828fe2c91ead6c8ce3ea257d04b6eabbd8e254c6e1cce255,e20560ce8ddfd13c30f5160e798939c130999e286b6fa5b69846a7ecfcd635d9,fc162b1f807aca65325d7bd7b59e1127a65682606c47432e9082076754d74b81,True,True,group,192,55142
peppers,72,208e8c6542e91a1b3d7d9457626b7577fc0d21affeb800435858cc83f2537649,d86cd4dd3a78c360fa1e2f9cb6df122d09bd2fac21d55adfbe78b372eaba2627,ca86e97f1cefc7152636342e4c463ba449f57899ec92229696b7d5426ed2710b,True,True,group,192,57718
airplane,73,515d0a5105047916be9faed513330046be41a61f4b155e854731e512ce1f4c4a,9e843d42aeb17a5c8b2032d293d98acddb92351615713543a0b8bb7049385695,fe12518124e76b61135745376ac3a143db151b19715f95eec5e84210b62833e1,True,True,group,192,54326
baboon,74,cd4456f2562dc352acee627428eb4e2ccaed5f53082ce0838d9fff6b8a3e3517,cb80f37d9fb4347bf07c58e6660679121da7138883e0057592bc63edd85b1918,0f71f499ee9de74f2692db3330dae84d599055c0a79213263f7edadbc8c72745,True,True,group,192,57634
couple,75,e1760e29f10762fe60349e2848b01065b69784d04848606dd8644b6a9a893288,7a3c467ce0c82fbccc68fecbafcf9442929b6530208e4f66d77084e8e737007f,95457b50351aef840334e52721a9430e52acece2291649582500b0f809dc5ebb,True,True,whole-image,1,366
girl,76,d044fcfbea02123efdc167e596f45e839c39c2e1ca2ff841710ef4db15bc4dfb,3e9cccd6f1c71d8eb910762a92c88ce8a9a3a182f314ecc4320d78d53a54c88d,629a271e133fed66d936c78954d1f9301b1adca323502fda015a6335761f6a41,True,True,group,192,63822
lena,77,d5cd280e7e970a31828fe2c91ead6c8ce3ea257d04b6eabbd8e254c6e1cce255,908bae9d9f5ffac7e314fddb57962ce5a9228e1c12ef98ddf6181c1c626b6ef0,6c1750208838bd6a3da16642848b67381f0cfce2dd555eb3d504db9b5c39e282,True,True,group,192,54884
peppers,78,208e8c6542e91a1b3d7d9457626b7577fc0d21affeb800435858cc83f2537649,b6f052645dfd3ff4c1270cb4f55a5532076e5dd21eeba75069422b9163f85274,ce93d899f436a2c14ab5a82fa29aa08f4c54c4124347605bf1ba2b14eaf97608,True,True,group,192,57746
airplane,79,515d0a5105047916be9faed513330046be41a61f4b155e854731e512ce1f4c4a,4bfd8a01a400a59670606bb0db9b81a530442e4799e5c7777810eec59366bc57,258c5c9698d841410a0327805bd6de81d327716f17df4f8e32844dfc889fa382,True,True,group,192,54288
baboon,80,cd4456f2562dc352acee627428eb4e2ccaed5f53082ce0838d9fff6b8a3e3517,4432c26ef45d10ff6ac7e70f30a7686c7b287a942bbf625a00ec814317491643,4783ceedf547af82c455dd5a87089f49a587a66ff0e773964a4b68ce720f8fa9,True,True,group,192,57140
couple,81,e1760e29f10762fe60349e2848b01065b69784d04848606dd8644b6a9a893288,c0cbb02631e54b05c8950cd9424d66d01e6dd0b1d8a43fa3fb2f352cb5497282,2f1cc39047aa27718a5d55682b97cd20c7ffc49c7bd5de73a79ed04fd82ccf9b,True,True,group,192,76756
girl,82,d044fcfbea02123efdc167e596f45e839c39c2e1ca2ff841710ef4db15bc4dfb,44bc735eba44b93b610c0a5f69557a378c9126af20f69d789f158b99dd819f57,140b75fc2ccc8ca2f4c9ce07e7e76e8f99208dc7d9c10a3e4858714dc11c8016,True,True,group,192,61542
lena,83,d5cd280e7e970a31828fe2c91ead6c8ce3ea257d04b6eabbd8e254c6e1cce255,dc8b2b1603171cd3a15bb2de05f9d5e8b9677fac6ae046d02a02dfdb19f6602c,2da7d70cbf1c065317486d9b720bfdda9edfe125945861e50ead6ce1d20f838d,True,True,group,192,54850
peppers,84,208e8c6542e91a1b3d7d9457626b7577fc0d21affeb800435858cc83f2537649,9510f6d38406cf183611322071ee96e8b216e8e7c702ca2ef36cb63e8183d2ef,f68424c96d58e5dc02f94692f35348d6be7e1278ae24fa29319596f3cacd4a6b,True,True,group,192,57870
airplane,85,515d0a5105047916be9faed513330046be41a61f4b155e854731e512ce1f4c4a,119c4f97d7d95a484fc4459401925fa16210636d8441d7290e90fc7eb4f2885b,4145d2cf7dbcc6355f93beb40167c2265aa8d8ac76d28d14b21d733b8df08277,True,True,group,192,54346
baboon,86,cd4456f2562dc352acee627428eb4e2ccaed5f53082ce0838d9fff6b8a3e3517,2629844fba387b9d938d130d1f4e3a21e024f2d8489a86b7f1d2fa7991859356,8cb1fcc0bccfc8a17b7fb307583bbd2c70e39b73d802026d17a0aa279e973b71,True,True,group,192,57356
couple,87,e1760e29f10762fe60349e2848b01065b69784d04848606dd8644b6a9a893288,ecbfd8903ed33a4a4613a5f5dcebf63440d325c00650ee91a372e9935e627560,fb7b74cb9b8e29be47d033e6bc85c9dbe60240f7fb59f0c290b3cf9bf1d8d0ad,True,True,group,192,78714
girl,88,d044fcfbea02123efdc167e596f45e839c39c2e1ca2ff841710ef4db15bc4dfb,db9d606e24959468c1adfb26b4908dc6ace37591f8974c2c0ce68f796b8b40ba,9321664c9cd1ebbf5707909514423efb391d06ce6835e3c5e0c050a18040a1ea,True,True,group,192,61590
lena,89,d5cd280e7e970a31828fe2c91ead6c8ce3ea257d04b6eabbd8e254c6e1cce255,9e61f1b13615b88f9b628060ee8ca77f05b52a36c21ef8c0a814b89de2cef102,1e30f2d0338fd91bc395fb848a170e9f099f6bb4e9aa645f7c542d0c5bc0173d,True,True,group,192,55104
peppers,90,208e8c6542e91a1b3d7d9457626b7577fc0d21affeb800435858cc83f2537649,047e3cc09213577d985044d258a8e590faac807be4abc6d4c2e955bb7ffb2203,17ddd25742d8f411ff596d0823f37592fc7cdf27c60fd6fdc860c6ee4b0f0287,True,True,group,192,57676
airplane,91,515d0a5105047916be9faed513330046be41a61f4b155e854731e512ce1f4c4a,ee8660463fa94322ef3b246017caaf8ea1849458965645cfbf679cbba238fb3d,985a730352a1813c3fc4f138a14461710cfef0cda7546ecc1866d3d9500651f7,True,True,group,192,53936
baboon,92,cd4456f2562dc352acee627428eb4e2ccaed5f53082ce0838d9fff6b8a3e3517,18bf45f132cfa31edb0336287fcae59ab36c41fb1424e7e5c2a6b6cbbbb48019,01f5f769141a5f360d7f1af1e2964155d4572f8a4d9eaea7d721d459910b9aa3,True,True,group,192,57390
couple,93,e1760e29f10762fe60349e2848b01065b69784d04848606dd8644b6a9a893288,fad41fcd85461d5c10949aec39549397354e98124397009bd972dd01e8253377,2f3c955cef50b0cd7265950bc5ba2a8a2e219253edcd94dbd968e547a12068fc,True,True,whole-image,1,338
girl,94,d044fcfbea02123efdc167e596f45e839c39c2e1ca2ff841710ef4db15bc4dfb,9abb34b506c0b9862130022ad8b0388b183d0f21ef1249df19969fcba9fed99d,de6e864a05634cfb5edfacf8bd1af4b66586dcf558303038dc30017149499fe2,True,True,group,192,61392
lena,95,d5cd280e7e970a31828fe2c91ead6c8ce3ea257d04b6eabbd8e254c6e1cce255,7b099120a5c831b70eafd356883846d0ddc1a48b91396313f3f68a75250a7e38,65a0cb632412f15ffc207c9b8eae9bc5e72e673634f81789292789b744cfdeeb,True,True,group,192,55082
peppers,96,208e8c6542e91a1b3d7d9457626b7577fc0d21affeb800435858cc83f2537649,c7f1925e75985eac01bd74a40ce78789421b22b4dd8975b6ebe9dc29f52adde9,30b0ce667ec0f1473a5d17b6a1aa5df7f2a972c4e0479fb7d1d382f70c721764,True,True,group,192,57620
airplane,97,515d0a5105047916be9faed513330046be41a61f4b155e854731e512ce1f4c4a,0955ce9b66e27695eb5031a3c1fd70756b482c4b3068a64ee6a72635b76b2b51,982e2a1b6d40e3bfacf52eb928a9bb741548b30d9910726691dd1d7ddb0c4983,True,True,group,192,54120
baboon,98,cd4456f2562dc352acee627428eb4e2ccaed5f53082ce0838d9fff6b8a3e3517,17ceeb8f5fbc8c56b6fe2cbf0ed12cceaea218410f2925418e325e7e09181027,04ea803cd80b3038228af0d71895ead46d61f22c006c7fbdb4b675340a199e17,True,True,group,192,57480
couple,99,e1760e29f10762fe60349e2848b01065b69784d04848606dd8644b6a9a893288,f1a7f3824fa9b46465c3fe9ff7aee0ae93dd9b3a05f9f013e5395b4f919f6a3c,da8807176bcabeae8db6dc0c9bf2d46d68bfd9c872d78c2757bd1861da7ba17f,True,True,group,192,77448
girl,100,d044fcfbea02123efdc167e596f45e839c39c2e1ca2ff841710ef4db15bc4dfb,6feef23e4c6261d7dfd450726afbfe887e153fba03624ab5d50298d7d8fff234,7a99ac3d70e2ac9a0edc0061ebb336405e0171c8df2cc7f69475f53afe4853ba,True,True,group,192,60512
