relative_path,size_bytes,sha256
assess,155395,906b4cfd1175fe6046ce40f00220cdbf6b38ee2fdb1c083476a9c6a5894f08f1
data/BBS.dat,37500000,8b808e72e5b9e50893f5714a948d3a87c3a014fc8b8e0be3f64e3da07ad8ed6c
data/data.bad_rng,1572864,4a596370fcb4263c99f4fddcbd5c766c4abf5cfaab645bef1d3611d86f1c3e60
data/data.e,1165666,b4b49e2987dacdbd5fe75a8ad767f4139e7be7d8f0ff9ddfb23e6081a5feed2d
data/data.pi,1165666,8efe68d864d53540de7a7a3c54743cb0f47ffcd28b2950992519068474498823
data/data.sha1,125000,dcc306053a40b5f0c94508425660620b932a1803aadc7207a1b669eb4e3bd6a3
data/data.sqrt2,1165667,66e6fd40d1e7b14613801cdb8af67ee6b4fde988f348e0a09e7be84257ee3ed3
data/data.sqrt3,1165667,6b1fc9f59f701b4c75d013cb3854bcc545f971da057d8140a8d7600bd34850e0
experiments/AlgorithmTesting/ApproximateEntropy/results.txt,90,29ed3618c061cfeac65a095d25addfba00e2fb694a4426a57f1be261f7d2ec29
experiments/AlgorithmTesting/ApproximateEntropy/stats.txt,4754,175d89bdd955927be4132a3d1472414bba9778954de0fa453b28cddaf3646e81
experiments/AlgorithmTesting/BlockFrequency/results.txt,90,29ed3618c061cfeac65a095d25addfba00e2fb694a4426a57f1be261f7d2ec29
experiments/AlgorithmTesting/BlockFrequency/stats.txt,3560,d57efdc3334040b9f790e79ff083402565b325afe5adb87dd4b7fef2443466f4
experiments/AlgorithmTesting/CumulativeSums/data1.txt,90,29ed3618c061cfeac65a095d25addfba00e2fb694a4426a57f1be261f7d2ec29
experiments/AlgorithmTesting/CumulativeSums/data2.txt,90,29ed3618c061cfeac65a095d25addfba00e2fb694a4426a57f1be261f7d2ec29
experiments/AlgorithmTesting/CumulativeSums/results.txt,180,7a0c0b63074dd2cf45e1558d29367099fb3dac550da148d76053d493d166deae
experiments/AlgorithmTesting/CumulativeSums/stats.txt,5472,f0e2383dbd790b8269660692b39e8e53e2197e67fb1a903ed634383fec229e7e
experiments/AlgorithmTesting/FFT/results.txt,90,29ed3618c061cfeac65a095d25addfba00e2fb694a4426a57f1be261f7d2ec29
experiments/AlgorithmTesting/FFT/stats.txt,3334,3d9233fdd5cdff738e4a2a36ff1c79f0d2d2aec47a71a99c281ac18d69ee344b
experiments/AlgorithmTesting/Frequency/results.txt,90,29ed3618c061cfeac65a095d25addfba00e2fb694a4426a57f1be261f7d2ec29
experiments/AlgorithmTesting/Frequency/stats.txt,2990,5dc0ab25a809a775cf3e67c28013e4f5d1e42e54df1285f608a07511cd065a87
experiments/AlgorithmTesting/LinearComplexity/results.txt,90,bb9d151f06916c5bdd248ffe1c2bdacdfc8f52e864781687ed0b4f25b2c3736a
experiments/AlgorithmTesting/LinearComplexity/stats.txt,5610,13bbb79009e89e297d1b83b37c15d127ff20e69a572668b0446c2f748a1ebb52
experiments/AlgorithmTesting/LongestRun/results.txt,90,29ed3618c061cfeac65a095d25addfba00e2fb694a4426a57f1be261f7d2ec29
experiments/AlgorithmTesting/LongestRun/stats.txt,4991,50e11ea0833277a5e298f0c5c1deefe461a3fbe635808fce39048389dcd056dc
experiments/AlgorithmTesting/NonOverlappingTemplate/data1.txt,90,478b4cef525fb1f395aa6b579b5217d828c49d86ea4f7f51c06059e048004660
experiments/AlgorithmTesting/NonOverlappingTemplate/data10.txt,90,7618c5f2c84cda44d23ce12d1a62d6526bef40ce08f05d936dc8eb16aa0ee54f
experiments/AlgorithmTesting/NonOverlappingTemplate/data100.txt,90,fbdda36f95d30850dba6d6384f644d8c30c0eab0640e2cb6edee19f235771733
experiments/AlgorithmTesting/NonOverlappingTemplate/data101.txt,90,3f1acfa146cce92ff89792a78750ccd16e5a8292c4f7f5c2176fa8885af91317
experiments/AlgorithmTesting/NonOverlappingTemplate/data102.txt,90,fc7d626fe742eb1df5ab5d10ebbc53afd3b89a91d24fb55f3ced218f1dde83e3
experiments/AlgorithmTesting/NonOverlappingTemplate/data103.txt,90,8d722470cc3ad56d236c36e43335d4bec5fe19746d452baf9cc826ec05bbd1c5
experiments/AlgorithmTesting/NonOverlappingTemplate/data104.txt,90,74ff2bfecf2925328c16b38e7e95c43269626d4375004384230e19e546c4f04f
experiments/AlgorithmTesting/NonOverlappingTemplate/data105.txt,90,441a899bbe30896604928adaed384310f437bc0bf161dd347a9a84fb0254b521
experiments/AlgorithmTesting/NonOverlappingTemplate/data106.txt,90,c896f4b6fc949a85d5046851510fbf778e240fa8125059e76f1f41bd666fadba
experiments/AlgorithmTesting/NonOverlappingTemplate/data107.txt,90,b003a51b2840c6a8bd0074280fd46bf6ac367b2603eaee4720791c3c41d71b6d
experiments/AlgorithmTesting/NonOverlappingTemplate/data108.txt,90,b62e71a68ebaf3aaa5609c2caa365d7a3cb2b8703a3951596e5471407bf946b3
experiments/AlgorithmTesting/NonOverlappingTemplate/data109.txt,90,370e15a465507cadb917b62252c5475f8b314e8a298183a4d8eb6cdac1b97aca
experiments/AlgorithmTesting/NonOverlappingTemplate/data11.txt,90,05f7fc6ac987fabe694fc9587b4efb83d2d4c54fd9a4d94d950e45361cd63529
experiments/AlgorithmTesting/NonOverlappingTemplate/data110.txt,90,4f7fc1ef52e5fd2c1faa592b4e9c8b769df174a895a95f092743f13bf681bfee
experiments/AlgorithmTesting/NonOverlappingTemplate/data111.txt,90,462cf26b0b93c04045ff12c1870d32059c867a3ff945b421109eadb7584e7ecd
experiments/AlgorithmTesting/NonOverlappingTemplate/data112.txt,90,824f8ee260b24072e16369bf29f8e22b9efbf18ec7d01ed8de660ccaf15fe6d6
experiments/AlgorithmTesting/NonOverlappingTemplate/data113.txt,90,245354a0190d3e69cfb9f50158d93b21a0535a6835d3a60d0da7fda4c154c137
experiments/AlgorithmTesting/NonOverlappingTemplate/data114.txt,90,aa4992df961560f0775330a0c83302e8c0428283281e2abdc722fc843acc5954
experiments/AlgorithmTesting/NonOverlappingTemplate/data115.txt,90,4f081ba1d7b0bea64b78a84952ead14fedd89fd726eb487b194b105fca32913f
experiments/AlgorithmTesting/NonOverlappingTemplate/data116.txt,90,2049a25b75da319d1089270e4ac15f20ed2080354122a54dfaf8a8e64520beed
experiments/AlgorithmTesting/NonOverlappingTemplate/data117.txt,90,4998841f7399ad5eaa64ef77c07dd721ac7155878ec7ebc223471424d0973619
experiments/AlgorithmTesting/NonOverlappingTemplate/data118.txt,90,dc503645f1b5a0c0f9c136cb1ef4b2129b62f60b52f40c209cbaa4b51df24f41
experiments/AlgorithmTesting/NonOverlappingTemplate/data119.txt,90,29ed3618c061cfeac65a095d25addfba00e2fb694a4426a57f1be261f7d2ec29
experiments/AlgorithmTesting/NonOverlappingTemplate/data12.txt,90,afd2af4a59dc3a114d729562a0d15f90b1730752586d8f785163fb3cc630b810
experiments/AlgorithmTesting/NonOverlappingTemplate/data120.txt,90,b88ed1a9acc34b0b98c3ca1d413ed62af0089b5028302a01b6638aa6908e9b53
experiments/AlgorithmTesting/NonOverlappingTemplate/data121.txt,90,450935b8fcbd907a6747496ef94bbd16d552939914078109c501c5ed2c920edf
experiments/AlgorithmTesting/NonOverlappingTemplate/data122.txt,90,e60e4c76c6b271f0ae2ca7383e39ce11058e6273056b69fd0b7a08880c46aac2
experiments/AlgorithmTesting/NonOverlappingTemplate/data123.txt,90,c0cce0fd830afbaf20b05260c7ef0f08286937887c4a6cde4436e7b5d1b27099
experiments/AlgorithmTesting/NonOverlappingTemplate/data124.txt,90,5c695d89cfc73a2bd690065c296b07844663f500fff08f0252eaa1d7bf24fda6
experiments/AlgorithmTesting/NonOverlappingTemplate/data125.txt,90,1d69080138406f9fdf8966a67748a01c73d5fa2fc39227a43689ec168bf86876
experiments/AlgorithmTesting/NonOverlappingTemplate/data126.txt,90,8dd00869d0b5cdd98cede1633c2dd16d8d445720c39d2d261da6ce0208eea698
experiments/AlgorithmTesting/NonOverlappingTemplate/data127.txt,90,89b70676f9b4e34088bed3f371e484c7a9ca419c175cc7802657a33ac8ff4172
experiments/AlgorithmTesting/NonOverlappingTemplate/data128.txt,90,c352efabcc175a5999d70f387bf08ec7569ce62af3fe82ef631d443bfd88730a
experiments/AlgorithmTesting/NonOverlappingTemplate/data129.txt,90,ce3b2d5004aa0a5f4215822b3a4583b4c38c75d9d9414b2089fd6826e4bc1d8f
experiments/AlgorithmTesting/NonOverlappingTemplate/data13.txt,90,31676ca8a54c2698f9fe56c35b7d1309b9ab3d4209eda2bec3e082a212202375
experiments/AlgorithmTesting/NonOverlappingTemplate/data130.txt,90,18739c55909549b6c8cdf9cac1e887bab2fde744f61f38a9d4eed633ed7e79f3
experiments/AlgorithmTesting/NonOverlappingTemplate/data131.txt,90,4d6dde362ec5ac59d416d2e9150d079367150844ce56fc8d9ae2fbf29643e851
experiments/AlgorithmTesting/NonOverlappingTemplate/data132.txt,90,f9de475493d264199b295f8eef2807fc1aac4f77f2d40d2d3630e9ea3a1c6e8f
experiments/AlgorithmTesting/NonOverlappingTemplate/data133.txt,90,dd1983926d5190b271c005a3c0c8e70b0dab3b897b7011488c454e895895d058
experiments/AlgorithmTesting/NonOverlappingTemplate/data134.txt,90,cd3ef94de5c91f7943e50cb5120a5f8d0ed2b9b0f78979dce9597c252769f561
experiments/AlgorithmTesting/NonOverlappingTemplate/data135.txt,90,27a964754f737e3c8798da628e2e9384127ed6b09903b75c8f9213fe96b36bdf
experiments/AlgorithmTesting/NonOverlappingTemplate/data136.txt,90,b58203829386d7ec7babfd3e52cd04039bd52280e2484f43f780a5f18c2424c7
experiments/AlgorithmTesting/NonOverlappingTemplate/data137.txt,90,ad0222af2b7e5220c4402e34617d84020f3844074c9935731ba8388085acb5aa
experiments/AlgorithmTesting/NonOverlappingTemplate/data138.txt,90,65d06c8e4ed3c5d632200a3a86f05a02de80ee5a45eebbec89d174bb9226af77
experiments/AlgorithmTesting/NonOverlappingTemplate/data139.txt,90,29ed3618c061cfeac65a095d25addfba00e2fb694a4426a57f1be261f7d2ec29
experiments/AlgorithmTesting/NonOverlappingTemplate/data14.txt,90,e2de533fc2df1fb24a5c0ef6abb91b56d33dc9ea4cb56207f1313a80563d5b61
experiments/AlgorithmTesting/NonOverlappingTemplate/data140.txt,90,0f849551e47026283b9bfa714ce1a255ef9633623696484497f2a66740eb0233
experiments/AlgorithmTesting/NonOverlappingTemplate/data141.txt,90,29ed3618c061cfeac65a095d25addfba00e2fb694a4426a57f1be261f7d2ec29
experiments/AlgorithmTesting/NonOverlappingTemplate/data142.txt,90,676f055b229cb1521e8a2e7d298020e2403783ddff3583de218c211a5657c0dd
experiments/AlgorithmTesting/NonOverlappingTemplate/data143.txt,90,dc9935fe15193f7b69e33c3213d586566964599d382c2a8841539b50b6c67d2e
experiments/AlgorithmTesting/NonOverlappingTemplate/data144.txt,90,29ed3618c061cfeac65a095d25addfba00e2fb694a4426a57f1be261f7d2ec29
experiments/AlgorithmTesting/NonOverlappingTemplate/data145.txt,90,29ed3618c061cfeac65a095d25addfba00e2fb694a4426a57f1be261f7d2ec29
experiments/AlgorithmTesting/NonOverlappingTemplate/data146.txt,90,d9f807bd2f72ab3399e61ca6b77bc8809114951952f1ba79578850c003917c01
experiments/AlgorithmTesting/NonOverlappingTemplate/data147.txt,90,29ed3618c061cfeac65a095d25addfba00e2fb694a4426a57f1be261f7d2ec29
experiments/AlgorithmTesting/NonOverlappingTemplate/data148.txt,90,29ed3618c061cfeac65a095d25addfba00e2fb694a4426a57f1be261f7d2ec29
experiments/AlgorithmTesting/NonOverlappingTemplate/data15.txt,90,2f265eb7b1336e8b9fa0d17c73eb535bdfbf94a429e16d86aaf8074da4e3598a
experiments/AlgorithmTesting/NonOverlappingTemplate/data16.txt,90,29ed3618c061cfeac65a095d25addfba00e2fb694a4426a57f1be261f7d2ec29
experiments/AlgorithmTesting/NonOverlappingTemplate/data17.txt,90,ec925cdaeb064ab3acf14c3e654358b6f438e296e2aeceacc4743555bdea8196
experiments/AlgorithmTesting/NonOverlappingTemplate/data18.txt,90,13860992982f13c689d06cb9bc0068e0b38f2f3a441dbc2b69d5517878d42890
experiments/AlgorithmTesting/NonOverlappingTemplate/data19.txt,90,c61ae294a5f799175b365694105c55920c80834b056131b8a829dfeccd93f3d1
experiments/AlgorithmTesting/NonOverlappingTemplate/data2.txt,90,f66e584e530169e77d1e3f0f56ef34bf258f90b193841cdb9dd018583dbeb516
experiments/AlgorithmTesting/NonOverlappingTemplate/data20.txt,90,e74ddf9649cd081a71a2296126bc8c07fbf1110983f744906aec4d7a933127b0
experiments/AlgorithmTesting/NonOverlappingTemplate/data21.txt,90,a44a6d223ad3e7b7f7b74b9927e426e13425e8cb9b967b10379a2aade028651c
experiments/AlgorithmTesting/NonOverlappingTemplate/data22.txt,90,1cc6ae36b5a71539132525d8f538f39c3bf23189ee3f803fe88ff63b4612ad66
experiments/AlgorithmTesting/NonOverlappingTemplate/data23.txt,90,29ed3618c061cfeac65a095d25addfba00e2fb694a4426a57f1be261f7d2ec29
experiments/AlgorithmTesting/NonOverlappingTemplate/data24.txt,90,0f1d446e5ed35cabc36d366e954153c7e5e225452f8f954acbed7e5b46c7c0cb
experiments/AlgorithmTesting/NonOverlappingTemplate/data25.txt,90,9155d24d354026f50b6b92aa68ab8cf70e384fdc9d9c2b7a80d1093db68c84d5
experiments/AlgorithmTesting/NonOverlappingTemplate/data26.txt,90,0614a3ba98db1ae3ca4080768694ad8e432d5c11905ae497c05900b2309db080
experiments/AlgorithmTesting/NonOverlappingTemplate/data27.txt,90,aae7f908d46615307e34402513151c419707c1de4b8b5531fd47202f874a5f64
experiments/AlgorithmTesting/NonOverlappingTemplate/data28.txt,90,5cba8ee492b832968a98d2dc3fd5b6d2bffa8eb51f290465fecb09e41171c679
experiments/AlgorithmTesting/NonOverlappingTemplate/data29.txt,90,29ed3618c061cfeac65a095d25addfba00e2fb694a4426a57f1be261f7d2ec29
experiments/AlgorithmTesting/NonOverlappingTemplate/data3.txt,90,d93c08e2fa14bfe9756014d056e6d2ae6ba7ba551b0f0702cd0752a2d75c0a30
experiments/AlgorithmTesting/NonOverlappingTemplate/data30.txt,90,29ed3618c061cfeac65a095d25addfba00e2fb694a4426a57f1be261f7d2ec29
experiments/AlgorithmTesting/NonOverlappingTemplate/data31.txt,90,964e2eecfa394773ef907db10435bb3a57ae588bcd928fa8a8cbc9b66107ed56
experiments/AlgorithmTesting/NonOverlappingTemplate/data32.txt,90,c2c33af3c3883b6e74b0f56d21dfa27ed7ba4609ec45ac5018632ccdef9522de
experiments/AlgorithmTesting/NonOverlappingTemplate/data33.txt,90,c667a752b781022db84937a3d336589c3a75f8d81d0d9cd4633774f0bd67e68b
experiments/AlgorithmTesting/NonOverlappingTemplate/data34.txt,90,2125e315491158070d0828d5ff8d6150176e91abe265521515ef5fd5dc7e2379
experiments/AlgorithmTesting/NonOverlappingTemplate/data35.txt,90,8fdd304854b263317a2ae0f84d1617a800399f6829d3dc986c5c7f3cafeb55e5
experiments/AlgorithmTesting/NonOverlappingTemplate/data36.txt,90,fe24f4b98b4763394c503414a1c311dcca4a63b7e0b233d330c379ec1ec9d4b8
experiments/AlgorithmTesting/NonOverlappingTemplate/data37.txt,90,362df85812af8b8d6a0d392e517fa59c31e5411f20b293bd8bbc47052f217323
experiments/AlgorithmTesting/NonOverlappingTemplate/data38.txt,90,29ed3618c061cfeac65a095d25addfba00e2fb694a4426a57f1be261f7d2ec29
experiments/AlgorithmTesting/NonOverlappingTemplate/data39.txt,90,e2e3d8a2467aa46419bd477d91bac5725b5a8d02aa7813b9dc6381e55464e055
experiments/AlgorithmTesting/NonOverlappingTemplate/data4.txt,90,29ed3618c061cfeac65a095d25addfba00e2fb694a4426a57f1be261f7d2ec29
experiments/AlgorithmTesting/NonOverlappingTemplate/data40.txt,90,29ed3618c061cfeac65a095d25addfba00e2fb694a4426a57f1be261f7d2ec29
experiments/AlgorithmTesting/NonOverlappingTemplate/data41.txt,90,81dfdea1ee294c47602b4b62e01a81f8982f1f07e3d2a6af8c9e38791347a19b
experiments/AlgorithmTesting/NonOverlappingTemplate/data42.txt,90,29ed3618c061cfeac65a095d25addfba00e2fb694a4426a57f1be261f7d2ec29
experiments/AlgorithmTesting/NonOverlappingTemplate/data43.txt,90,1a9b2825de19fab4e432a0aed79062e40d5bdf79eec6b169d7ebf5b64397bcf4
experiments/AlgorithmTesting/NonOverlappingTemplate/data44.txt,90,e9450e8bef253499b3f49e6fdb7c63d7751f7af10f0af2e24be583f2e3a14326
experiments/AlgorithmTesting/NonOverlappingTemplate/data45.txt,90,29ed3618c061cfeac65a095d25addfba00e2fb694a4426a57f1be261f7d2ec29
experiments/AlgorithmTesting/NonOverlappingTemplate/data46.txt,90,f4df3e9159976535f9a7e1d990f6b46ee04a222dd8a36b10abf7c41c89c99562
experiments/AlgorithmTesting/NonOverlappingTemplate/data47.txt,90,e69da2aa285ade51b2a2946d4c9dbcbb63707601a41f53a6a405b81dca49fae8
experiments/AlgorithmTesting/NonOverlappingTemplate/data48.txt,90,1ddd3b6cee650e09e0a631a3d4d60c33d13e91b12c1c553c29e7129a0cdb6ae9
experiments/AlgorithmTesting/NonOverlappingTemplate/data49.txt,90,fbf4cbd20812e86a241de3857a38c6e6034e0e69c1ae34dbe5e456ebeb380faf
experiments/AlgorithmTesting/NonOverlappingTemplate/data5.txt,90,e8940978b64d133df6649664461ccb16f826cc31ec708b4d5bdbac73da21fd78
experiments/AlgorithmTesting/NonOverlappingTemplate/data50.txt,90,5c9847d2806b9559c3bef6c2c3bf22690a7e4361d04ab0b04da629f3ba53c880
experiments/AlgorithmTesting/NonOverlappingTemplate/data51.txt,90,29ed3618c061cfeac65a095d25addfba00e2fb694a4426a57f1be261f7d2ec29
experiments/AlgorithmTesting/NonOverlappingTemplate/data52.txt,90,29ed3618c061cfeac65a095d25addfba00e2fb694a4426a57f1be261f7d2ec29
experiments/AlgorithmTesting/NonOverlappingTemplate/data53.txt,90,f1282b5d61111ad169a87daa3dfb7bec236799be5623313287f7700cef61da43
experiments/AlgorithmTesting/NonOverlappingTemplate/data54.txt,90,29ed3618c061cfeac65a095d25addfba00e2fb694a4426a57f1be261f7d2ec29
experiments/AlgorithmTesting/NonOverlappingTemplate/data55.txt,90,62b85c7e31fd65849ec81ad8b11108c35a0688a85164006c9fc7fc9745c556fe
experiments/AlgorithmTesting/NonOverlappingTemplate/data56.txt,90,29ed3618c061cfeac65a095d25addfba00e2fb694a4426a57f1be261f7d2ec29
experiments/AlgorithmTesting/NonOverlappingTemplate/data57.txt,90,fd98fd21e270e6b1b339149566a01f170a8026fc9da41c715f7ad12860c1be47
experiments/AlgorithmTesting/NonOverlappingTemplate/data58.txt,90,8d11183a4d8fbcc028e6e8a4bf5b28c540a05c38f216dd67599768cb1f71eb5e
experiments/AlgorithmTesting/NonOverlappingTemplate/data59.txt,90,0b3d7efee696f5daf33b310cb6069c3d92032ca20374017d4a8e55c206727817
experiments/AlgorithmTesting/NonOverlappingTemplate/data6.txt,90,e59d65712dcf0a8a630213d2d0eae4dc2a478f17f67a7089f8756ad8394de3a0
experiments/AlgorithmTesting/NonOverlappingTemplate/data60.txt,90,29ed3618c061cfeac65a095d25addfba00e2fb694a4426a57f1be261f7d2ec29
experiments/AlgorithmTesting/NonOverlappingTemplate/data61.txt,90,74b9b4f402a5eb897b6f0d0b7b6fb5fb2747b582f28f455cc6c46d1a1a9759dd
experiments/AlgorithmTesting/NonOverlappingTemplate/data62.txt,90,59b0cab6aff3df77b69b442edd3c3531714f2c4fcbd7c2bcc34ae184ddb90076
experiments/AlgorithmTesting/NonOverlappingTemplate/data63.txt,90,29ed3618c061cfeac65a095d25addfba00e2fb694a4426a57f1be261f7d2ec29
experiments/AlgorithmTesting/NonOverlappingTemplate/data64.txt,90,2ea3a8dff90fa4654f3c052d9119df1916572d7ee89fcfb45c276b057879033e
experiments/AlgorithmTesting/NonOverlappingTemplate/data65.txt,90,b80b3082947161fd49edb02fa56007d9c7e318f8d6d538cc8a9b4bd80192b7e4
experiments/AlgorithmTesting/NonOverlappingTemplate/data66.txt,90,e927816e3b71dc2445e3e301c326068c35c99b63c46664bdababacf80c95a2f3
experiments/AlgorithmTesting/NonOverlappingTemplate/data67.txt,90,29ed3618c061cfeac65a095d25addfba00e2fb694a4426a57f1be261f7d2ec29
experiments/AlgorithmTesting/NonOverlappingTemplate/data68.txt,90,29ed3618c061cfeac65a095d25addfba00e2fb694a4426a57f1be261f7d2ec29
experiments/AlgorithmTesting/NonOverlappingTemplate/data69.txt,90,69ca6b96a842dacd971f428a9581e9ffdee5ae59e4540f40fc6aa9190e262812
experiments/AlgorithmTesting/NonOverlappingTemplate/data7.txt,90,a82860ca6504f9cea52f311a8a4db78df5f065bc5b338ffd5ff7e7428dbefde9
experiments/AlgorithmTesting/NonOverlappingTemplate/data70.txt,90,105e60c425d4ba36fd82a3010bcad0c5578a01064aa79074e3061cf339b11ce7
experiments/AlgorithmTesting/NonOverlappingTemplate/data71.txt,90,e1b738cfe8a3e074651d566679ebec5a17ca4bea2f038f6b330a7ce7cad0a116
experiments/AlgorithmTesting/NonOverlappingTemplate/data72.txt,90,4457f46a1cec986bae622c94c746336c9aa6d6a4b146a2f3e49262366ca66183
experiments/AlgorithmTesting/NonOverlappingTemplate/data73.txt,90,f3f9d971944bb8580572704c8e90440f7d03c6d9eb9f18401381b0456792144b
experiments/AlgorithmTesting/NonOverlappingTemplate/data74.txt,90,29ed3618c061cfeac65a095d25addfba00e2fb694a4426a57f1be261f7d2ec29
experiments/AlgorithmTesting/NonOverlappingTemplate/data75.txt,90,478b4cef525fb1f395aa6b579b5217d828c49d86ea4f7f51c06059e048004660
experiments/AlgorithmTesting/NonOverlappingTemplate/data76.txt,90,53f51b4b1101a61f2ea445f0cd2ac469ff9a322d8198fff72ea426ef4484c460
experiments/AlgorithmTesting/NonOverlappingTemplate/data77.txt,90,29ed3618c061cfeac65a095d25addfba00e2fb694a4426a57f1be261f7d2ec29
experiments/AlgorithmTesting/NonOverlappingTemplate/data78.txt,90,29ed3618c061cfeac65a095d25addfba00e2fb694a4426a57f1be261f7d2ec29
experiments/AlgorithmTesting/NonOverlappingTemplate/data79.txt,90,d12187e17b0019e708ab533c6f4d59086edf7629e62f47bcefa04a80245e46c1
experiments/AlgorithmTesting/NonOverlappingTemplate/data8.txt,90,29ed3618c061cfeac65a095d25addfba00e2fb694a4426a57f1be261f7d2ec29
experiments/AlgorithmTesting/NonOverlappingTemplate/data80.txt,90,5a45d7d9c238420786cdf0b4a5942f251c4a62af04fd9a96b2cdb5aaac4ad4be
experiments/AlgorithmTesting/NonOverlappingTemplate/data81.txt,90,823b34e7c7a00c8322c51a4f8961c7b6a7acb1332982c038718b0d91b6571292
experiments/AlgorithmTesting/NonOverlappingTemplate/data82.txt,90,c495d43d0cc870c20b997d84011da91d71ba707573b359f90717033e8e168a86
experiments/AlgorithmTesting/NonOverlappingTemplate/data83.txt,90,de1bc88fb194482c4760ef1465967106a9ead01b5ce28d63c0b9091d9cff376c
experiments/AlgorithmTesting/NonOverlappingTemplate/data84.txt,90,1d9355988509e2acc719b5e7a701a931b3550b1ee4dc049ba25cce34bdb417c5
experiments/AlgorithmTesting/NonOverlappingTemplate/data85.txt,90,8302b20c6d91cab553c44a0ffc6a63b657ff1a43c800f458b3475c12d770a2b4
experiments/AlgorithmTesting/NonOverlappingTemplate/data86.txt,90,28e4b68af7859d06da8aca216b535bd16f41824f7d9dfb58f430654878ede78d
experiments/AlgorithmTesting/NonOverlappingTemplate/data87.txt,90,9aebe69bd5b8a7594a30ca9acd9e3faad5cbb871da0c5265c12fc0aab7a773b6
experiments/AlgorithmTesting/NonOverlappingTemplate/data88.txt,90,617f0992d2285a12d4b1af3e863d9b5e28f00d33cd9e0cd4ed5f819753c5d46d
experiments/AlgorithmTesting/NonOverlappingTemplate/data89.txt,90,1a4a2c8a1a6ed83c6484eac8edffa938962c2c7351fd5fcbe9c2535c134200b4
experiments/AlgorithmTesting/NonOverlappingTemplate/data9.txt,90,29ed3618c061cfeac65a095d25addfba00e2fb694a4426a57f1be261f7d2ec29
experiments/AlgorithmTesting/NonOverlappingTemplate/data90.txt,90,b2ea4434e76d8c37d7647153cc9cffd41cae5dc0af53207c57706e6f6d7135ae
experiments/AlgorithmTesting/NonOverlappingTemplate/data91.txt,90,b43ea7f701c9c5a93f170a2badae1d4466d3958a7da38bc2c4cec6ed956325bc
experiments/AlgorithmTesting/NonOverlappingTemplate/data92.txt,90,29ed3618c061cfeac65a095d25addfba00e2fb694a4426a57f1be261f7d2ec29
experiments/AlgorithmTesting/NonOverlappingTemplate/data93.txt,90,385e6da03cf26a0929777f4679e0cf3dcb67e7ed6306f97590d7a23ebd59b848
experiments/AlgorithmTesting/NonOverlappingTemplate/data94.txt,90,31e4e5bbfc289320c8473e426cd41d11fe685f001bbde03404dc99da6db99e7c
experiments/AlgorithmTesting/NonOverlappingTemplate/data95.txt,90,3ed3b125f51ff6264e91ddae133f5dd6164f42fb6981b3d27a118c5630493c0a
experiments/AlgorithmTesting/NonOverlappingTemplate/data96.txt,90,7c707f69b03b39dd327cb77fed007fcc90cc9ca9b55a1d843b3098b9aacb32b0
experiments/AlgorithmTesting/NonOverlappingTemplate/data97.txt,90,753522c930cb5e3bc6b80c4d4c7c632fda0a2367b0e168a80b4e8d1042ccd7ed
experiments/AlgorithmTesting/NonOverlappingTemplate/data98.txt,90,8a045af1b306e5ff4b262792177107cacef1a5d663fa767a526b6491f80eb9ca
experiments/AlgorithmTesting/NonOverlappingTemplate/data99.txt,90,e2e9cceee046ca5e0f7a21fa85c8c40f0cc1b22a31b53f63b8ddd9df19aac770
experiments/AlgorithmTesting/NonOverlappingTemplate/results.txt,13320,ebe3b375731cf415ec888d79da625155fb6471e4f593a8686f2481250fc73d19
experiments/AlgorithmTesting/NonOverlappingTemplate/stats.txt,126566,d58f91261581a0f59c368ae89d725e010caf71c639a72dd949e4ddf164377682
experiments/AlgorithmTesting/OverlappingTemplate/results.txt,90,29ed3618c061cfeac65a095d25addfba00e2fb694a4426a57f1be261f7d2ec29
experiments/AlgorithmTesting/OverlappingTemplate/stats.txt,6439,7e9fb4c728d84fce928c48342478fb35e669b41cd2f9ce3409827386dbf87112
experiments/AlgorithmTesting/RandomExcursions/data1.txt,90,29ed3618c061cfeac65a095d25addfba00e2fb694a4426a57f1be261f7d2ec29
experiments/AlgorithmTesting/RandomExcursions/data2.txt,90,29ed3618c061cfeac65a095d25addfba00e2fb694a4426a57f1be261f7d2ec29
experiments/AlgorithmTesting/RandomExcursions/data3.txt,90,29ed3618c061cfeac65a095d25addfba00e2fb694a4426a57f1be261f7d2ec29
experiments/AlgorithmTesting/RandomExcursions/data4.txt,90,29ed3618c061cfeac65a095d25addfba00e2fb694a4426a57f1be261f7d2ec29
experiments/AlgorithmTesting/RandomExcursions/data5.txt,90,29ed3618c061cfeac65a095d25addfba00e2fb694a4426a57f1be261f7d2ec29
experiments/AlgorithmTesting/RandomExcursions/data6.txt,90,29ed3618c061cfeac65a095d25addfba00e2fb694a4426a57f1be261f7d2ec29
experiments/AlgorithmTesting/RandomExcursions/data7.txt,90,29ed3618c061cfeac65a095d25addfba00e2fb694a4426a57f1be261f7d2ec29
experiments/AlgorithmTesting/RandomExcursions/data8.txt,90,29ed3618c061cfeac65a095d25addfba00e2fb694a4426a57f1be261f7d2ec29
experiments/AlgorithmTesting/RandomExcursions/results.txt,720,77b657f177799a13236b70d23e0e060c5af65830bc8694de2852d0c53cd3fa01
experiments/AlgorithmTesting/RandomExcursions/stats.txt,4020,61ea844942824b86bdad898cd33ca005911f3ef3e1f6f771551170ce0f00bc24
experiments/AlgorithmTesting/RandomExcursionsVariant/data1.txt,90,29ed3618c061cfeac65a095d25addfba00e2fb694a4426a57f1be261f7d2ec29
experiments/AlgorithmTesting/RandomExcursionsVariant/data10.txt,90,29ed3618c061cfeac65a095d25addfba00e2fb694a4426a57f1be261f7d2ec29
experiments/AlgorithmTesting/RandomExcursionsVariant/data11.txt,90,29ed3618c061cfeac65a095d25addfba00e2fb694a4426a57f1be261f7d2ec29
experiments/AlgorithmTesting/RandomExcursionsVariant/data12.txt,90,29ed3618c061cfeac65a095d25addfba00e2fb694a4426a57f1be261f7d2ec29
experiments/AlgorithmTesting/RandomExcursionsVariant/data13.txt,90,29ed3618c061cfeac65a095d25addfba00e2fb694a4426a57f1be261f7d2ec29
experiments/AlgorithmTesting/RandomExcursionsVariant/data14.txt,90,29ed3618c061cfeac65a095d25addfba00e2fb694a4426a57f1be261f7d2ec29
experiments/AlgorithmTesting/RandomExcursionsVariant/data15.txt,90,29ed3618c061cfeac65a095d25addfba00e2fb694a4426a57f1be261f7d2ec29
experiments/AlgorithmTesting/RandomExcursionsVariant/data16.txt,90,29ed3618c061cfeac65a095d25addfba00e2fb694a4426a57f1be261f7d2ec29
experiments/AlgorithmTesting/RandomExcursionsVariant/data17.txt,90,29ed3618c061cfeac65a095d25addfba00e2fb694a4426a57f1be261f7d2ec29
experiments/AlgorithmTesting/RandomExcursionsVariant/data18.txt,90,29ed3618c061cfeac65a095d25addfba00e2fb694a4426a57f1be261f7d2ec29
experiments/AlgorithmTesting/RandomExcursionsVariant/data2.txt,90,29ed3618c061cfeac65a095d25addfba00e2fb694a4426a57f1be261f7d2ec29
experiments/AlgorithmTesting/RandomExcursionsVariant/data3.txt,90,29ed3618c061cfeac65a095d25addfba00e2fb694a4426a57f1be261f7d2ec29
experiments/AlgorithmTesting/RandomExcursionsVariant/data4.txt,90,29ed3618c061cfeac65a095d25addfba00e2fb694a4426a57f1be261f7d2ec29
experiments/AlgorithmTesting/RandomExcursionsVariant/data5.txt,90,29ed3618c061cfeac65a095d25addfba00e2fb694a4426a57f1be261f7d2ec29
experiments/AlgorithmTesting/RandomExcursionsVariant/data6.txt,90,29ed3618c061cfeac65a095d25addfba00e2fb694a4426a57f1be261f7d2ec29
experiments/AlgorithmTesting/RandomExcursionsVariant/data7.txt,90,29ed3618c061cfeac65a095d25addfba00e2fb694a4426a57f1be261f7d2ec29
experiments/AlgorithmTesting/RandomExcursionsVariant/data8.txt,90,29ed3618c061cfeac65a095d25addfba00e2fb694a4426a57f1be261f7d2ec29
experiments/AlgorithmTesting/RandomExcursionsVariant/data9.txt,90,29ed3618c061cfeac65a095d25addfba00e2fb694a4426a57f1be261f7d2ec29
experiments/AlgorithmTesting/RandomExcursionsVariant/results.txt,1620,251b3ebec2765785f1515339913e2628705f326ce4d4ebc14f3fbe9ea284f9ef
experiments/AlgorithmTesting/RandomExcursionsVariant/stats.txt,4052,73b73252bfee87f46a4d2b29b59fc541e397f644fb12dfa0e7f3749f7642c8ce
experiments/AlgorithmTesting/Rank/results.txt,90,29ed3618c061cfeac65a095d25addfba00e2fb694a4426a57f1be261f7d2ec29
experiments/AlgorithmTesting/Rank/stats.txt,5068,7e5afe64b9796ac22d7147f42c65dd81c0e1a8065e99affafb01f56480cba874
experiments/AlgorithmTesting/Runs/results.txt,90,29ed3618c061cfeac65a095d25addfba00e2fb694a4426a57f1be261f7d2ec29
experiments/AlgorithmTesting/Runs/stats.txt,1060,57e538e1af2e4d8a25efe19e377a6af5aefd3045075d8cfb37a88217cb92a947
experiments/AlgorithmTesting/Serial/data1.txt,90,29ed3618c061cfeac65a095d25addfba00e2fb694a4426a57f1be261f7d2ec29
experiments/AlgorithmTesting/Serial/data2.txt,90,29ed3618c061cfeac65a095d25addfba00e2fb694a4426a57f1be261f7d2ec29
experiments/AlgorithmTesting/Serial/results.txt,180,7a0c0b63074dd2cf45e1558d29367099fb3dac550da148d76053d493d166deae
experiments/AlgorithmTesting/Serial/stats.txt,5364,fdadd21713824346e1bb53d015ad715233a4345c3850b1b4df3cb83e89b98294
experiments/AlgorithmTesting/Universal/results.txt,90,29ed3618c061cfeac65a095d25addfba00e2fb694a4426a57f1be261f7d2ec29
experiments/AlgorithmTesting/Universal/stats.txt,4720,6d147a4c70874cb533e4f54a471683891175617b199febfd9f72910f8cbec407
experiments/AlgorithmTesting/finalAnalysisReport.txt,17530,2f43e92955fe255f9c05f9d73e14777e7c491826168c1e0b2c95fd2b0dd3e440
experiments/AlgorithmTesting/freq.txt,807,ac80ad99559ecd8ce181968353178f501ce88a613e97cb49af9c1d4efb31e613
experiments/create-dir-script,526,4b1de93095b813584e2de741ba732bb8bb00d055cfa63fd1f0bfbdd84fb2eacb
include/cephes.h,388,cb7034d0cb25f764614173fafabfb9bc4f4fa265971a09b64f04a79f64590e9e
include/config.h,806,4555f2b3072bada3c0e16d3d8dfe595647febe26976dc43f9aa47965e9c3ccb8
include/decls.h,989,ae2100c46c8a9b5dc90980efd043d9dac7ca41c8787a9a3c7514a7b0da560954
include/defs.h,2340,8854413538d73b86d46149392abfff02b2e164523523a0f5f57002a75fa28cb7
include/externs.h,691,e97571ba2be098ed035f49841cc2b35a5014e10fa18ef121e375e4d84b3614d4
include/generators.h,1728,2e8cd17aab01873dfdf641e967a267e7b958f7619df612b5b0b721b4b0f5fc79
include/genutils.h,1563,45e5af508dad97ee20a310d9d8bf3847e97513b98f876377935b83899518c1e4
include/matrix.h,786,5928d67c86148a0d21b84d3c9bd81e60173a491c104acb40a79cf868221cfd2b
include/stat_fncs.h,720,f40cfeb4d323d16d18b16c0257fd85d608b41800616afeac26ad3637ff6e4ec8
include/utilities.h,709,13be14f121709ff2f83a92c24f6159e19c4271ead4ed88a2086edb6c76786506
makefile,3657,c3d3f1f0e24e4102b95304882b004f83d4e3e13094e016047910c6d72f046316
obj/approximateEntropy.o,4608,044675d22f5f4034eb32df69a9f15f871c0f65a6563461abd74f56832982f822
obj/assess.o,14400,83babd0a15a54ba192167e865060e8367591804c33424a59ea2ad19ff2d9f688
obj/blockFrequency.o,2592,ff94c58df106056a76abfa45e0e45cfa644bb53767f0cbdf37347ce5ca2adb0b
obj/cephes.o,7256,2b2b723c71d485e8846b98e26cf0a7a6f0ab335a3f0407c3b8c6d020ba7c5712
obj/cusum.o,4288,32e8e95fc16753434b9140878b76be190aaa5dfbccd8e61c2c31d7c0a92e01e8
obj/dfft.o,12456,c35eb914d93475e04e76d94ebb1fdf03944893e95f787e55025379e744737489
obj/discreteFourierTransform.o,3816,de7f9762e76e87ec88b20eca81a75ef8d79665a7ff6a632bc6dfb8835c0c1f6c
obj/frequency.o,2248,c7073383a8ec903f4765110d2b06339e9dd54a07b22906e361e791d92576e7cd
obj/generators.o,26656,05e323e02c60a87b9d343d919bb7164edf91eed3ad6d73549772ac6a4fe842e1
obj/genutils.o,9336,00a076cb1ada7d7dd79eac7ba8be67610e48d608c7d8d0c92ebe3fdbd184c449
obj/linearComplexity.o,5560,db2520bd58ad8a2f9048b559ceb932eb522a57bc153f8d2a66ebd6a97c2465b8
obj/longestRunOfOnes.o,5728,0b4cbfaa8839bb93e23bda293d8cd9fdb7130f6fd8c9ae47b6365799784b7e06
obj/matrix.o,4016,26961880e0ec09943b229153d14875d250371d59d307a51407be49a8785b2fe7
obj/nonOverlappingTemplateMatchings.o,6880,b7b00e784826235dc5c98e9eb8698daebd7e475c41d48701d3c08a7dd6777a4e
obj/overlappingTemplateMatchings.o,5808,abd67a7233b2b0129f9ab12c94e9c6fa4fc0cd63756c90adbf15b97526cc540e
obj/randomExcursions.o,6312,060a3dc5a64c7d97b1f453685c6ad4ebfe87eafe09295f6720988a7496331f7f
obj/randomExcursionsVariant.o,4448,5812895e0cd36f5102f8837d6fd5ca28312d3af922530f0c77cd3220962e3bf6
obj/rank.o,4768,17431c05b8e6ca7314996769eb70155ca5b30d7016f1b1e403899129b5804fd5
obj/runs.o,3208,4e69cc6695134aab91d4e45c1311e75f48068108fd497c077d03754eb451de20
obj/serial.o,4248,5f1cab62f446a1cdcacbf949b3e159e1fdd605cb70eb00c5d45fb9bca2316b63
obj/universal.o,6312,c934aa82327430e42929f57ddb376f7df5d1d996c0a1b61bb82cad1d8870121b
obj/utilities.o,19216,d94f41a23967be5e27530e2d821bee7a312f92f7673cfd3d7fdfd22ed15b79c4
src/approximateEntropy.c,3090,2c65a2a9a2810cc1fe04179a20abf260f4a9ce830e350cbc0af90d5c0fd15647
src/assess.c,13561,910f9609e86a01d4905e18888c9a7171abab6290e144dff7b5f1c7d3dc788083
src/blockFrequency.c,1763,e4a267cd90a5c58abe7a5b2b635a910e963261a4f0562ac629231ab08e832190
src/cephes.c,5834,ce8aa96f5538961968d62b77b04e3f4b4140002e03a6203e6c19be9a15e3e158
src/cusum.c,2931,816e220503524a374069f4be69027fa9538fc6a6901c72d4eae3f64503af6aa5
src/dfft.c,25517,89057bb4459a2cdb0b28b1aa7f92c2647e3c64479a1a65f8af5dada43b37624a
src/discreteFourierTransform.c,2543,a1e95989c6df086ad7633104572d54ee9ca6cdfcbb12dfd370acb3cd25acb8d1
src/frequency.c,1328,0142ed37f096ad7178100c35ae1a147e6a564da21356bfc71d20612532ad7652
src/generators.c,12629,a38518e777a24da8a09961452a855ce9663237a1b20ee4bf208c99896a34c285
src/genutils.c,15669,d8dbe39e6da29cdf0e1d5488e6a235ec4c7ec9879f1e003da1ab592ca496a6d1
src/linearComplexity.c,3697,570911d0f50c94c2ce44d65bf1b6f3844ea2ec6ee05e950bc089b548dd809e9e
src/longestRunOfOnes.c,3779,d6acaa05e677754469cff0beea69d80d3cf97b2f349298d45102cd4a7805213b
src/matrix.c,3534,8a26f646cfae0b772798bb621336ddd772d4f536890f38d4c80cdc7db9bab050
src/nonOverlappingTemplateMatchings.c,5398,56a5affa4abbb699ccb3d730d10fdc075804e2a9fc0e1a0386a49d643a063969
src/overlappingTemplateMatchings.c,3937,3109d715f146f23e88c9bdf2b90512867028d22be64c239dd123816be5492c75
src/randomExcursions.c,4416,0679dc5543f39b4e06f0772bcc6614aa8b437002375e41d24b4d372d58de3e6e
src/randomExcursionsVariant.c,2721,c2607a4b7003875db5a858053f557e7377c842770ae79adde19b0e06fc839d0e
src/rank.c,3250,84c8dcc3e567ac364edebcc0f39dffc4ec8c8a2b1251f6cdf159d550a53c8dc4
src/runs.c,2070,df598072b957fba163ddc99927c4d1b4443fdee71b937534ce478e256dfd8afe
src/serial.c,2636,a6ae7c064c129cfef479fa622a0bc73e194549d956248be6606e95d791737193
src/universal.c,4265,4a10495dc4b4451cdd4b00f12f9a1609990b68fccfc1575d24a0d79a7c38785e
src/utilities.c,14293,c1b7322713c02af6ef96f3b360f6c83f8dd0e3ad20bdecb0572159fa7fee4cd5
templates/dataInfo,3951,2cd3ae46157b7d765a124eb7ea42a13d14f9aa697405bdf9d84de812d60edce9
templates/template10,5680,9470fe8a6c22dcf264150c89a9c45df84a13cebc39795199441b7d56f1739663
templates/template11,12496,881ae35e37443e7a77f84130b6a1a585d93a4361daab7ee397c0b245e3425e9d
templates/template12,26784,96fb9b8436f4077b08cf4ef443156a6ad1d580dc429d5d070617e697c1162304
templates/template13,58032,858698414d9a648c5b73b04e48103c291ef2d5897c56d71ce619309b81ed9866
templates/template14,123872,1099e9ca20b05b818329fc36ebf0161dd5ab99fa284abb9ad0b0fa35c948789d
templates/template15,265440,b64a1eb81109edf53ac4618cb7d58253de4bce40ee33615e3d795cedfb4ba195
templates/template16,563904,fda22503e54af6875c1b15a9e71dcfe8df601449d337ebbbe84eb54a911328b0
templates/template17.Z,115081,a4bd31a66db0f5e65468d4959d57ec6204ff21e2802484c4a9043228db29dfc3
templates/template18.Z,230013,582b970558f69f84b9db61251d9b1615e76522c30b9e6f91fe3e5a3e9f69351b
templates/template19.Z,465213,46c39bcb976d6313b46b9dc30da302f4d17759ead4ea04a81542bfa7c0c85e32
templates/template2,8,19d8e8cf6b93224d3388548d5f8bdee4cd4e033d416d8631b8c44db208da788d
templates/template20.Z,940227,c8298a3226eddc3f67772b422d4a081f9f372b7fa42a14934ce2122cf34197f4
templates/template21.Z,1902275,b79730a2e1719e6b36fd92233cccd26a2949fc244e836f3e8273dd20e0ba214b
templates/template3,24,9aa4d6faa2410c11c1920edbcfe0b4ee11149412b861b62b2cc9dc564e3ed625
templates/template4,48,df5399cb519eaf20798b21568f80d144e7f2bf3bdb05666f08815af26dd30eda
templates/template5,120,30d80082479938a99bda5b7e517cb0c5f79929b55fbdc963a72ef8c9c221a510
templates/template6,240,43b5ff050601d2678ec52c9748cbd3170b8be2c17fc41a55d94bcf384fca4c35
templates/template7,560,df1d6986f4826e5790e9219ba7190461529f8c601bc45fdc0c5f4207c01732f3
templates/template8,1184,3b9ad80eefd9a9517a8e9b6544ba50a5233f0dfd07af540e8c8e09fe1c78c96d
templates/template9,2664,8a70fa8ca2368a048a3261a73a7c57760b522370e7a8b5a52891c91acf0f1dca
