stream_index,image,source_image_sha256,user_key_sha256,image_id_sha256,step2_sha256,final_marked_image_sha256,step2_stream_sha256,final_marked_stream_sha256,stream_length_bits,serialization_method,nist_version
1,airplane,515d0a5105047916be9faed513330046be41a61f4b155e854731e512ce1f4c4a,4c92d7b2f57718e3fc798e9698de1d1e3fe3cab491037d9ebd43cb91c3d2656e,03a1335a5971c409cbb4888e24b033533af3c7eddd8e77ccff8d6d9d334a4a37,5f3213c8d7ede75be351989b58e90694f15c57c686c9bf9edd80e222a42aa2e8,2f4120e3ae5f611ba30d9eca56aca6f20aab6116bb1c64861090ef8c2419906d,4b9224aa338b02187990d9529c941e1ca9d85dd697a6e8b74235eec7a274b7a4,7d36414776254c7657bcdd66db128aa6734d89bf34ff2ed43f9b73fe6f06cb92,1000000,row-major C-order RGB uint8; MSB-first bit packing; first 1000000 bits,2.1.2
2,baboon,cd4456f2562dc352acee627428eb4e2ccaed5f53082ce0838d9fff6b8a3e3517,e5fa34003fa736d90058797a78ecdbe3b17b3b146c960a1b7eeeff38deb94bbf,dfd6288d6da69edb6e93d85754c5bae395fa91fe1a988be7ba568af6ba07e2df,18ae85c4181ff392cd02c609457206855b2b00126a9d35b3587d4e30cfae7a84,a74fd094d2351bb9b10cd5d766d5ef84225f4b4c560b386e61cc501f29c75d40,954b702a1dc79f7acfbf96f9e0c55a81411464af1d7d21c1e9d091577844f155,8f8caf738a76722d930b5d0c50242f0cbfdac430ad2c8f8a70d93fa2bcdda303,1000000,row-major C-order RGB uint8; MSB-first bit packing; first 1000000 bits,2.1.2
3,couple,e1760e29f10762fe60349e2848b01065b69784d04848606dd8644b6a9a893288,6dd52b6c7bd3924d9c10c6e660438a38e22d5b360c1186c63bbac961f6e3e381,0913b99684252efcd2366453e50726772f618194b44a338d6f5d843c0f5e7b17,1573cbb5acb35a719165c4576319694e8e2e4d3f7c1fd6d4e37ff7f49fe11aae,6b84c359aaf29098d0801d576b37ef9db9665fdc8bd49b3926be4225e43d3126,2bb43669d4baea5a8ed2b21dcc138354cea64326f0ac30e61b5d7cceb7a120a2,e4836e5e2231b35b79bda80bd1610374c17bdae82618a6af440ca61a87437dd7,1000000,row-major C-order RGB uint8; MSB-first bit packing; first 1000000 bits,2.1.2
4,girl,d044fcfbea02123efdc167e596f45e839c39c2e1ca2ff841710ef4db15bc4dfb,bbfcd0c7797dad46982ec5745289ec9a5581359c67a7f097a54d67f330a714e5,e27622cdcf2a4c54ef1549c8b8c7f59e2c26fa6c6f6a9675488b8470a5c826dd,11f52c1c8e0e792684ce509a16b4c5983cbe03c8881f1d39e141b5a214ff79d3,f555ef1efbed93c45ad15469c3d745267abcaab66ec02155894adb725643012a,91231fa4f71ff29c8ec9c97de261c94b252538e50865c11fa292225b2abfdda4,8f412f8730c0238aaa5293dec150eebf47f86d6891b200fb208c7fbe8cc8d791,1000000,row-major C-order RGB uint8; MSB-first bit packing; first 1000000 bits,2.1.2
5,lena,d5cd280e7e970a31828fe2c91ead6c8ce3ea257d04b6eabbd8e254c6e1cce255,927afab8fc8258412fcde822928a19cb079f1171855a5db57de856f9a7d89ff9,d01d61217ef62b7094904eeec7aabf84516a49be615b394d03832c8f945e1a74,6e3aa016dbd81ff8bf656845b96b59e2d953199f4bfe4b84412f2e88c08ad3e7,ebf5c3548ed6caa1d79f1c02cb2dd7fb53454ab5d0d92988f80f02997ae801f1,c10bec584744f8bf230ab33bb10160530171884c4d72425121a64c533711d973,9f3369d597c842cd9d5078a236d01e08c29afd4a511a6a8ef498b0024168b5b1,1000000,row-major C-order RGB uint8; MSB-first bit packing; first 1000000 bits,2.1.2
6,peppers,208e8c6542e91a1b3d7d9457626b7577fc0d21affeb800435858cc83f2537649,b76f4becf40161d30ca929d0b465348299249926a5d0fe75af3c3b3da52fbeab,1231395f30e9ceaeb6e8bdde683eb0a4b19993a6aeab7d9cb29a97da35a84413,c68cb6e0bb583db8fab0271ca01cad4f40a615997345a9161986984e8c67bab1,410fabd213ae18167c568db7563f433c30ecdcbc93d51a82b8f241858784ee53,17a343fb09a321789628dd8ac4e957e034c330885f7c5a8da7648abccf56f4a9,2b514c95e6fee0683ee6e98ec54e1952d0a769d9d7826c1f685d2db7dd00cf04,1000000,row-major C-order RGB uint8; MSB-first bit packing; first 1000000 bits,2.1.2
7,airplane,515d0a5105047916be9faed513330046be41a61f4b155e854731e512ce1f4c4a,78dfe3e860427e5da38a5afbd3e460566586aaf3e32555281ff342ddbdbf3d63,8d2fa7f2885dbf13d752496acab70baa3260b12c0c1e2a04309a940ce60bfe0f,2eec697d710fc92ebb7a29193ab16d287c77e51b27aae07a31e0e95de230f1f6,f1ea51b6f359e93b5987929dea44fb3daee87f736aed7f00540362881e642a5c,ab0c1bf49653b88a6c0e0d955f1e1b62ca776936ee6b1b83e5ef9c44cbf1aedf,f04a95375c2d75cc80cc91d13037a27872f823344c3b34e75a0331e483791e7f,1000000,row-major C-order RGB uint8; MSB-first bit packing; first 1000000 bits,2.1.2
8,baboon,cd4456f2562dc352acee627428eb4e2ccaed5f53082ce0838d9fff6b8a3e3517,450d22002229eec2037215ebaf481e842d17c3281931e517330c1750faf0e120,a000bf6b6fd79cf47a5932e5b5fac8a36808a8f2389547c10dd30f5ecf1d7c73,37d6c244b02e428ce5e4f720743faa6c578d5840fdc1f0c95528a92217477a7c,89ceb216107678b901af29fe4a2ebf7847af34bf94359a3eb1e516515997fd45,e816fe5492132a83d122553b8cce1867ca94aa4217d306a94945c151978d9d15,baebb532a6a39d40db9dd3c968a8db64fe3c08f4b6732c011a118d31598d6941,1000000,row-major C-order RGB uint8; MSB-first bit packing; first 1000000 bits,2.1.2
9,couple,e1760e29f10762fe60349e2848b01065b69784d04848606dd8644b6a9a893288,07348b8c72bc8803eabd0b7279371a84a8d819e9620917737e67b6ccab784e98,ab65bc59c657a1ac404b0f85b2c58d2cd8d5014480abeacc0fe9af81048cd626,efa40d0ade8c257a2f16927b15232432ff85bb0cc4125b5c9f39dc6f311a3c88,f48b7c629191a603de67ceddc0b52cf48f32b57da75e474ae0c788b5e527d1d2,ee7e56ae8b853f475f345806ff3d59728afb37db5d35cb75b9c79ffaad87d440,906e1563d04435c6c33a1ec6bea816666367040241b7ecfd05fbee75b07e8525,1000000,row-major C-order RGB uint8; MSB-first bit packing; first 1000000 bits,2.1.2
10,girl,d044fcfbea02123efdc167e596f45e839c39c2e1ca2ff841710ef4db15bc4dfb,c2d1c1ef5f53ea010bc87b507e6c2fdd20e3b4f50a8c8141c7b16efa2b98355f,7b45631615dbcbf7838dbb5d2ca92b54dcaa112ed5c8dc775947d26966ac43a1,6a4e760614428b53ae05437abc5c0b3f3a7469df73ed3a60e6d247556f5fb23b,1836a2865c7887fc999148c8df83ede8aa33dedbd1f76ff92d54e6afc3743af0,ec6295c4cb1ca570081ac762b0fd7c7c216ebc353bdf87f4ade1a99c6d6a9bb3,cd391efa4883bb54740a1c4e2753502fab96563015495ae990d762578aa7c183,1000000,row-major C-order RGB uint8; MSB-first bit packing; first 1000000 bits,2.1.2
11,lena,d5cd280e7e970a31828fe2c91ead6c8ce3ea257d04b6eabbd8e254c6e1cce255,5fbf52750f25abe424a591e04201a72af98dd68463af02b0960c6a015f599f50,fea7c550e9c81ff4680bb7b4ba5ca731298d80a9f77c0732c1e465ed8e37c4b8,cdb412d0c9cd5851985c056d8385b60431e506248ce2398f614e61a6f2af2a62,d982e045d91b1420ecb348d8e865ff5b9d8ffa534bfca47af9ff65c33c1aca1b,9ebd67957f936468df379014dca2dbbb9a6c60daf2fc65222bc60da1168e2187,8e67af71d303e0edf6a388d15c770bc97477c6d0aa56119bc24c65b8ed690c83,1000000,row-major C-order RGB uint8; MSB-first bit packing; first 1000000 bits,2.1.2
12,peppers,208e8c6542e91a1b3d7d9457626b7577fc0d21affeb800435858cc83f2537649,557e22d502919bd8401a84e961940f7178d63711a3b67c6de158debea3c03d5b,c9c039caae290ed28f50e6549917afdda4f29876501a205f9fe99cb49e763cb1,91531c2b968c3abaff6ca75cb39b89aca1a0ed0040d3ae12f0a1a91819149a63,903a717bda9ff8533d964dbb4c730b1004e14b2897e22a5ea30238b85e0261ba,9fc96b4a7d66e318692819f6bd07d4941b9628a8abdffefb7444720a78c52659,34068945756f07730eb0529d0db466f387bde1148532bc0a92269f98ed85db8e,1000000,row-major C-order RGB uint8; MSB-first bit packing; first 1000000 bits,2.1.2
13,airplane,515d0a5105047916be9faed513330046be41a61f4b155e854731e512ce1f4c4a,9751544f0a1699d69a601c9e10d0391b2dec67d5db58c77b43cfc1393d107120,0616f46e3a20d54e319a560983ab60b73e772969fd687517bbcf5ba68a1c8c78,37fc62390f2d0e0864521973dc71ae6c89562832fbbdd6186911085e2c184e64,d33be3307ebb4c1af676c7a2b4ceba1d18f7f25e8898adae00753c31dd856e33,901c8de076d00f566b4b80d520c44c0932b39b26dc35a6fb8aae0a5325366a65,12b2beba056c688149f1f38a4645f672595157a43cc6f77dd32d62b57ea2d8c0,1000000,row-major C-order RGB uint8; MSB-first bit packing; first 1000000 bits,2.1.2
14,baboon,cd4456f2562dc352acee627428eb4e2ccaed5f53082ce0838d9fff6b8a3e3517,f337f4be747c3898800ce3e175a37170766115f26c29db7335124b58f0a688f3,4eb78be83f175ebe76c1d2c80c53a365dbf11b78566d4d018f81525578848fa3,6af80ff445bc5fbd5c545abe634ea9dda776bf585b2eebaa1ea195bbd5506215,df9faf4d3cc2a7ce90b8fc53af2a5349ebf1a63818dd0afa202bea626c11b018,a197b88664b8e52d15d2881ea8636bd643a107d7108f8a43579f46ab6eef5f93,c1ce602c1e0f10b6adf87736655aebd3724c6d999952c27452c6e470420a448c,1000000,row-major C-order RGB uint8; MSB-first bit packing; first 1000000 bits,2.1.2
15,couple,e1760e29f10762fe60349e2848b01065b69784d04848606dd8644b6a9a893288,0e22840edd45951f36e1348cb1bb32dc89e6057f64e25443ca63a9f68770d7ba,0de94259efb25f85a4a701f063133dd39f4b945367042a69a61576c940d739ce,a6e6e8fed63f0d848a0bd22b5f8a54c9167cd282408dad81e69ca370404c17e2,5886a9f7aa84d91b7e457bfa19ea95d8978e1328682dc5b860ec4946191915c7,d4ecb84ba5f57926e9d9396de973b0633a31d7b31a288a6dc912a728db00d308,b964e8b115014338132995131862975ddbf2ff781abe8469fbe8b50c02f06c10,1000000,row-major C-order RGB uint8; MSB-first bit packing; first 1000000 bits,2.1.2
16,girl,d044fcfbea02123efdc167e596f45e839c39c2e1ca2ff841710ef4db15bc4dfb,7bbd184a13d1b8cf949cc912f26579871a26bd1d6188f61bb9e54924f158fba5,47ed55701ba299c793c21bf0c708ea28f09530d3d9447498083ba9cb92fa1777,bf7fde78dd6e71f9a57da2df0999f082a2fba5190de81092fa1286c18d3890d8,2ef8e3eff304f12847ad236a8c8131baf5c5c3d07afa120c0f551ab48e940d7c,21f141342ce0a65e3e4c2574d4148f8d4b9e491c7aeadd23c937713d87b27966,6d53cbd8cffd05acf94671c274ad9a2139c8cfb519722dc3153071500b45cc74,1000000,row-major C-order RGB uint8; MSB-first bit packing; first 1000000 bits,2.1.2
17,lena,d5cd280e7e970a31828fe2c91ead6c8ce3ea257d04b6eabbd8e254c6e1cce255,b3afeb5805284cd70674b61b75b44015379e6caebfa2e1831e0c2869a3bc2018,669e7640c2c62fff81261a87070bcdb99ce543e8fb2db2584714585c479cc976,17cfc42e4229d7f9ecb1b4c5e11424881aeb560d99f48917414f3566e6d9f001,e443a576feea13d9e802b26ef79fefea052d3e34d731069735ccc9585b0d47ef,42ab891078182771a357025f5f63130bbd8e531afce480a01dbfa5bdeb2cde65,3915e5ffd5f0c6689db80005e24d96e0db31cb413df1289df7659eb3e47d7bc9,1000000,row-major C-order RGB uint8; MSB-first bit packing; first 1000000 bits,2.1.2
18,peppers,208e8c6542e91a1b3d7d9457626b7577fc0d21affeb800435858cc83f2537649,330c8125f7953820b7efa1a5c7085ee43bc3731439f2b7c313b8e95c806499be,a635aea98ca5d38d26f6c3cd27e9c99077ee7a707be67339d4859f9b2996af11,5cf8369359b2e6ae99a898ba752d1e0604d1d4e7d86f32c907fe111895aa282e,9913a49e69ad61a21a82842960462094cb154a237fd8a1e9109e1d4100e0eccc,8b1aae7176855db4da252d28e0e49b5f61c278c654dfae5eccca61b68a4f4c96,63e09a3961202ae804124782048ead788024b458a8002d9af6c8620bdd92468b,1000000,row-major C-order RGB uint8; MSB-first bit packing; first 1000000 bits,2.1.2
19,airplane,515d0a5105047916be9faed513330046be41a61f4b155e854731e512ce1f4c4a,c043cd0f8ed84048c437e5370e780d2500440ec1a96012f83ff5fc579ea72e2f,b82b114485f9efaa0656e0eb688529bec2d417c0678d3c9b4ebfd4b9c621e6a7,7801aaaafa99003b00ce78e9fa3dfa995177733d84772d42574dc3f2d48299cf,bf680bbc979dcb95e2428ba48b327eb85dab6ebf004106a5681e20e9564b7f56,5e1babee5784e78ba9366e172789ae83d57c4311a6e59757afe2381d681ca3ff,ed7fe221ab273709e39db00d992108c93f412f1aea7a5532a26bf332a6abe6c8,1000000,row-major C-order RGB uint8; MSB-first bit packing; first 1000000 bits,2.1.2
20,baboon,cd4456f2562dc352acee627428eb4e2ccaed5f53082ce0838d9fff6b8a3e3517,3fa844ecabba1760a929cb3da00da1b724faa98bfec8b0b9f66555bda2c8fc7e,c9c34dd92955857c7438286c50a370b81ec394e49702e38dd755866a46b92aaa,dd30fe088c9abdca6533689e6796a0589356c1240b4810461092ea93a97c5f5b,c1b0e5ef3d003b3a613032b375ff23ffe0546aafdc43ac225f560cb9bf54a9a4,558f38f6fbacc72bd31e94fa23a279ba9ba2b1217f3c4d06a17ff91458bc6a10,960c45fead1995cb16378e73fdb3c1bfe4364e94af894167c44c85c32f4ada39,1000000,row-major C-order RGB uint8; MSB-first bit packing; first 1000000 bits,2.1.2
21,couple,e1760e29f10762fe60349e2848b01065b69784d04848606dd8644b6a9a893288,490b07b12449835f2011d1450f80171b5daec396f3ba5fd03b41da256429e468,d972113f001aec9c8d1851e8c1ba7a5e2ef9b916f6860abf467b359dd0a0b40d,9bd0d24a819a7d30a26bf57bb4e0c25f33f33504b716a17b43034ae4e7700276,6c6a8a975d8a02fe73b838f01c25d06552253d5dbbe5a853a6617404e11143f5,a63ee1e36b9d44a84d25765cb699ef50e6303c96fd2742b7ea906665efffb469,e2644e2b3baac5cb8737521746530f261563a66323eba58783e4280839386582,1000000,row-major C-order RGB uint8; MSB-first bit packing; first 1000000 bits,2.1.2
22,girl,d044fcfbea02123efdc167e596f45e839c39c2e1ca2ff841710ef4db15bc4dfb,9e86c0656c45376142c78c527933fcb5c3ac75e2fb04c939221f3f6906deeecd,78c5c5003d38c9051ca90223fd807b5f44ff17e1d3031be7fd8167630496a646,b3ecaded9e6a81e0ac69496f873bc9e3fcb731ac60512a95cff661527df65925,4d5ac249a1c1b3ec4edbf894963777a6fe27dae9899c1647b76b9184f9e988b0,89d87be7dae7c567514db994774f426be56f733e69488c31512d0ae16a1a59a4,207c73cdecf3415d7190a04d82c1f54ed12113a3f7909ec6d3fd39019db6d1fb,1000000,row-major C-order RGB uint8; MSB-first bit packing; first 1000000 bits,2.1.2
23,lena,d5cd280e7e970a31828fe2c91ead6c8ce3ea257d04b6eabbd8e254c6e1cce255,f085662a03d63e1c6499d54eb7d3a6f703be176d89d063cf1c78b591b4a2813e,acee0cceaacf976d354e1e30ca5107f35668ca18e17307ada8f914b3b5a93904,b411fc96b8b08ad5755dbada2429a3a24e54aebc62da48cde3eab08cec0933a2,1415a444f3938b7cb38080d0440f78e615e4c0a06121dd26b79bff023e3aaa55,862030206e791f0a83c81b200340629d8aa0461ee10b6fe1c660ae3ec0f10ae7,69e6c88b670f48d67ecc6cc6c0f13fd0e06818785e6626203fbd956c3ffa5289,1000000,row-major C-order RGB uint8; MSB-first bit packing; first 1000000 bits,2.1.2
24,peppers,208e8c6542e91a1b3d7d9457626b7577fc0d21affeb800435858cc83f2537649,4fc41d64bf3d89b0114f3e550da5f0d0b15c14d8c96d951c572db6d984646d1f,9691517ba80b26f72752680eebc8d5012d78fcf988a3c4f59bc5653f7a5c6133,052d8f025bc194738cc97a067394f9a4c14f8399c1145ab06250659ac45bf8e8,7a6b8a40b48c72fc89aab8902c5a86309b5a1563161aa71cd1b11ebb26729571,270cc9339c0585e3516259847fabfab279ad71bcbac91a052e9a7dfdfe8f3e32,97303f459de4f474afce02c8ce1f2b83e04cd426e5ba63057b2e2418ca825fa9,1000000,row-major C-order RGB uint8; MSB-first bit packing; first 1000000 bits,2.1.2
25,airplane,515d0a5105047916be9faed513330046be41a61f4b155e854731e512ce1f4c4a,3f16706ada144ea86ddde9f993ac71d6cfaf94ce379808b4a037afa18e656d71,31415e3d7500af93349c0b0ebd1654496b8f7e1fbe7ca0c12d106d76ff05a960,8fa106ebc3a882c6af97783e697c01c63798da8d0f0380308075f4a3764a9627,0b3d8d16f0f8b2b83e7dd1da76ac9f0244f59a3a18033e48616303e5b90fab44,2bc446608adc194c7db064d9ffe34e1dd0d84ebaa7fe3451f3115ecf3bf6d65c,dc5d8578a698c4e317cadc3cc4b0a29074b9ee52696934dace1f268e2ee54569,1000000,row-major C-order RGB uint8; MSB-first bit packing; first 1000000 bits,2.1.2
26,baboon,cd4456f2562dc352acee627428eb4e2ccaed5f53082ce0838d9fff6b8a3e3517,2bb7a0d00dd2ed8ef3735b90920fa6298e603f2814f102f80c4eb031f7d32209,a1bdfe86f6ebf91197cc308214cee5c3e1e42c195dc882a378b3d80ac8acbb33,262e615f72810552cf49612db15aea5edf8d7bf4d4dcf9107c95056a6d5fdba4,135b7ec4fe38d21d960c0a67f74dbdefd08543afc123ce8ccab29202efaaaecf,e2bf3d12184cc1a266b9a720d7c2e6bfa709bf90502fe49e51b3510bf2f7d552,e35664d25ec499e0a5bbb8761f5fa1340d05efb7f387c9cad571ced4b3044ab6,1000000,row-major C-order RGB uint8; MSB-first bit packing; first 1000000 bits,2.1.2
27,couple,e1760e29f10762fe60349e2848b01065b69784d04848606dd8644b6a9a893288,cfa198806d6ce595db713690f79eadbfcdcdae57a1e589e8054dff306321b7e6,0ae01b146b345afbf97c7064d35c90bd6e04c20538cbf96109a7847b51c856e5,26254a7a61223c66317156b6f3b5bb2b61f56b06777f8c339549ccb63b5b504c,0289b61dc680a88cc23e5331e03bd03f05ffc6ee76acf3166ac24823e1047296,06031dbba0ee0a513211654a9d68560f82ce609e04458c05ee4e73e2df4c90ed,61d35559e9cfb9652a094e5ce061e045f689aebfa668f57590f6653146ed7c5c,1000000,row-major C-order RGB uint8; MSB-first bit packing; first 1000000 bits,2.1.2
28,girl,d044fcfbea02123efdc167e596f45e839c39c2e1ca2ff841710ef4db15bc4dfb,cd735d998b5a1f01565d33c514c0e18cd4a20e65cecc6d0b58551246d77e8758,3f3ad2c599ce47d4817807d9e616d8b6b934cb3920e8ed343f1a7f26257d65c2,eb60e0b0d083bad93e32b0079c046f86e9ec93f82653e50768e3c2d459d673b3,5427f7c51cc25844d429c25d0a79a43f332100a2e3c2d8eb50d945e352120f96,15770e871a160d1c8fecf61b60471bf04fbd434dd68ea80600521845d0c26268,8d5ef2453c3b57ef43497a87484d4fd9c376c2f7ad26fd6961af5cb153560e40,1000000,row-major C-order RGB uint8; MSB-first bit packing; first 1000000 bits,2.1.2
29,lena,d5cd280e7e970a31828fe2c91ead6c8ce3ea257d04b6eabbd8e254c6e1cce255,ae503c9e4bce668a2b81ab044025615914936a22afe2161f6fd7a803e8e51ff0,bd6d1ccb0d3134c79e1fab7d6611bb0425cbd2a2296e2bb760eed3c2f8ac8f47,f5323cef10d342fb98e6030dbad5881170ba64e27dccacb629709e75b9424242,1399f184933e1726049f15d1418963827045a11b768a4aea83fa6ceadf2a1cb4,32ae3eb960caa9cd9145ed1bbf193a47ec9d9df0bf38d3903e7c53c7ee2116c5,b03f60bec4d14cd3c6627ed30a923409d11a8324ada7eb8398b8fbae9789655c,1000000,row-major C-order RGB uint8; MSB-first bit packing; first 1000000 bits,2.1.2
30,peppers,208e8c6542e91a1b3d7d9457626b7577fc0d21affeb800435858cc83f2537649,b97467eb2755e46343826538dcb485da283ac255754c506b9441129c13cc51ab,096c6a69d5726ea69f4df83ba402483bcda7e1821d0dbe1640a78334033fb978,38489041559f9f2fdefd0799cd0e6fb0834ff06209a08c68271cef49702b777d,e8e75546e4357bac0a645d127dca98a2df6220191f08546b8abe6d618fe12e4f,e53d4b58693ccf27baf5bb86935c76b3d368f2297b06d0e6841ec90f92f8ae27,e94dc15343a5c7c8f6bb7ffe853ea222c0456f7591b367fd120ce2f76511d72c,1000000,row-major C-order RGB uint8; MSB-first bit packing; first 1000000 bits,2.1.2
31,airplane,515d0a5105047916be9faed513330046be41a61f4b155e854731e512ce1f4c4a,c5de65d704f518023115f717403fbdffa9f63834e750c4c9d520efc3b3b83fa6,90fe6b28b63eba0fe9cc9ab2dfad8817d240a62a250517957a77687c11fc2973,25aeeec957939b239461c0cc5752b63378e5a0b86a62ede29974ebf4a862e2e7,4b6a9de03905b509a6951be2e6f22fa2fc8cf50fb7dad0df5e07123d74d5a7bb,20bb53bc93597f62655cea060f211050a97a9b635b1c24ce74ad1968c6d15673,c553f1876f9daf6efa5aa35a91c0b60d5c53d6e4ca8c0611ca8c255e84a14e0b,1000000,row-major C-order RGB uint8; MSB-first bit packing; first 1000000 bits,2.1.2
32,baboon,cd4456f2562dc352acee627428eb4e2ccaed5f53082ce0838d9fff6b8a3e3517,9be26fec7a389873247188e90abc41bbdd4ded80a75c6b767a6f5b89316377e3,0ee2450727ad67a7f3f43b98456198d80064f5258cfce94417cbe65ed62a1db8,ecebf03bfdd4ab6530fcf9e2f3bd8b6abc453b58d3f4e886b3924afd6ffc67ba,e883c5aceeb722277bff7df6fa7d923ce40f4346dfbf81b5857ba699cd0dd6e0,cf319c43508807874d1a354bddd5be6b7ff90645f54cbb784d872a3be2e9df3a,8452e62fc0ae614066a53e0933f31fe31c02ec80da706e5f48f736d5de859790,1000000,row-major C-order RGB uint8; MSB-first bit packing; first 1000000 bits,2.1.2
33,couple,e1760e29f10762fe60349e2848b01065b69784d04848606dd8644b6a9a893288,7bdf749df993c01d46cfce1810baaaf963224a88eaa9bcca187feac2e39063ec,45bebcd935946fe3c1d07fb2c7c7dafbad95c266d6d08d3e6b30405c68d070f5,7e1f80eff7db3e049c723aa17e979f17f1b48d0819d5ded80e1edacd27210f84,bcc1461927b517c8a0ec8c73b816e5acfadabf6bbf61500b3e9232578c015814,f8471c83e894123b8d854d2b2502b5c6f9a8fd3afa6590f27afe20e77d57702a,1368c62d926b2f25744e47f48200082017464c730bb6283eefa91eac4a487d99,1000000,row-major C-order RGB uint8; MSB-first bit packing; first 1000000 bits,2.1.2
34,girl,d044fcfbea02123efdc167e596f45e839c39c2e1ca2ff841710ef4db15bc4dfb,babac97185cb6b20a04c6982e79b725d5976104eb4b7cd9b896ab8451a90b2a4,3b4abe947b9eaa4cfd4f2ba16f86ce5709bb9d27b564a4c0e4076f67e6acbfb5,c354649f521141d97915588d92be521181b7f4d984f9b022babdfb3cdcd1f7bd,cc27d8b293b72468fefc03669fe94b9176ce5cebc5148025305b908f9abbbfd7,c3f6d82bb8863823b4c84fb9fbb86af09e209e60d2234b5a2ed8d5b5dff4cb06,6f868849b59381eceb742187e4db93cb5cde1190c4e68d9b7a80d3a374d0c9b9,1000000,row-major C-order RGB uint8; MSB-first bit packing; first 1000000 bits,2.1.2
35,lena,d5cd280e7e970a31828fe2c91ead6c8ce3ea257d04b6eabbd8e254c6e1cce255,5a7df371ab58b2dcb0616f7b1fa177dda705be7b735b63709b029110fbf10648,bd677fc800fad5acbb9526331a555b920268d28e8a80232429b983c047df0bc1,f046ba6cdabd81b70c36cd35725bfd55a28303b0d20e3b95c8c7256fbdc14264,899f22fe566ca096bf8e3463d95c7f289b1f1f014efd36881f8402238bba092e,d966b1c3b14c1e96cfabaa9dc72c2083ed1831efab7ec9678bd7a1e96fe00515,035314eb8401c75049d818b968b26163bb04b433235a49b36c2927bbe769366d,1000000,row-major C-order RGB uint8; MSB-first bit packing; first 1000000 bits,2.1.2
36,peppers,208e8c6542e91a1b3d7d9457626b7577fc0d21affeb800435858cc83f2537649,2bdbef5afc39c33a21b5e5bae8b6401afa0d5268dba5a547cc00ede75eafa069,f98198586c0d1646a1336b701df3a35c249d2477af4ab60f50ddc07f85043d07,039b2d36297b12bb90ff5561d7a8cf26a4002c4eaff965feb95681c4b338f91c,f6a3b3f056daa397de0f62866e25b14a583431ffa408da167770fd2be9641237,2366eda43d10137fec528f0cfcd38c13d2650c0b3e12d728d5bd689a5784eee0,898520120d45aad092ca9622aaf123c3d9722d850f0de63f80bfcf42d9cef969,1000000,row-major C-order RGB uint8; MSB-first bit packing; first 1000000 bits,2.1.2
37,airplane,515d0a5105047916be9faed513330046be41a61f4b155e854731e512ce1f4c4a,571f6d8b4ef34899bce19bb2beff1d832786209e39677da5f51c54a2a5b95e99,3225fc14257bd35fe2c0c976b995e28678c8b269704f8af676834ea1199e5e04,641f3b8eb930fbfac638ae45fbf5a905ab138ac4c781e189ab0618f741561063,0d3c630f360d485fba9d4723115a4fb00a39df69489a7339123ec078cfe756c3,b088737be3c0113359b1493691ade3bac611bd0e46c3ea8824e97d0a1ba4d4b5,c5f097faf91ac47e2dd1e9055114798f52e09fb05a8dc1e9dae90830b87fc0b2,1000000,row-major C-order RGB uint8; MSB-first bit packing; first 1000000 bits,2.1.2
38,baboon,cd4456f2562dc352acee627428eb4e2ccaed5f53082ce0838d9fff6b8a3e3517,8c085789a056fddfcd2410c8726134471498549954abe314f6f3e822eb49fb0b,af4167cf0964faf2a54215db9a73dd6607f8ad606a0387a6f5c1581027b924a7,eeab24ecc098052806dc6a5c58ace07706e54c9a460aaa4f52cf9aea04079738,0beee5d01388bb54229166fd8bf1b4ddbbf8e3f7b959b3955c5575beb105d665,6133fdb9374fb3352ddfb673ac80b04411957202c265e8db74f173091ce842dc,7b62064b6b352fcffdb414694646580b83f97161bf204476652bfcfc4c43c3fd,1000000,row-major C-order RGB uint8; MSB-first bit packing; first 1000000 bits,2.1.2
39,couple,e1760e29f10762fe60349e2848b01065b69784d04848606dd8644b6a9a893288,e462d9ea7db1d860a2060ef761b71a8ed30334eab8c6af51cfedd58b928a8d37,f8efa52676f7a1c6aeeb3b54239e1691f4aa053816913e9e9f18711653444feb,bb299ead77407080ac345f9b40013578c30ff7fd68b74c56bc49ee9f3a7dcb6b,2a7b2a69b5c4dc99f50afe56eae44992583ee3864c8dc7dc4b006e1f5e509921,ddd029fb2af1901861a2ee9ad9deb69acb305bb4cd036afcc797c49bf8636c12,f08385bd13876e9ab265d1f12c75c181407d8ae5b2f9db9ce3f1883048ef43e3,1000000,row-major C-order RGB uint8; MSB-first bit packing; first 1000000 bits,2.1.2
40,girl,d044fcfbea02123efdc167e596f45e839c39c2e1ca2ff841710ef4db15bc4dfb,bc71f2d7294f9cb88c9cf063b1132bc535f9ca1ed7075f115938fddb9d0aa987,05f33d943b3b7449fb44e7a9332f82b72b9d6b2f0f331fec93d69201b3789bac,2bc3afd721869a0dacfa0996d7cb3d330fefadee93336a7921fb6cfe01f72738,17c61e98a48f72c63d5bdada3f70c9f6b4e433e823836300f2137c0de0b813c3,b0bfe01fca0ce5af9dc46b021dce80cf2668924903d426483bf6798094011d4c,ae2455a43a504c58bc8aebcdf989404d8d600e985b1d6df5993d58eea1010e33,1000000,row-major C-order RGB uint8; MSB-first bit packing; first 1000000 bits,2.1.2
41,lena,d5cd280e7e970a31828fe2c91ead6c8ce3ea257d04b6eabbd8e254c6e1cce255,a261f12d775fcb20952109b9dad6512721254c9f63226fdcfbeee72bfc0a6220,958e9bae6d0e2d1722f4ff783c0a2063464f04c943ed23db99e5bee556e58923,58308988db5e1fb68efbbb258b79596a63d6759f67889293224e00a890216de4,4378e5c4db7ee471a9f1e8ffdb6cdc840cdea3722778abc5d7762bd5b16967f9,8a0bda7d142210805e4521babeec9573f3b5041ddc01f78e2863d983705b5b03,cf95d22d01c4310ea8181f1cb5cf9e0b48106727a7a2daea37745760d8c1cd3f,1000000,row-major C-order RGB uint8; MSB-first bit packing; first 1000000 bits,2.1.2
42,peppers,208e8c6542e91a1b3d7d9457626b7577fc0d21affeb800435858cc83f2537649,4824c0a5fa6f3dc003166d5b8a26d256ea0fcf6bda2e404799d5289674bee423,33e4fe1d754ec544acf993eb52315956cd44e2e80e2c51311be9822a4a5d9513,f4a0b2e0b931efd668de1774b19b69bb5cb81fcdc2d32f8eed29c8baf76d7188,8d947eaa0c69b0391ac0ca43045b6fdde18130592898b53646d4c6801f89dc63,ff079ab67df5bb9c0247dc525a2125464e1af710f41341bb9d4f764833fbf0bb,e33c7bb88f7057a76585d011e58d60c9777c85368b8e1f42f070d932d455942f,1000000,row-major C-order RGB uint8; MSB-first bit packing; first 1000000 bits,2.1.2
43,airplane,515d0a5105047916be9faed513330046be41a61f4b155e854731e512ce1f4c4a,9b78a14f87a4e8492d2f0b667f99541e0fc16c8797d385e2cdd455cf265a76e1,d6e4a314e4e9cbf7eee50e7cd90ad7036bb3b4d6fa2dd3ff1738aeb223108a72,83a454049f3a3ddc01b174a316b72802e83e91a43afb842e20142c0e0ff2f3b5,e4b2f23f4f24f8018211687813a8baf8460efbea7b5b1cf2a55a865272dcbd5b,2f28f8839f1cdea29080f9559ddfc790492c5524378b3a8169d443b3b1b51610,a241e47784d7013f512cf945ebb097eab6bb4147089b7444d99458ec95d22066,1000000,row-major C-order RGB uint8; MSB-first bit packing; first 1000000 bits,2.1.2
44,baboon,cd4456f2562dc352acee627428eb4e2ccaed5f53082ce0838d9fff6b8a3e3517,ed82876263181c704a91226fb78c9ec7d05d098cea4b1eff6b59bc98d7a0a066,294ea2407158483253f27654e006725b20d5e96fa8836dc35b88d21c3533ba8d,831c79c53eb761885a86b2cb295641ce217b0b65e83db4d2a90cae8081094d9b,99efbe8e3948d6c684d98c16eaa9d0cfdbb9c6b7b8e2439d46a6044869a71cb4,b374a15853b855eaac1bebe2e2344a422756a35f5a1849ad652c1ff1dde80fb4,953befd4576b906a011bf77064916b3964d2f1aa12119407ca343682ecc20266,1000000,row-major C-order RGB uint8; MSB-first bit packing; first 1000000 bits,2.1.2
45,couple,e1760e29f10762fe60349e2848b01065b69784d04848606dd8644b6a9a893288,922d6aed4eb3c81a502083bcd121114bd1ae39769b84005c568d6fd7860d4514,940d71412f6990fd7504199486ab46724ddc23fddf517747eaaf1edc78f5a8f0,62ae42d93ce571a7c23c8a0ac0367aeb456370e4bb5d28ccd4d83ed61ebdc2a6,d5ebb93dcf5b061089b7a91119e6e4247e6db53cfc1817a4285fbed0f624f03e,3a1279acde550b2c9a3cff3ae699643a94635d049ca38975dc4ffa2087ece8a7,c71e71882c412feb20244ef17bdab03a8a3d153f00ed339534e0041e7f5857b2,1000000,row-major C-order RGB uint8; MSB-first bit packing; first 1000000 bits,2.1.2
46,girl,d044fcfbea02123efdc167e596f45e839c39c2e1ca2ff841710ef4db15bc4dfb,3e4cd0b47d91b7faa57e39da5c77182a1f9101432a23782c06a9d551cc2b71de,806f878fc8fa9a54bd07f6e1b1d2307653bee23b2ec2a79a89f3ef8b86ad1d99,f1328c43d4469c6ccbb157e0f5d693341ecdd060ec15f369b411e9b5102b8163,56ea6c7f24dceba5f17469d0ddf7ecf2ff7699ce061a7f27fef2213500a408fd,2e5bb82f91125baea4a2322481e521cd4954e4aec339ded0943d0d5d7ea39afb,d62ff2e2c076b4ce78b39563fd415b752128688be8d1796ef8a582c7bc569d68,1000000,row-major C-order RGB uint8; MSB-first bit packing; first 1000000 bits,2.1.2
47,lena,d5cd280e7e970a31828fe2c91ead6c8ce3ea257d04b6eabbd8e254c6e1cce255,36348448f5421aead7557d29c8a0035b7bb505dbbd8cf8a7b85d84ebb60df5fc,a9926a2e89339e6187559ce7c8c1290f350e97101da42c66545a3d2e24d9d083,e51d5be01ec96d0f24d5fc80a94e3141e4fbff476975acef66fbc1ff9eded0b2,5478c995724a498555aaded6a1af5fde19ea6b6280c6e17384194329a11735dc,41636b67176a84c88fe2387ddcc1bb1f094ed43db3c8b90bbffac9d88b6b74c7,8f37fa5fd96e77d21113ade97c7bb6c2617b5560d4f2f3b6432cd5497afa1c9a,1000000,row-major C-order RGB uint8; MSB-first bit packing; first 1000000 bits,2.1.2
48,peppers,208e8c6542e91a1b3d7d9457626b7577fc0d21affeb800435858cc83f2537649,9c9993c38e77b778ebfee778ccb83fe658c5ad69b4de4210757da8541d139cc1,637c3e122250260f899d9060fd944f0b17c99d97e4273081734d17f83f4e391e,b8f754669adbb9d880e70e7aab3a8476f2e006e88efaca59762c3325b1c27179,95aa314f8c17fa3e90f3421d6839111decec01871e3cda9aceed270cfd95661d,fffa2ce6837e99b43c26351579fc4c29ebb7fc5dac5f469dfdb6c93c582c8dbf,d432cfbdff5dd153f18815509dcdf4eefa7af64e89e86e57f8e65408e05d0e2e,1000000,row-major C-order RGB uint8; MSB-first bit packing; first 1000000 bits,2.1.2
49,airplane,515d0a5105047916be9faed513330046be41a61f4b155e854731e512ce1f4c4a,d19d0b62cde26d55cf8b07c1ba8f0b0621f37e72e9ac667b9f1ced44e0f7139d,e8a2065ea9356c6449511f816fcdb98add8f9ffd1ea69bdbac7bc721457a122c,bc0cb7ddfddc07f8ea951557ba50803732b16f7aac213e0b2074806a77e4ec1d,c058e4326a9c8d4d5fe2bb0cfa0dc084d4d45eccaf7718edc439fb961579dac3,553cd47a248afd0d76a48c8ab9befdf4ce74bf108fbad3f21cbf0e0bf1b15156,5545c860e9e668da9bd835f8435fd79d68474900d45aac13121c04c1127b5df5,1000000,row-major C-order RGB uint8; MSB-first bit packing; first 1000000 bits,2.1.2
50,baboon,cd4456f2562dc352acee627428eb4e2ccaed5f53082ce0838d9fff6b8a3e3517,d9c8c14f3d8b59f24f76161b5675e1a14ff1a89c8fb311ff1ab9bea6014171fb,7d46b0b5dcfa79b3e880542863d39bec81df24f6b7dcb60dc768700cc688de51,2b668b00463e89cc133a299253bcde0a43962b6c3c93fc847ee5ecbed915a888,1439b07784f402521b2adff2f474ea77a182ebb384372295085d6ddf14b8cdea,94e5f35ee0a9ccc1370ff6d358a2c52243b2c2a6faa4f33a9c32f62ba14f6f17,31439f8855420e444880af67cd92ca9df32f7d131b33574fd98f6f095e0e7135,1000000,row-major C-order RGB uint8; MSB-first bit packing; first 1000000 bits,2.1.2
51,couple,e1760e29f10762fe60349e2848b01065b69784d04848606dd8644b6a9a893288,e45591bfa18ea38fc05e7816b7c801cccc272e4170ffe93c159f440af8bdfc20,ea294356d26a99e6104b3f97bae87b9c23ba65793bf67ec5bb6c25a6c85be017,8591e31a80640f5504269624ef442b6386b5516f55be6be08cd5a3c47c97bd6d,d6dde4ca9c0e6dc0c90025dc40252d7d63be65772621f3b279b2dccd4f7dad81,e3c84f14ebc10961a687f6ad056027ec397d9472d2baff9adb8784afdadc97e1,790d5b9e7f2f942723f110af8e162ba0c0fd5ca11ade936959db4181f6080d5e,1000000,row-major C-order RGB uint8; MSB-first bit packing; first 1000000 bits,2.1.2
52,girl,d044fcfbea02123efdc167e596f45e839c39c2e1ca2ff841710ef4db15bc4dfb,43869ff1a8d9b28f4651f344a74f0d350d010d70628ccfd61e2a97a45a484678,a7a770e17973036589e548d029df3ce21f81cb1311666f04c0bf98fef98e864a,aedc46a11d9f99a71b08a6b9bc9739062cbf16d0431dc7eb921ebd745fce31a7,ab1b1047cb1af44c18527f3cb218f5a316003aa809551e45e83f3201d15e9660,8ad2c613fe4cddeece63f0b469f5bb05951b41008f61db0f87f447dfc6ff9a9c,5d5201a566860f0f98dce1133c14dbd28eb0cd30061e7cf74a4142968cce2f03,1000000,row-major C-order RGB uint8; MSB-first bit packing; first 1000000 bits,2.1.2
53,lena,d5cd280e7e970a31828fe2c91ead6c8ce3ea257d04b6eabbd8e254c6e1cce255,1578d10d6e13e8549deb170101ed851cb1d873fb92a83aa5debcf8bc5beb1ccb,0d464ae4fdade393f35320de5a90d48ee33f694965d66376b64a05c5e23d0241,8302bfe21ff88b5d53bea144f176da2bcc9a00a6030e20fe8fefbdb283b4dc87,429a38fb292443db6db91a0d95efd8dacf956ebb027dc1f59a7f2d04c856e411,8d7a5076571f27c0ba0f047eeaca61c20da3934505714565a1e84f5cc7b4e9a3,00efdabd0552b05ceac23f3f83be29771b6416b3ef0e72e677f7b22cb0cfdbf4,1000000,row-major C-order RGB uint8; MSB-first bit packing; first 1000000 bits,2.1.2
54,peppers,208e8c6542e91a1b3d7d9457626b7577fc0d21affeb800435858cc83f2537649,d87e926e63bf2809a9d5795a6474a4ee2223ace2167376c6d9e8e9977b0f032a,68b8ae04fd718728f73d6ca085e9876e41e28353d9d09353451ac3dc5577cc82,afb77adb0ce7b2a613d74618e2de761f429145e50aba39318abc6c60aa470ed4,f869193ac4f023e7f2d3dcd55ebff0e9af207e0518ecab149a599dde259d803a,65a72ba80e3f4fb39524a1330a361b012db52738ed92a9f79e7c5e9bffd86289,6ae13fd4230092afe7d460a630b2d1f77557644035459ffd594c4b45a029d1d0,1000000,row-major C-order RGB uint8; MSB-first bit packing; first 1000000 bits,2.1.2
55,airplane,515d0a5105047916be9faed513330046be41a61f4b155e854731e512ce1f4c4a,4e78f9c7903e0cdd27f556a43e38554bf438b0eace1a4c8e85101f85d03ebae8,012ab7b02d7b03091f5915eaf21cd5d6c4ff6d58add299a80060745152a8b215,7938b32daefbf10438ab5ba4ef4297c60be0de479a60527a15f3c43f24ee7e5c,9abe1902627e98cbd516765e14a4258c6be53c6e0c20fd7489cbb97e8a59a15d,097f842a54d39b27bdad2e55659e40b242b3910cc9d65c46fb38dc73a21704cc,9c48eebd461448163c0a4078d80648d56a0a890d2487d46a05afd0217bb68181,1000000,row-major C-order RGB uint8; MSB-first bit packing; first 1000000 bits,2.1.2
56,baboon,cd4456f2562dc352acee627428eb4e2ccaed5f53082ce0838d9fff6b8a3e3517,5617882187dac661a179693d961abaeabf41ccb8a78f0c4252584e0f6567787c,a9d33595ba6da72fe4790bfb9c1198ae86162f38ea77eb0c600d1b167b9ab5c4,790552f916d5c67deb19b19a589fd642db7068c01af3a23198eca1a13638e6b5,20d4d018f664268eaf57b10ed5b5dda99fe6b0712435cc9fa2fed82bc318dcb6,ff39e98ffede88aec713ce4d7eb57fd2ecf34e25c90bb32096a6fb2027a4a096,583431abbc05bd63cd23df27de90d25089e46bb4430b15c1cebff975096d493e,1000000,row-major C-order RGB uint8; MSB-first bit packing; first 1000000 bits,2.1.2
57,couple,e1760e29f10762fe60349e2848b01065b69784d04848606dd8644b6a9a893288,47936e1717a06cfcfb7cd9005d713e33ae0f40a2246c6112be9ba8dad11c749c,7251a0acd252d31edb1e4d70f810a164d2d8749a9c4440acb2c8fe54c938251f,072f7e638e145cab1e27ff9b5a02c749d734afe657ebaf3cd532118d5f861bab,69ffd9bbf02344a63fbfebdacf59f728f896a228a9309ba7d941aa6f9516544b,0cdc14c2269e0ba774a028c14e963e867d588370beeba35fcf62e451d32e4280,bd902c4d43d57a5c6ef807f279b57a69e52d69447961d646297da498a9a0173b,1000000,row-major C-order RGB uint8; MSB-first bit packing; first 1000000 bits,2.1.2
58,girl,d044fcfbea02123efdc167e596f45e839c39c2e1ca2ff841710ef4db15bc4dfb,4e82ca228100459f23684d2846abb82cc94072e5ae6f3efcf84304b833271f17,8cd15c0fad96efaad2e9e7f8f11e87cb94a9c7f5e1fa17d80c98c9255ce3ca6d,9dd83e30b56125a88afa5dd8dd5bbbc384f4922e4d4ee7f7edfaad0b5ed333c5,1f6f490b7f2f9f9e51b4293d81a191b7159b701c932b1b5545a5ffdb5e1b59a0,e5f0ddb5121798521d90f923082a3d92b4777b490b37c72bd77819817c1d8a11,1a1ab4886061762834b2c703764353accc4add32f78e85d0a4825c000e821527,1000000,row-major C-order RGB uint8; MSB-first bit packing; first 1000000 bits,2.1.2
59,lena,d5cd280e7e970a31828fe2c91ead6c8ce3ea257d04b6eabbd8e254c6e1cce255,90c204236bdfdb52c6083bbee161c7cd60b772f26d1a3e1973e64a615a38169f,aacce5f01d5f4779621d878fd5454f7806e57dbdae43fe3f0c5e2e8bf4a303c3,1ecccda54ed5a296d15e9cba798395f75c76436ad01e255f05a1896b5edb65c8,f8fc1560dabb7d27ceb90b935c0c1a752432e935451cb46b7fdd5a2d576c3788,4d432f6cc22f6d5ac80f528e64d923c5d76e9434b5c4ce446ec39ef62a75b64d,f1806cf80e2c7a61d558d03d806acf2373388395e259b1d4bb163d68abb9b5ee,1000000,row-major C-order RGB uint8; MSB-first bit packing; first 1000000 bits,2.1.2
60,peppers,208e8c6542e91a1b3d7d9457626b7577fc0d21affeb800435858cc83f2537649,e9a78778ec22b2bb9ad9785cff5cf11f54c6fe4bb4468540995ad0eb5673b7c4,fa1335d505869f0604770884ac3883a7031cd9d2ff7a1ca4e92fdc6491ca315b,d96404266dc1e49c5904ca03dde628be8177e0429acdd61cc8625a5859e491b9,957a17533d6bad951be2a3f55622d4ca5e7b1c260a12e4b1992767ad66aa4846,9b65784e247ae5986308f2651bce221ddb0f963f62815fd1e5a493328a88df15,047aedf5ce2302938aa086ba510bdc52c473221a020d12c4f73b7f0fdff1d8d9,1000000,row-major C-order RGB uint8; MSB-first bit packing; first 1000000 bits,2.1.2
61,airplane,515d0a5105047916be9faed513330046be41a61f4b155e854731e512ce1f4c4a,7e8fd7b3f0435af199ad0dd89932f58447051b0608b5447f9a2e54c55e715a31,4a459733f5a725e8a2f2b2396d46e9f0ac0e31f40f78213ff90858e4b8db0cf9,c8b61984649c23ab70ab84e02a239ac61870f8a97537a4032c05ee8af2eb65cf,b92c5d01321057108970a4b6d95ce5cf5f01db2b2c487f19335ed69a0e192d6e,dd78e69604b9297c650f915d702046ff2a8fea63bffe23417167900290d6c05a,c04724f7adf694fe162a7d4e41e02a403c63437cf59f509a65adf48bc06944f5,1000000,row-major C-order RGB uint8; MSB-first bit packing; first 1000000 bits,2.1.2
62,baboon,cd4456f2562dc352acee627428eb4e2ccaed5f53082ce0838d9fff6b8a3e3517,e2ac866b50510d3c8bc0c373d2b722e9d0289d84d82d6989ee1a1c0bc6ffb39e,72298574e423f2945874d79b0ccb61dcaf47548126b6da90bd0d5e6ecbd2775e,1dc2c7b4ab7de0116389751dc88d3fce7e103d8b718626ca4ae1f2c8c99722ff,0f4eccf474279db349397d55dce70cb9bd049618b00c10537a9bb5d8549ab244,5ab0e178bb64b8d24079738759c35bc355e89296ccd0abf2676c6d956558d7a8,a04c3726c5c84d2877944572b941bca6cadbf07909c541741c97f85418bbe9fc,1000000,row-major C-order RGB uint8; MSB-first bit packing; first 1000000 bits,2.1.2
63,couple,e1760e29f10762fe60349e2848b01065b69784d04848606dd8644b6a9a893288,63788ade610a800d4e7a0e2f5658428860c31ebef788c253bb401aec65c2a226,1ecde8b23cbd4e3a93fa68b635a6929d062dc0459b584a4a93dcbf84e85d0a57,230d2d0356c8dedb9335ea2f81049eb564f5b65d26363688cfe0efb126ad0f72,10ebd654b4d0719d4818a1871478788549de5e0009ad9c7d29539783e061bd20,1a52e9eefad1fffbdedf37eb45fc5c971da470448efc4d2a7988aeecafc09085,bcca232d6c5a2c49d922a975abdc9e25d0332ed2857df10a9a6d4bd41db539e6,1000000,row-major C-order RGB uint8; MSB-first bit packing; first 1000000 bits,2.1.2
64,girl,d044fcfbea02123efdc167e596f45e839c39c2e1ca2ff841710ef4db15bc4dfb,c29c23146eec604ced2db40c6cc3147e5b7aafb27453b937340ab51f4dcdfe17,617feaed88902005b2df2e05be1cba4af39684dd7698b349c5f70d0f298fe8fa,d901cd0f17baf984cd5bb7c4fd7e52a00508e23d96c94db0213214cc82b396cc,f0c2938ef8f92b4be79be4d983abb810f470d0f57171e758d4622d5752c8af9c,d4ec292bdd9be16d5a172e5a449cf1d44f8edc78f579cfc653ac8cebc7ffcc31,b4bb0f2414957ba77a4dd9badddebe8003400723937c2b69f1d3d6daf0cf0cc3,1000000,row-major C-order RGB uint8; MSB-first bit packing; first 1000000 bits,2.1.2
65,lena,d5cd280e7e970a31828fe2c91ead6c8ce3ea257d04b6eabbd8e254c6e1cce255,b9dbc7af1f9131d4e7ded9b8bd8de82fa4bca56ee1a0f240cbfb7c79f971e04d,8e53c21248162b63fe4bbe2d2cfb2d7aec378b059c95b847c8d8a3ace456ba62,bef38b090c597c312852910a0f90e94a52f98c8e8e97a7b01d5987a4b0cdd490,9250a5ff0fdc34af48afad53ea27864bf7cc068d66c8e63049a2234d511d2564,a36139ff63ded3ee169bc19648a43e70418df3212cc0e0677ed931580f769264,a0213f03aec280fa838949217fb1cd6ea4e4e4b97f2b9f33d5c94ac87d6c663b,1000000,row-major C-order RGB uint8; MSB-first bit packing; first 1000000 bits,2.1.2
66,peppers,208e8c6542e91a1b3d7d9457626b7577fc0d21affeb800435858cc83f2537649,9c2ac4ecbecf8e9401d68b7a39bee5eeceebf217a4858165e2716c63d7c7e7a7,15f8d8132231c6cd444277798c1edd7a2c92ce20acabbc6f6b50ea0c0c33a048,dd2db409ff0f867e236be6c90e7b49bd5c858bdd1ac63ec75adecb08ef6a741f,b7e9591f418028483b1c3c3d570d3a850b8524a3681c122ab5831a757f2d28ab,637dd044d1419de173be43976cc0cb200142c061be5b5675cbaa45c926332062,19d33200635461f124e4e2f5bf22404116340b31ed07d2c7753de92aa9c56130,1000000,row-major C-order RGB uint8; MSB-first bit packing; first 1000000 bits,2.1.2
67,airplane,515d0a5105047916be9faed513330046be41a61f4b155e854731e512ce1f4c4a,d48c59d2e6b86748095a5330c28ac78f437946fb99e4dee87254d85457a47521,2c250d29adf3f954c89ab9eea337a1682cccb6a9d6ef08b2e4ff64f948f1017b,04348bc8fa957065fc67068a8cacf9236d7f4cbedd7f9d457a69e19fcb3b9745,75968c2edeed93ab2edfd103e298bf6419a2506d8ecd6896b8f26a19a25b6aa2,b3b89dcc276565b30e6ec2b94107115bb501bffeaf64361392cae29727d2a24c,bb983f9c94f8610b6457a54eb1c8f7e8fca713933d604eec83041f8d96b97157,1000000,row-major C-order RGB uint8; MSB-first bit packing; first 1000000 bits,2.1.2
68,baboon,cd4456f2562dc352acee627428eb4e2ccaed5f53082ce0838d9fff6b8a3e3517,b15d206525d7234bb72276c6193b4b83e74042b8bfb27145e6897e606bd864d0,8eb5d8e46eb036f3cc9fb6f143410fbf5cbc904954662a5862964dbffdaa0860,2bc972144c2c374b4c52f03abcde343bf536bce630c10c98ba5fc3bed4196599,70075ba15906cdb011a96383c005bfefc522b2a0d607ba50ede5465b99831e4a,77b25f83955905402f8544c3528cbf1c6aeb02dcb89d91c965dbe51496792635,a5927df7796d827c2103eb75c5afe776484c10c1f39030f11f3a5b272622226e,1000000,row-major C-order RGB uint8; MSB-first bit packing; first 1000000 bits,2.1.2
69,couple,e1760e29f10762fe60349e2848b01065b69784d04848606dd8644b6a9a893288,8d4552001c69b4a2c482ed44553c980184371e5a6739cba92d21c71c419f7274,aabd2dfd6dc3f63331ebc484b9cec70d870d439a7944bedee1e1bf7eb05c4d4e,aa397f89de9cf742694992e19964775383f7049592c9addac8af82918f1b2175,291a0b1d6992abbf2e5e5782ef6c27e67e19b96188b75941299f8753940cfa01,c89df8b7d34585879e6ca34735a78ebf51c6fcd6a9a1b5daf4f5cf09823f1b48,64fca37c5da549368e6d228f01563c222a3452b78b5142b5d2d624927245fedb,1000000,row-major C-order RGB uint8; MSB-first bit packing; first 1000000 bits,2.1.2
70,girl,d044fcfbea02123efdc167e596f45e839c39c2e1ca2ff841710ef4db15bc4dfb,d274f4e125a432da16ecbdab41076078614f5c19a07af4c63f4a6acf9f27726b,a55e8d1497314527035c07fdb1f3383a0eb69dbec7af17d381cfc6e6dcd7ef4a,ad8796565d0c0688f28d0521cb734450178c8463f35a0437485c00e6f60656de,32add2b6cb17275755b7bd8045e380937ce2ddb8c36505c7e1eb850e9f5a7a4a,0d2d41979acc7a4faa6b7385a3d24245433735abb7edbe9fce18037cecfa2adb,61079bd8408cb68e371b0d6a12e1c22d730a6e7cc1a8f2e46cfc2c91b7cb9edd,1000000,row-major C-order RGB uint8; MSB-first bit packing; first 1000000 bits,2.1.2
71,lena,d5cd280e7e970a31828fe2c91ead6c8ce3ea257d04b6eabbd8e254c6e1cce255,e20560ce8ddfd13c30f5160e798939c130999e286b6fa5b69846a7ecfcd635d9,fc162b1f807aca65325d7bd7b59e1127a65682606c47432e9082076754d74b81,9898e362124ef2faf85570710bf1ff820c6ea4b6d61da51a1e53a9db3326dd90,12c05c03f5decf53eb424038e1df4885ad28507ec86644e8ce70376284c0c233,c69356f0ccb21f784c4a379152effc869396fa857e0d8edd4170e37e1c790719,a175a569ed1fdba3d1cc817a187afffd374681106b109dec740b5a7476521e5d,1000000,row-major C-order RGB uint8; MSB-first bit packing; first 1000000 bits,2.1.2
72,peppers,208e8c6542e91a1b3d7d9457626b7577fc0d21affeb800435858cc83f2537649,d86cd4dd3a78c360fa1e2f9cb6df122d09bd2fac21d55adfbe78b372eaba2627,ca86e97f1cefc7152636342e4c463ba449f57899ec92229696b7d5426ed2710b,4e83df6b11532008ca5983c74931dd6bb9fb892286d7d78cbb92fbc60a60657e,1b8b641c32091c90027cc87c0b8c36877af038555ed568464e44f2d929830de6,8d2273e8a6eaad07948b267c9f514f4dbf3d01e23c3282e1ba9d6fb61c6e60fe,fa3e2af6b84c7e4a71283c46293d75c09ea7c8bf39f5b300fd4d572246d3237a,1000000,row-major C-order RGB uint8; MSB-first bit packing; first 1000000 bits,2.1.2
73,airplane,515d0a5105047916be9faed513330046be41a61f4b155e854731e512ce1f4c4a,9e843d42aeb17a5c8b2032d293d98acddb92351615713543a0b8bb7049385695,fe12518124e76b61135745376ac3a143db151b19715f95eec5e84210b62833e1,b39a9ec92a2e880c8e2f15e363ebd7944df723b8922081bae1c7da8626785d9a,9afba0a8a117aba0ef277102c7cc3ec3fc7ed8d1e1d27cde0761e042a80598e5,48de85a086de9e62b04a3ac688bd5d60769927c91cabc90524feaf86c98c7525,e7ba045017952f3d895090a41361dd9fb229c1a9c4f9cc5838b751b9d4b0bcbb,1000000,row-major C-order RGB uint8; MSB-first bit packing; first 1000000 bits,2.1.2
74,baboon,cd4456f2562dc352acee627428eb4e2ccaed5f53082ce0838d9fff6b8a3e3517,cb80f37d9fb4347bf07c58e6660679121da7138883e0057592bc63edd85b1918,0f71f499ee9de74f2692db3330dae84d599055c0a79213263f7edadbc8c72745,957e6dbb128950a7ef6ba62499d943ebef667db4786adb2081e6c6e4d0cbb36b,2649465edc9a29ff9ee7ef9dbde10f580aa86174895610c6872123fee396c79b,74376e02888e297c56fe426c16a1db917fee54a5fc2519b2f14158c17e613577,1c262653099b6c5983a59245de855d926a49e27d48086b496374aad350750ed6,1000000,row-major C-order RGB uint8; MSB-first bit packing; first 1000000 bits,2.1.2
75,couple,e1760e29f10762fe60349e2848b01065b69784d04848606dd8644b6a9a893288,7a3c467ce0c82fbccc68fecbafcf9442929b6530208e4f66d77084e8e737007f,95457b50351aef840334e52721a9430e52acece2291649582500b0f809dc5ebb,03201cd980cdbfe8819a5bd6617f6d69f13fcf3a8e2f361da77098fd0e5ad38d,93f1bccd8946b3083b147a6ec7d50d397813af8423f4c99e5e4b6ef69d64cd81,9c2ab258a53baf49b35078229718319f38aeb643ee5f12242121ecef1a38cedb,eeac513efd0f2729f7af19cb3a9d267795d9780e51f0ad4823cf95e3ed8fd48a,1000000,row-major C-order RGB uint8; MSB-first bit packing; first 1000000 bits,2.1.2
76,girl,d044fcfbea02123efdc167e596f45e839c39c2e1ca2ff841710ef4db15bc4dfb,3e9cccd6f1c71d8eb910762a92c88ce8a9a3a182f314ecc4320d78d53a54c88d,629a271e133fed66d936c78954d1f9301b1adca323502fda015a6335761f6a41,0e43c13ba746688f91a2da53a25436da86b9efac4e4e78197e1a6d72b5d1d50b,7a7a5dbd9220272d6fc4348138bf8cf1d770b557ec1c284cfcd702ce9d02ea49,9a346641e55246af2eab16d2ea78cb228a236abd27c404ad269fd0658fc64973,21f6dd41670451473e5f208a218dc2f3ce97eacfcabee4ac49c067fe863d10ab,1000000,row-major C-order RGB uint8; MSB-first bit packing; first 1000000 bits,2.1.2
77,lena,d5cd280e7e970a31828fe2c91ead6c8ce3ea257d04b6eabbd8e254c6e1cce255,908bae9d9f5ffac7e314fddb57962ce5a9228e1c12ef98ddf6181c1c626b6ef0,6c1750208838bd6a3da16642848b67381f0cfce2dd555eb3d504db9b5c39e282,8312b965aaaef0b896e6437a8824c3dd458c31be885bedb2731f358911f851be,f577637160f6ef5e3d0be0baf5aee46c2a92d307ab7de932d3c4ed7eaf510606,abcf24fb102d77fa2fe78f597d561fb5698e9009027b748acf7f7e2903bc970a,7325921f6053bf7c151d6c7c7c1ab6cef66d458de7127afa247582dd0cc1a35c,1000000,row-major C-order RGB uint8; MSB-first bit packing; first 1000000 bits,2.1.2
78,peppers,208e8c6542e91a1b3d7d9457626b7577fc0d21affeb800435858cc83f2537649,b6f052645dfd3ff4c1270cb4f55a5532076e5dd21eeba75069422b9163f85274,ce93d899f436a2c14ab5a82fa29aa08f4c54c4124347605bf1ba2b14eaf97608,4e4d2ff54d7b152fffaaf755e583057591f27d04142ba95abdf7a5b2449aac75,d0ee74c21de76bc2029fcbf71a518ceba11a50f57420ea16af8efde9d5dfff56,cb5a49f8f16b55544d8cdee7bfa6c2ca1a94d768938e5c8244bdb2ea854f7f8f,d5486ae62909b3c74ea3fb09447e83a927e794f51bb09eed89178b5c23fc1dd8,1000000,row-major C-order RGB uint8; MSB-first bit packing; first 1000000 bits,2.1.2
79,airplane,515d0a5105047916be9faed513330046be41a61f4b155e854731e512ce1f4c4a,4bfd8a01a400a59670606bb0db9b81a530442e4799e5c7777810eec59366bc57,258c5c9698d841410a0327805bd6de81d327716f17df4f8e32844dfc889fa382,5f8cb1339169a5277ede968023a1398a8410c2389d26219a830892293bc11d07,a159c092901bda0ebf58dbec36afe0d3c7bb2e54b7ba58df35c33c57f8853a8d,d147ac15d639f84844cf4b2f0fbd2aad212e0518fff2ebc0e310e7198a140141,1da5198300e37144b9a4ff43b852086f5aa2387bb9715372b3f34408c71f47bc,1000000,row-major C-order RGB uint8; MSB-first bit packing; first 1000000 bits,2.1.2
80,baboon,cd4456f2562dc352acee627428eb4e2ccaed5f53082ce0838d9fff6b8a3e3517,4432c26ef45d10ff6ac7e70f30a7686c7b287a942bbf625a00ec814317491643,4783ceedf547af82c455dd5a87089f49a587a66ff0e773964a4b68ce720f8fa9,368b3af583da89f9e1e082021554e63dfa67f19f738d322349f52054bc08e94b,e088b3bf32879c1440c666e8593adda598acc6c114cf82e6297270a1721a0891,f66d49542eca666ff66c769b49713bce7084c63fbdf6b5292f9720c11ea35801,3e9f519e4f491076a628a63589c0e0b16147932f6790bde6bee43c87d199c9cf,1000000,row-major C-order RGB uint8; MSB-first bit packing; first 1000000 bits,2.1.2
81,couple,e1760e29f10762fe60349e2848b01065b69784d04848606dd8644b6a9a893288,c0cbb02631e54b05c8950cd9424d66d01e6dd0b1d8a43fa3fb2f352cb5497282,2f1cc39047aa27718a5d55682b97cd20c7ffc49c7bd5de73a79ed04fd82ccf9b,e9a25c586efb358e30e73244866167b6c135aa2bf5391973ff9dbc4f9879c6c8,362f68784158b04800f50c66406db362236b94936fd2fd99ec39f58062632e1b,a095a796ab9e013df2c8d053e67345110fcdb660d07d67a409a64955cde99d28,7f9112c4330fb7eb00877ba70d8e7a856a0848b7548f7d604da192018bcdb987,1000000,row-major C-order RGB uint8; MSB-first bit packing; first 1000000 bits,2.1.2
82,girl,d044fcfbea02123efdc167e596f45e839c39c2e1ca2ff841710ef4db15bc4dfb,44bc735eba44b93b610c0a5f69557a378c9126af20f69d789f158b99dd819f57,140b75fc2ccc8ca2f4c9ce07e7e76e8f99208dc7d9c10a3e4858714dc11c8016,308443f91b882a20157de269f6834100cabfd5d64843cc0e67aa0652417c3a65,84ea537e7eacb00887bfafad54b77521b1ad7e65190f0bda9e2cee0bebd6aa78,ba547434e3ebcf65b5888d21b5f265b209f82f452a7397fbe3349eeb829812cb,2d5afbe8c5a5be7e844744473e0febb0fb96a31a4c4b111382a6873edb2a28cb,1000000,row-major C-order RGB uint8; MSB-first bit packing; first 1000000 bits,2.1.2
83,lena,d5cd280e7e970a31828fe2c91ead6c8ce3ea257d04b6eabbd8e254c6e1cce255,dc8b2b1603171cd3a15bb2de05f9d5e8b9677fac6ae046d02a02dfdb19f6602c,2da7d70cbf1c065317486d9b720bfdda9edfe125945861e50ead6ce1d20f838d,2c486706f1c71062f2353410bfe6217408fda798954c54f0152e2e4ba3eb073b,ea0f02bd4307e60c57ac5680c6763ea74a63d53b8d33b9ad10d6ce19a7a9606a,db339643961dbdbc089183c72d3415f9e5d6b8dddee21b53e08f9aa25ba574a2,edf1c121653ccd618bad8b32f2e4f32df62226f6577db3714ba949e9ee929a6b,1000000,row-major C-order RGB uint8; MSB-first bit packing; first 1000000 bits,2.1.2
84,peppers,208e8c6542e91a1b3d7d9457626b7577fc0d21affeb800435858cc83f2537649,9510f6d38406cf183611322071ee96e8b216e8e7c702ca2ef36cb63e8183d2ef,f68424c96d58e5dc02f94692f35348d6be7e1278ae24fa29319596f3cacd4a6b,ec22f187848cd871f069ef588cc4d5cbc5a7d6e8fcb983c4e290966d8e061f05,b5fc8ad351a709c1cc6d394739827094ac050f36cc8a7612080941c381206a30,8b71f1bf5ac5c2bda996f7c2c9a3e4c5744cdb244875d3fa0bdeb5ff5288d2b3,f715abb05d595d5122ecceb0e49b7300e4c4d4e4c3d59b608010a6a6689cad69,1000000,row-major C-order RGB uint8; MSB-first bit packing; first 1000000 bits,2.1.2
85,airplane,515d0a5105047916be9faed513330046be41a61f4b155e854731e512ce1f4c4a,119c4f97d7d95a484fc4459401925fa16210636d8441d7290e90fc7eb4f2885b,4145d2cf7dbcc6355f93beb40167c2265aa8d8ac76d28d14b21d733b8df08277,857ca4c305c45897dd6ede265fa37cbabf0fe39c87a530bca3abbda6dab0c5bc,3063f35532fcea0a2a63c0fe12b3963fa8000b087d98125b38bf0b1021fa751d,3a2e9f2c83d72c21baa7a6aba76a2f5f0187d19f05a0ff2e88b23de33e2f1035,2f3f426ee6895759251c8480c140860981a699969a87647fd2093badd4b25254,1000000,row-major C-order RGB uint8; MSB-first bit packing; first 1000000 bits,2.1.2
86,baboon,cd4456f2562dc352acee627428eb4e2ccaed5f53082ce0838d9fff6b8a3e3517,2629844fba387b9d938d130d1f4e3a21e024f2d8489a86b7f1d2fa7991859356,8cb1fcc0bccfc8a17b7fb307583bbd2c70e39b73d802026d17a0aa279e973b71,7d96cc5114828d95a02a46ac994b4a4106b81a18e666db9fc1aaa574793660b1,7702c440b7a4979be17470dfacc912f0dc87b72df3176fa0d678536eafe2dec3,6a20337f16085ca6d9cb05249d0ba0543e9b7e0cf6d51a4012be20d49d981892,172e2dee09801abb253b2caaf4e79414cc8edfdbb1d2e182a6a3552a4651c86c,1000000,row-major C-order RGB uint8; MSB-first bit packing; first 1000000 bits,2.1.2
87,couple,e1760e29f10762fe60349e2848b01065b69784d04848606dd8644b6a9a893288,ecbfd8903ed33a4a4613a5f5dcebf63440d325c00650ee91a372e9935e627560,fb7b74cb9b8e29be47d033e6bc85c9dbe60240f7fb59f0c290b3cf9bf1d8d0ad,b3e55453632abbaacfd2762fdcd1e0358a90535b41aa062e055268be52265d84,bf730d73a73262624e29acd11d48f0542b2a9d00e15023ee975209011ea1d800,940dd45773378be880dfba4fb9fa8093cd9967c29f786c3ffffce239fcf55813,ef20130bad2e61b2345931b6af9b6482d50f45f6c4fe1d020c00f33ce64ded89,1000000,row-major C-order RGB uint8; MSB-first bit packing; first 1000000 bits,2.1.2
88,girl,d044fcfbea02123efdc167e596f45e839c39c2e1ca2ff841710ef4db15bc4dfb,db9d606e24959468c1adfb26b4908dc6ace37591f8974c2c0ce68f796b8b40ba,9321664c9cd1ebbf5707909514423efb391d06ce6835e3c5e0c050a18040a1ea,4e332eddb4afb03e7d4cc8af1fae55ae8e4d803353b38266576518d6f87392e7,980ad60d46e3f62aa2f9c20e15561329422823a320c90b5b7eb5766c8259288b,9daf54886a83d8c484867feb67d136e3b9033ac58c1fc6bdd4fa8b9592dc5432,0b92eb98372b890b9923f47b6ff8d8779cbcd60e84e8bd5374cf9ef8a68fa219,1000000,row-major C-order RGB uint8; MSB-first bit packing; first 1000000 bits,2.1.2
89,lena,d5cd280e7e970a31828fe2c91ead6c8ce3ea257d04b6eabbd8e254c6e1cce255,9e61f1b13615b88f9b628060ee8ca77f05b52a36c21ef8c0a814b89de2cef102,1e30f2d0338fd91bc395fb848a170e9f099f6bb4e9aa645f7c542d0c5bc0173d,f3a357f8c3f392ab83405c704e5f0f2bb65f4adff827f011fd5435f7da0988a6,9284bd6114471d26d9d691ffe57982297f5132091619884c055c6d9a8fafbe51,6ea17483b5c9c032476287b0e24440e9893ef898eafe69b4168fbb3a5d62d7ec,cebd04cda06e50c142d05250bcd711e10e30d755d8d39e19ce327a3f9a0cb535,1000000,row-major C-order RGB uint8; MSB-first bit packing; first 1000000 bits,2.1.2
90,peppers,208e8c6542e91a1b3d7d9457626b7577fc0d21affeb800435858cc83f2537649,047e3cc09213577d985044d258a8e590faac807be4abc6d4c2e955bb7ffb2203,17ddd25742d8f411ff596d0823f37592fc7cdf27c60fd6fdc860c6ee4b0f0287,39c64578b55868a14b6751baaea3787b769c5ad763b96de43a3fc75585a73c33,05d3c802530045446a222f60f13fc420cf5a85baa0ef443459dd4169f419f60d,c4d0fe43daa10bb0fce4fbd52359ad13c72859a0c91d3568b0088b3f9bd969ed,038fd5b859886ee7898b5246884c385d3487426b193814a6b57e4f081c13f55a,1000000,row-major C-order RGB uint8; MSB-first bit packing; first 1000000 bits,2.1.2
91,airplane,515d0a5105047916be9faed513330046be41a61f4b155e854731e512ce1f4c4a,ee8660463fa94322ef3b246017caaf8ea1849458965645cfbf679cbba238fb3d,985a730352a1813c3fc4f138a14461710cfef0cda7546ecc1866d3d9500651f7,527b449f933d2987c1732330d6354941f76a427d4ba5bb08fd7573ed9cb13971,0ac4665a0dab5d8c1b5ff3ab597ad2b6a7d241ae5388c30f409c6c574b0fdb4a,499ffe73484dc3afc5964adc2e797c6f7a910ba1538f40a9b65b6275213692e7,aafa6fff509c40772d9ef6f3e8b81f522a8ce8056bcc4d6f768b41bfd406ee12,1000000,row-major C-order RGB uint8; MSB-first bit packing; first 1000000 bits,2.1.2
92,baboon,cd4456f2562dc352acee627428eb4e2ccaed5f53082ce0838d9fff6b8a3e3517,18bf45f132cfa31edb0336287fcae59ab36c41fb1424e7e5c2a6b6cbbbb48019,01f5f769141a5f360d7f1af1e2964155d4572f8a4d9eaea7d721d459910b9aa3,5050ed7e6654b9fded6f81c2fe8ee51b1bd652393cf242ee2f050588c35f444c,ab98ace7ed9d5ab322ea98f4886f9e87f60d43c9b7d8608de36c7bacc8600d48,8ec00935929f91670aea2c925ae9d0ff417a153213f07824f5366d24ce01e648,a237a24c15b65c6b12a01af2d68eeca4896ca8279bd3bcc5a78cda1cf6632c87,1000000,row-major C-order RGB uint8; MSB-first bit packing; first 1000000 bits,2.1.2
93,couple,e1760e29f10762fe60349e2848b01065b69784d04848606dd8644b6a9a893288,fad41fcd85461d5c10949aec39549397354e98124397009bd972dd01e8253377,2f3c955cef50b0cd7265950bc5ba2a8a2e219253edcd94dbd968e547a12068fc,8d2dea02e7152c5feaa3859c3292ee81a1d9d018f9b8acb35f2a6fac0bb91fb7,3bf8fdfd053ed09c55e7f0cbe0dc6246b9c879e87409758a263aba3db61790e8,75be1ef3ce4ba6944b4722bc7e8d7c8305edf9b128748780d0a57fe718d4f8eb,133f814007998b67dc6912ad3bd9c0a3b125f9b52fbf40ba11374983043caa58,1000000,row-major C-order RGB uint8; MSB-first bit packing; first 1000000 bits,2.1.2
94,girl,d044fcfbea02123efdc167e596f45e839c39c2e1ca2ff841710ef4db15bc4dfb,9abb34b506c0b9862130022ad8b0388b183d0f21ef1249df19969fcba9fed99d,de6e864a05634cfb5edfacf8bd1af4b66586dcf558303038dc30017149499fe2,eacd9747efaaaebf845d184125c2c37dc64208037688cb2ef6ab3f64841a2cef,72500eeda903f03df8383760cd8b77c17493de78d404dc53a686fb86e8338f99,37c0ad77230c2895fa9d7e87be54d167775c0ed55841ad71fde35494171ce075,e3280f0b6038e2767b567139e197e77f2601202c694beb9e11002056bc1c1d8c,1000000,row-major C-order RGB uint8; MSB-first bit packing; first 1000000 bits,2.1.2
95,lena,d5cd280e7e970a31828fe2c91ead6c8ce3ea257d04b6eabbd8e254c6e1cce255,7b099120a5c831b70eafd356883846d0ddc1a48b91396313f3f68a75250a7e38,65a0cb632412f15ffc207c9b8eae9bc5e72e673634f81789292789b744cfdeeb,d17efaf8991523a60264f99a1f21878d81bbd9426a3b2d8899d1938540160059,70f7623032204ff86ff8c10dae793f236df535d6bab4f14b5e739d540d097bb4,3ecaaf13cfea20c33810b92d0d38d5f68a01a8592bc1b20cb8046132c4e5c9ed,82b51b44d1ef2e27619c1974eadf871f0fdee04107ea7d59cd6f5138e8d2e078,1000000,row-major C-order RGB uint8; MSB-first bit packing; first 1000000 bits,2.1.2
96,peppers,208e8c6542e91a1b3d7d9457626b7577fc0d21affeb800435858cc83f2537649,c7f1925e75985eac01bd74a40ce78789421b22b4dd8975b6ebe9dc29f52adde9,30b0ce667ec0f1473a5d17b6a1aa5df7f2a972c4e0479fb7d1d382f70c721764,6833c54fd9095f1277c8e638cd5fc8521621b1992b66ce3629b30847c86ff414,5379835e7b6c005d2b8869a7d97a7aada6a0d99c5bb62e923048aa650afcfa23,de41556f00a74a6d4770706da3bef459c54c5452d5bd26a330467b933bfe6a1c,b3036694ed6535cd651c6a9d38c7f1eeac80f8dafa5026c769a5f623954e1a52,1000000,row-major C-order RGB uint8; MSB-first bit packing; first 1000000 bits,2.1.2
97,airplane,515d0a5105047916be9faed513330046be41a61f4b155e854731e512ce1f4c4a,0955ce9b66e27695eb5031a3c1fd70756b482c4b3068a64ee6a72635b76b2b51,982e2a1b6d40e3bfacf52eb928a9bb741548b30d9910726691dd1d7ddb0c4983,db439078d094056632fdeeabb3f81c348fcc6ad9282a8db1adca6e348222ac52,70fa97bd300ba892e750916ddac167bc4d91ed2c3488e009cf4fa296be162d53,da28675a51a0b41bb6df057c098666d01f1eca794669c547274ed42175961c48,1bcbedbe06574e88ee803737844dd413e6ef7c3b24980f80c31ae50a51ea09c0,1000000,row-major C-order RGB uint8; MSB-first bit packing; first 1000000 bits,2.1.2
98,baboon,cd4456f2562dc352acee627428eb4e2ccaed5f53082ce0838d9fff6b8a3e3517,17ceeb8f5fbc8c56b6fe2cbf0ed12cceaea218410f2925418e325e7e09181027,04ea803cd80b3038228af0d71895ead46d61f22c006c7fbdb4b675340a199e17,6560af33b43c4c530521fb96666a2f9a8829f6bde6afd81e82250d03541e4f80,b4576d99fe62f083c8c8cfbe98de52c259cb521b0a9e26c30cfccdfeff41c81a,37ac019da0f6066fe63053f5404ed1b58397da93b303b20eecd0b8d4f7b49a11,176d1c51db72729a57b24d130ffa4a9b73192804b295455865203ef0d0a56cb9,1000000,row-major C-order RGB uint8; MSB-first bit packing; first 1000000 bits,2.1.2
99,couple,e1760e29f10762fe60349e2848b01065b69784d04848606dd8644b6a9a893288,f1a7f3824fa9b46465c3fe9ff7aee0ae93dd9b3a05f9f013e5395b4f919f6a3c,da8807176bcabeae8db6dc0c9bf2d46d68bfd9c872d78c2757bd1861da7ba17f,771867a43ce8574de05499b12d8165609ff689a60585c2abff2095a1e35aae6a,b50bf709bed9b4f3249dd0b96ae8f6a7c4125503b042587d8b0dbc0a406d6669,97283a7079b08e88fd89d2d25cdc776ce6e3c4472638f0e3c424d5e4e32d0067,a2b56ebc8603182b38e825d18ff064a949ed27d1365478422847c0eda23c0d06,1000000,row-major C-order RGB uint8; MSB-first bit packing; first 1000000 bits,2.1.2
100,girl,d044fcfbea02123efdc167e596f45e839c39c2e1ca2ff841710ef4db15bc4dfb,6feef23e4c6261d7dfd450726afbfe887e153fba03624ab5d50298d7d8fff234,7a99ac3d70e2ac9a0edc0061ebb336405e0171c8df2cc7f69475f53afe4853ba,a73a075cb96a9fd3f64a48528cbfa9565412395d18dae9eb0210a6c6ccd7ac8e,7e52576d5804157928bdcec4065d7939f999f594bd8bb62eeb6141a6613d74d4,186b56c86ccde799aa3d63ec02e05ec80614c61f92e27474b99b1c971c733c72,bf01225ee916ab31899e846b47a0e5b9bd0a113a4c4f414084965e787b440ab9,1000000,row-major C-order RGB uint8; MSB-first bit packing; first 1000000 bits,2.1.2
