image,channel,group_index,block_ids,net_rcm_capacity_bits,required_tag_bits,passes_capacity
airplane,R,0,75 175 44 192,1752,256,True
airplane,R,1,1 3 6 170,1824,256,True
airplane,R,2,12 180 104 238,1702,256,True
airplane,R,3,244 41 136 210,1712,256,True
airplane,R,4,42 90 52 143,1858,256,True
airplane,R,5,251 45 61 55,1708,256,True
airplane,R,6,5 35 62 205,1684,256,True
airplane,R,7,178 173 116 60,1806,256,True
airplane,R,8,11 115 163 103,1814,256,True
airplane,R,9,135 181 113 96,1714,256,True
airplane,R,10,47 91 169 141,1668,256,True
airplane,R,11,227 117 138 36,1754,256,True
airplane,R,12,225 164 71 234,1882,256,True
airplane,R,13,208 144 17 43,2000,256,True
airplane,R,14,4 67 183 80,1736,256,True
airplane,R,15,107 94 24 95,1874,256,True
airplane,R,16,156 150 66 128,1694,256,True
airplane,R,17,64 253 83 86,1842,256,True
airplane,R,18,139 255 216 65,1818,256,True
airplane,R,19,142 81 195 197,1896,256,True
airplane,R,20,212 70 246 202,1808,256,True
airplane,R,21,239 213 233 201,1904,256,True
airplane,R,22,48 134 131 108,1788,256,True
airplane,R,23,151 241 49 184,1682,256,True
airplane,R,24,229 221 18 129,1774,256,True
airplane,R,25,53 196 160 194,1792,256,True
airplane,R,26,218 232 69 122,1700,256,True
airplane,R,27,79 242 247 124,1908,256,True
airplane,R,28,204 0 97 254,1890,256,True
airplane,R,29,177 147 174 121,1814,256,True
airplane,R,30,2 219 168 14,1820,256,True
airplane,R,31,73 165 76 93,1856,256,True
airplane,R,32,87 187 9 111,1814,256,True
airplane,R,33,188 236 19 28,1852,256,True
airplane,R,34,189 209 92 159,1748,256,True
airplane,R,35,179 88 154 190,1874,256,True
airplane,R,36,77 148 7 171,1780,256,True
airplane,R,37,185 231 34 21,1878,256,True
airplane,R,38,200 237 215 56,1758,256,True
airplane,R,39,32 176 127 22,1826,256,True
airplane,R,40,198 162 84 82,1838,256,True
airplane,R,41,145 125 149 46,1950,256,True
airplane,R,42,245 68 252 214,1722,256,True
airplane,R,43,102 16 13 33,1768,256,True
airplane,R,44,137 223 132 26,1702,256,True
airplane,R,45,78 186 38 59,2002,256,True
airplane,R,46,152 230 191 72,1654,256,True
airplane,R,47,119 74 39 112,2002,256,True
airplane,R,48,31 146 85 211,1890,256,True
airplane,R,49,54 243 167 133,1930,256,True
airplane,R,50,206 105 199 118,1820,256,True
airplane,R,51,123 106 37 217,1932,256,True
airplane,R,52,100 235 89 23,1614,256,True
airplane,R,53,166 40 222 98,1788,256,True
airplane,R,54,161 130 193 158,1906,256,True
airplane,R,55,50 10 155 248,1648,256,True
airplane,R,56,126 110 8 157,1788,256,True
airplane,R,57,250 224 63 249,1882,256,True
airplane,R,58,153 29 99 203,1796,256,True
airplane,R,59,172 57 240 101,1786,256,True
airplane,R,60,27 114 220 58,1984,256,True
airplane,R,61,182 15 51 228,1818,256,True
airplane,R,62,207 226 25 20,1732,256,True
airplane,R,63,30 109 140 120,1802,256,True
airplane,G,0,57 216 75 194,1860,256,True
airplane,G,1,103 177 190 8,1744,256,True
airplane,G,2,145 115 102 144,1852,256,True
airplane,G,3,63 239 82 195,1764,256,True
airplane,G,4,133 156 140 214,1760,256,True
airplane,G,5,72 24 31 188,1636,256,True
airplane,G,6,227 120 243 23,1894,256,True
airplane,G,7,38 247 201 199,1830,256,True
airplane,G,8,98 32 21 66,1676,256,True
airplane,G,9,52 107 116 113,1700,256,True
airplane,G,10,28 33 167 138,1840,256,True
airplane,G,11,46 70 118 110,1752,256,True
airplane,G,12,91 79 168 170,1962,256,True
airplane,G,13,137 241 65 141,1636,256,True
airplane,G,14,92 99 234 217,1650,256,True
airplane,G,15,213 67 53 132,1884,256,True
airplane,G,16,131 125 233 210,1868,256,True
airplane,G,17,19 95 37 117,1802,256,True
airplane,G,18,56 43 165 230,1770,256,True
airplane,G,19,252 106 122 15,1872,256,True
airplane,G,20,16 204 44 40,1838,256,True
airplane,G,21,205 26 249 135,1756,256,True
airplane,G,22,88 94 35 154,1872,256,True
airplane,G,23,192 196 222 100,1608,256,True
airplane,G,24,128 0 101 59,1780,256,True
airplane,G,25,22 104 162 27,1874,256,True
airplane,G,26,223 220 47 161,1794,256,True
airplane,G,27,34 150 90 151,1582,256,True
airplane,G,28,189 54 169 153,1670,256,True
airplane,G,29,18 184 251 84,1718,256,True
airplane,G,30,127 96 250 30,1898,256,True
airplane,G,31,93 14 236 74,2004,256,True
airplane,G,32,7 149 4 134,1678,256,True
airplane,G,33,109 13 136 39,1644,256,True
airplane,G,34,176 80 129 58,1734,256,True
airplane,G,35,147 36 219 179,1782,256,True
airplane,G,36,111 12 186 85,1996,256,True
airplane,G,37,240 164 62 155,1758,256,True
airplane,G,38,73 1 126 254,1686,256,True
airplane,G,39,174 238 6 10,1840,256,True
airplane,G,40,172 68 228 160,1878,256,True
airplane,G,41,187 253 112 224,1906,256,True
airplane,G,42,130 124 77 78,1754,256,True
airplane,G,43,48 50 231 229,1868,256,True
airplane,G,44,87 158 225 105,1830,256,True
airplane,G,45,191 175 245 163,1740,256,True
airplane,G,46,108 25 3 49,1662,256,True
airplane,G,47,200 215 11 209,1896,256,True
airplane,G,48,180 212 97 237,1884,256,True
airplane,G,49,198 143 226 81,1638,256,True
airplane,G,50,178 9 244 207,1768,256,True
airplane,G,51,208 64 203 193,1670,256,True
airplane,G,52,121 211 171 5,1712,256,True
airplane,G,53,157 152 86 182,1908,256,True
airplane,G,54,20 139 123 83,1808,256,True
airplane,G,55,173 71 159 148,1496,256,True
airplane,G,56,181 142 2 45,1938,256,True
airplane,G,57,119 89 221 202,1872,256,True
airplane,G,58,183 248 60 61,1864,256,True
airplane,G,59,76 206 69 232,1782,256,True
airplane,G,60,41 246 166 255,1904,256,True
airplane,G,61,55 197 114 146,1826,256,True
airplane,G,62,51 185 235 242,1884,256,True
airplane,G,63,218 17 42 29,1742,256,True
airplane,B,0,211 182 222 149,1690,256,True
airplane,B,1,76 210 61 72,1802,256,True
airplane,B,2,220 234 134 224,1674,256,True
airplane,B,3,27 175 168 115,1664,256,True
airplane,B,4,8 9 17 229,1940,256,True
airplane,B,5,187 249 51 79,1646,256,True
airplane,B,6,140 74 102 132,1816,256,True
airplane,B,7,177 225 88 87,1778,256,True
airplane,B,8,196 141 173 166,1832,256,True
airplane,B,9,214 108 26 164,1704,256,True
airplane,B,10,203 46 65 93,1674,256,True
airplane,B,11,190 3 111 237,1796,256,True
airplane,B,12,242 96 35 81,1616,256,True
airplane,B,13,36 38 16 185,1888,256,True
airplane,B,14,106 206 59 32,1884,256,True
airplane,B,15,30 55 213 169,1856,256,True
airplane,B,16,201 184 208 66,1704,256,True
airplane,B,17,162 80 64 235,1730,256,True
airplane,B,18,86 48 101 13,1752,256,True
airplane,B,19,6 47 71 34,1752,256,True
airplane,B,20,233 112 82 23,1886,256,True
airplane,B,21,163 7 4 75,1876,256,True
airplane,B,22,120 29 215 223,1728,256,True
airplane,B,23,151 130 62 24,1858,256,True
airplane,B,24,57 248 204 254,1894,256,True
airplane,B,25,241 97 240 63,1778,256,True
airplane,B,26,245 148 144 37,1618,256,True
airplane,B,27,139 94 67 89,1866,256,True
airplane,B,28,228 193 83 95,1804,256,True
airplane,B,29,28 99 128 41,1656,256,True
airplane,B,30,114 118 191 54,1880,256,True
airplane,B,31,189 238 21 39,1886,256,True
airplane,B,32,243 178 202 50,1678,256,True
airplane,B,33,116 25 250 124,1776,256,True
airplane,B,34,84 218 60 117,1906,256,True
airplane,B,35,160 33 103 1,1840,256,True
airplane,B,36,252 155 11 231,1684,256,True
airplane,B,37,49 19 158 113,1872,256,True
airplane,B,38,174 194 165 167,1898,256,True
airplane,B,39,147 105 247 135,1812,256,True
airplane,B,40,246 107 20 138,1668,256,True
airplane,B,41,143 58 137 90,1852,256,True
airplane,B,42,153 226 179 216,1914,256,True
airplane,B,43,100 157 126 146,1766,256,True
airplane,B,44,77 205 188 239,1734,256,True
airplane,B,45,43 219 104 209,1896,256,True
airplane,B,46,73 156 212 236,1702,256,True
airplane,B,47,227 125 152 171,1820,256,True
airplane,B,48,70 197 154 251,1582,256,True
airplane,B,49,145 161 122 42,1744,256,True
airplane,B,50,133 230 45 110,1666,256,True
airplane,B,51,18 221 40 31,1790,256,True
airplane,B,52,91 142 123 255,1744,256,True
airplane,B,53,52 195 121 22,1982,256,True
airplane,B,54,199 12 78 10,1846,256,True
airplane,B,55,68 119 5 217,1794,256,True
airplane,B,56,2 181 85 244,1776,256,True
airplane,B,57,98 172 232 56,1830,256,True
airplane,B,58,176 253 180 15,1710,256,True
airplane,B,59,198 109 127 159,2002,256,True
airplane,B,60,14 207 170 183,1824,256,True
airplane,B,61,53 69 131 92,1774,256,True
airplane,B,62,136 150 44 200,1730,256,True
airplane,B,63,186 192 129 0,1760,256,True
baboon,R,0,75 175 44 192,1832,256,True
baboon,R,1,1 3 6 170,1814,256,True
baboon,R,2,12 180 104 238,1582,256,True
baboon,R,3,244 41 136 210,1670,256,True
baboon,R,4,42 90 52 143,1896,256,True
baboon,R,5,251 45 61 55,1762,256,True
baboon,R,6,5 35 62 205,1800,256,True
baboon,R,7,178 173 116 60,1828,256,True
baboon,R,8,11 115 163 103,1794,256,True
baboon,R,9,135 181 113 96,1552,256,True
baboon,R,10,47 91 169 141,1816,256,True
baboon,R,11,227 117 138 36,1848,256,True
baboon,R,12,225 164 71 234,1876,256,True
baboon,R,13,208 144 17 43,2008,256,True
baboon,R,14,4 67 183 80,1800,256,True
baboon,R,15,107 94 24 95,1920,256,True
baboon,R,16,156 150 66 128,1786,256,True
baboon,R,17,64 253 83 86,1900,256,True
baboon,R,18,139 255 216 65,1810,256,True
baboon,R,19,142 81 195 197,1750,256,True
baboon,R,20,212 70 246 202,1810,256,True
baboon,R,21,239 213 233 201,1640,256,True
baboon,R,22,48 134 131 108,1796,256,True
baboon,R,23,151 241 49 184,1638,256,True
baboon,R,24,229 221 18 129,1822,256,True
baboon,R,25,53 196 160 194,1838,256,True
baboon,R,26,218 232 69 122,1704,256,True
baboon,R,27,79 242 247 124,1944,256,True
baboon,R,28,204 0 97 254,1892,256,True
baboon,R,29,177 147 174 121,1782,256,True
baboon,R,30,2 219 168 14,1712,256,True
baboon,R,31,73 165 76 93,1900,256,True
baboon,R,32,87 187 9 111,1800,256,True
baboon,R,33,188 236 19 28,1866,256,True
baboon,R,34,189 209 92 159,1834,256,True
baboon,R,35,179 88 154 190,1872,256,True
baboon,R,36,77 148 7 171,1842,256,True
baboon,R,37,185 231 34 21,1870,256,True
baboon,R,38,200 237 215 56,1782,256,True
baboon,R,39,32 176 127 22,1840,256,True
baboon,R,40,198 162 84 82,1714,256,True
baboon,R,41,145 125 149 46,1958,256,True
baboon,R,42,245 68 252 214,1736,256,True
baboon,R,43,102 16 13 33,1736,256,True
baboon,R,44,137 223 132 26,1784,256,True
baboon,R,45,78 186 38 59,2012,256,True
baboon,R,46,152 230 191 72,1654,256,True
baboon,R,47,119 74 39 112,1994,256,True
baboon,R,48,31 146 85 211,1920,256,True
baboon,R,49,54 243 167 133,1798,256,True
baboon,R,50,206 105 199 118,1640,256,True
baboon,R,51,123 106 37 217,1936,256,True
baboon,R,52,100 235 89 23,1658,256,True
baboon,R,53,166 40 222 98,1834,256,True
baboon,R,54,161 130 193 158,1898,256,True
baboon,R,55,50 10 155 248,1754,256,True
baboon,R,56,126 110 8 157,1856,256,True
baboon,R,57,250 224 63 249,1920,256,True
baboon,R,58,153 29 99 203,1842,256,True
baboon,R,59,172 57 240 101,1840,256,True
baboon,R,60,27 114 220 58,2004,256,True
baboon,R,61,182 15 51 228,1820,256,True
baboon,R,62,207 226 25 20,1818,256,True
baboon,R,63,30 109 140 120,1792,256,True
baboon,G,0,57 216 75 194,1888,256,True
baboon,G,1,103 177 190 8,1728,256,True
baboon,G,2,145 115 102 144,1806,256,True
baboon,G,3,63 239 82 195,1804,256,True
baboon,G,4,133 156 140 214,1808,256,True
baboon,G,5,72 24 31 188,1792,256,True
baboon,G,6,227 120 243 23,1922,256,True
baboon,G,7,38 247 201 199,1864,256,True
baboon,G,8,98 32 21 66,1752,256,True
baboon,G,9,52 107 116 113,1752,256,True
baboon,G,10,28 33 167 138,1824,256,True
baboon,G,11,46 70 118 110,1816,256,True
baboon,G,12,91 79 168 170,1998,256,True
baboon,G,13,137 241 65 141,1738,256,True
baboon,G,14,92 99 234 217,1740,256,True
baboon,G,15,213 67 53 132,1938,256,True
baboon,G,16,131 125 233 210,1912,256,True
baboon,G,17,19 95 37 117,1794,256,True
baboon,G,18,56 43 165 230,1810,256,True
baboon,G,19,252 106 122 15,1860,256,True
baboon,G,20,16 204 44 40,1844,256,True
baboon,G,21,205 26 249 135,1826,256,True
baboon,G,22,88 94 35 154,1900,256,True
baboon,G,23,192 196 222 100,1720,256,True
baboon,G,24,128 0 101 59,1824,256,True
baboon,G,25,22 104 162 27,1936,256,True
baboon,G,26,223 220 47 161,1916,256,True
baboon,G,27,34 150 90 151,1688,256,True
baboon,G,28,189 54 169 153,1728,256,True
baboon,G,29,18 184 251 84,1748,256,True
baboon,G,30,127 96 250 30,1948,256,True
baboon,G,31,93 14 236 74,1992,256,True
baboon,G,32,7 149 4 134,1738,256,True
baboon,G,33,109 13 136 39,1682,256,True
baboon,G,34,176 80 129 58,1840,256,True
baboon,G,35,147 36 219 179,1830,256,True
baboon,G,36,111 12 186 85,1976,256,True
baboon,G,37,240 164 62 155,1816,256,True
baboon,G,38,73 1 126 254,1776,256,True
baboon,G,39,174 238 6 10,1820,256,True
baboon,G,40,172 68 228 160,1918,256,True
baboon,G,41,187 253 112 224,1922,256,True
baboon,G,42,130 124 77 78,1830,256,True
baboon,G,43,48 50 231 229,1892,256,True
baboon,G,44,87 158 225 105,1922,256,True
baboon,G,45,191 175 245 163,1818,256,True
baboon,G,46,108 25 3 49,1776,256,True
baboon,G,47,200 215 11 209,1926,256,True
baboon,G,48,180 212 97 237,1900,256,True
baboon,G,49,198 143 226 81,1784,256,True
baboon,G,50,178 9 244 207,1856,256,True
baboon,G,51,208 64 203 193,1732,256,True
baboon,G,52,121 211 171 5,1742,256,True
baboon,G,53,157 152 86 182,1898,256,True
baboon,G,54,20 139 123 83,1806,256,True
baboon,G,55,173 71 159 148,1698,256,True
baboon,G,56,181 142 2 45,1942,256,True
baboon,G,57,119 89 221 202,1916,256,True
baboon,G,58,183 248 60 61,1878,256,True
baboon,G,59,76 206 69 232,1786,256,True
baboon,G,60,41 246 166 255,1942,256,True
baboon,G,61,55 197 114 146,1788,256,True
baboon,G,62,51 185 235 242,1886,256,True
baboon,G,63,218 17 42 29,1756,256,True
baboon,B,0,211 182 222 149,1762,256,True
baboon,B,1,76 210 61 72,1814,256,True
baboon,B,2,220 234 134 224,1698,256,True
baboon,B,3,27 175 168 115,1666,256,True
baboon,B,4,8 9 17 229,1914,256,True
baboon,B,5,187 249 51 79,1744,256,True
baboon,B,6,140 74 102 132,1756,256,True
baboon,B,7,177 225 88 87,1832,256,True
baboon,B,8,196 141 173 166,1906,256,True
baboon,B,9,214 108 26 164,1680,256,True
baboon,B,10,203 46 65 93,1736,256,True
baboon,B,11,190 3 111 237,1882,256,True
baboon,B,12,242 96 35 81,1784,256,True
baboon,B,13,36 38 16 185,1924,256,True
baboon,B,14,106 206 59 32,1930,256,True
baboon,B,15,30 55 213 169,1884,256,True
baboon,B,16,201 184 208 66,1756,256,True
baboon,B,17,162 80 64 235,1772,256,True
baboon,B,18,86 48 101 13,1772,256,True
baboon,B,19,6 47 71 34,1820,256,True
baboon,B,20,233 112 82 23,1912,256,True
baboon,B,21,163 7 4 75,1892,256,True
baboon,B,22,120 29 215 223,1784,256,True
baboon,B,23,151 130 62 24,1904,256,True
baboon,B,24,57 248 204 254,1886,256,True
baboon,B,25,241 97 240 63,1838,256,True
baboon,B,26,245 148 144 37,1606,256,True
baboon,B,27,139 94 67 89,1872,256,True
baboon,B,28,228 193 83 95,1838,256,True
baboon,B,29,28 99 128 41,1704,256,True
baboon,B,30,114 118 191 54,1856,256,True
baboon,B,31,189 238 21 39,1886,256,True
baboon,B,32,243 178 202 50,1766,256,True
baboon,B,33,116 25 250 124,1822,256,True
baboon,B,34,84 218 60 117,1784,256,True
baboon,B,35,160 33 103 1,1924,256,True
baboon,B,36,252 155 11 231,1732,256,True
baboon,B,37,49 19 158 113,1918,256,True
baboon,B,38,174 194 165 167,1854,256,True
baboon,B,39,147 105 247 135,1828,256,True
baboon,B,40,246 107 20 138,1620,256,True
baboon,B,41,143 58 137 90,1868,256,True
baboon,B,42,153 226 179 216,1836,256,True
baboon,B,43,100 157 126 146,1782,256,True
baboon,B,44,77 205 188 239,1854,256,True
baboon,B,45,43 219 104 209,1896,256,True
baboon,B,46,73 156 212 236,1744,256,True
baboon,B,47,227 125 152 171,1782,256,True
baboon,B,48,70 197 154 251,1564,256,True
baboon,B,49,145 161 122 42,1608,256,True
baboon,B,50,133 230 45 110,1770,256,True
baboon,B,51,18 221 40 31,1872,256,True
baboon,B,52,91 142 123 255,1822,256,True
baboon,B,53,52 195 121 22,1982,256,True
baboon,B,54,199 12 78 10,1832,256,True
baboon,B,55,68 119 5 217,1792,256,True
baboon,B,56,2 181 85 244,1708,256,True
baboon,B,57,98 172 232 56,1818,256,True
baboon,B,58,176 253 180 15,1780,256,True
baboon,B,59,198 109 127 159,2012,256,True
baboon,B,60,14 207 170 183,1810,256,True
baboon,B,61,53 69 131 92,1778,256,True
baboon,B,62,136 150 44 200,1688,256,True
baboon,B,63,186 192 129 0,1792,256,True
couple,R,0,35 27 21 3,1830,256,True
couple,R,1,31 43 62 41,1710,256,True
couple,R,2,58 61 33 60,1568,256,True
couple,R,3,32 25 49 48,1150,256,True
couple,R,4,24 17 6 7,1860,256,True
couple,R,5,54 8 57 2,1732,256,True
couple,R,6,46 39 44 63,1778,256,True
couple,R,7,34 22 51 42,1614,256,True
couple,R,8,38 4 16 40,1638,256,True
couple,R,9,13 36 53 26,1704,256,True
couple,R,10,45 47 15 11,1808,256,True
couple,R,11,28 37 12 5,1794,256,True
couple,R,12,23 30 1 10,1730,256,True
couple,R,13,19 9 52 59,1714,256,True
couple,R,14,18 0 50 20,1638,256,True
couple,R,15,14 55 29 56,1408,256,True
couple,G,0,42 23 3 10,1442,256,True
couple,G,1,44 5 8 26,1306,256,True
couple,G,2,31 11 13 30,1674,256,True
couple,G,3,25 24 39 36,1252,256,True
couple,G,4,55 63 16 43,1684,256,True
couple,G,5,37 32 62 54,1314,256,True
couple,G,6,52 27 56 60,1592,256,True
couple,G,7,0 17 41 46,1568,256,True
couple,G,8,4 20 33 21,1522,256,True
couple,G,9,1 38 35 2,1686,256,True
couple,G,10,28 15 53 9,1818,256,True
couple,G,11,22 48 58 40,1442,256,True
couple,G,12,18 6 57 61,1598,256,True
couple,G,13,49 47 59 50,1354,256,True
couple,G,14,51 19 34 14,1294,256,True
couple,G,15,7 45 12 29,1830,256,True
couple,B,0,6 43 54 32,1776,256,True
couple,B,1,61 40 26 11,1604,256,True
couple,B,2,35 63 7 38,1808,256,True
couple,B,3,3 45 60 44,1678,256,True
couple,B,4,46 27 50 59,1238,256,True
couple,B,5,1 5 49 42,1494,256,True
couple,B,6,57 18 53 10,1504,256,True
couple,B,7,12 37 24 25,1612,256,True
couple,B,8,52 31 17 29,1518,256,True
couple,B,9,48 34 2 8,1514,256,True
couple,B,10,13 58 22 39,1858,256,True
couple,B,11,33 21 20 15,1474,256,True
couple,B,12,23 47 41 19,1514,256,True
couple,B,13,14 9 51 4,1476,256,True
couple,B,14,55 30 62 56,1472,256,True
couple,B,15,16 28 36 0,1332,256,True
girl,R,0,35 27 21 3,1932,256,True
girl,R,1,31 43 62 41,1780,256,True
girl,R,2,58 61 33 60,1636,256,True
girl,R,3,32 25 49 48,1604,256,True
girl,R,4,24 17 6 7,1902,256,True
girl,R,5,54 8 57 2,1856,256,True
girl,R,6,46 39 44 63,1888,256,True
girl,R,7,34 22 51 42,1832,256,True
girl,R,8,38 4 16 40,1784,256,True
girl,R,9,13 36 53 26,1798,256,True
girl,R,10,45 47 15 11,1834,256,True
girl,R,11,28 37 12 5,1824,256,True
girl,R,12,23 30 1 10,1870,256,True
girl,R,13,19 9 52 59,1762,256,True
girl,R,14,18 0 50 20,1908,256,True
girl,R,15,14 55 29 56,1498,256,True
girl,G,0,42 23 3 10,1478,256,True
girl,G,1,44 5 8 26,1658,256,True
girl,G,2,31 11 13 30,1802,256,True
girl,G,3,25 24 39 36,1692,256,True
girl,G,4,55 63 16 43,1608,256,True
girl,G,5,37 32 62 54,1486,256,True
girl,G,6,52 27 56 60,1596,256,True
girl,G,7,0 17 41 46,1888,256,True
girl,G,8,4 20 33 21,1514,256,True
girl,G,9,1 38 35 2,1826,256,True
girl,G,10,28 15 53 9,1716,256,True
girl,G,11,22 48 58 40,1464,256,True
girl,G,12,18 6 57 61,1856,256,True
girl,G,13,49 47 59 50,1600,256,True
girl,G,14,51 19 34 14,1292,256,True
girl,G,15,7 45 12 29,1862,256,True
girl,B,0,6 43 54 32,1782,256,True
girl,B,1,61 40 26 11,1758,256,True
girl,B,2,35 63 7 38,1878,256,True
girl,B,3,3 45 60 44,1652,256,True
girl,B,4,46 27 50 59,1394,256,True
girl,B,5,1 5 49 42,1580,256,True
girl,B,6,57 18 53 10,1582,256,True
girl,B,7,12 37 24 25,1742,256,True
girl,B,8,52 31 17 29,1670,256,True
girl,B,9,48 34 2 8,1432,256,True
girl,B,10,13 58 22 39,1882,256,True
girl,B,11,33 21 20 15,1548,256,True
girl,B,12,23 47 41 19,1696,256,True
girl,B,13,14 9 51 4,1564,256,True
girl,B,14,55 30 62 56,1704,256,True
girl,B,15,16 28 36 0,1588,256,True
lena,R,0,75 175 44 192,1622,256,True
lena,R,1,1 3 6 170,1790,256,True
lena,R,2,12 180 104 238,1646,256,True
lena,R,3,244 41 136 210,1716,256,True
lena,R,4,42 90 52 143,1876,256,True
lena,R,5,251 45 61 55,1556,256,True
lena,R,6,5 35 62 205,1774,256,True
lena,R,7,178 173 116 60,1742,256,True
lena,R,8,11 115 163 103,1752,256,True
lena,R,9,135 181 113 96,1566,256,True
lena,R,10,47 91 169 141,1612,256,True
lena,R,11,227 117 138 36,1822,256,True
lena,R,12,225 164 71 234,1782,256,True
lena,R,13,208 144 17 43,2006,256,True
lena,R,14,4 67 183 80,1792,256,True
lena,R,15,107 94 24 95,1860,256,True
lena,R,16,156 150 66 128,1726,256,True
lena,R,17,64 253 83 86,1888,256,True
lena,R,18,139 255 216 65,1658,256,True
lena,R,19,142 81 195 197,1914,256,True
lena,R,20,212 70 246 202,1780,256,True
lena,R,21,239 213 233 201,1846,256,True
lena,R,22,48 134 131 108,1774,256,True
lena,R,23,151 241 49 184,1504,256,True
lena,R,24,229 221 18 129,1710,256,True
lena,R,25,53 196 160 194,1832,256,True
lena,R,26,218 232 69 122,1528,256,True
lena,R,27,79 242 247 124,1914,256,True
lena,R,28,204 0 97 254,1768,256,True
lena,R,29,177 147 174 121,1678,256,True
lena,R,30,2 219 168 14,1758,256,True
lena,R,31,73 165 76 93,1898,256,True
lena,R,32,87 187 9 111,1780,256,True
lena,R,33,188 236 19 28,1820,256,True
lena,R,34,189 209 92 159,1692,256,True
lena,R,35,179 88 154 190,1738,256,True
lena,R,36,77 148 7 171,1828,256,True
lena,R,37,185 231 34 21,1864,256,True
lena,R,38,200 237 215 56,1624,256,True
lena,R,39,32 176 127 22,1796,256,True
lena,R,40,198 162 84 82,1778,256,True
lena,R,41,145 125 149 46,1948,256,True
lena,R,42,245 68 252 214,1744,256,True
lena,R,43,102 16 13 33,1464,256,True
lena,R,44,137 223 132 26,1696,256,True
lena,R,45,78 186 38 59,1994,256,True
lena,R,46,152 230 191 72,1544,256,True
lena,R,47,119 74 39 112,2006,256,True
lena,R,48,31 146 85 211,1934,256,True
lena,R,49,54 243 167 133,1882,256,True
lena,R,50,206 105 199 118,1834,256,True
lena,R,51,123 106 37 217,1966,256,True
lena,R,52,100 235 89 23,1462,256,True
lena,R,53,166 40 222 98,1760,256,True
lena,R,54,161 130 193 158,1814,256,True
lena,R,55,50 10 155 248,1700,256,True
lena,R,56,126 110 8 157,1754,256,True
lena,R,57,250 224 63 249,1846,256,True
lena,R,58,153 29 99 203,1720,256,True
lena,R,59,172 57 240 101,1744,256,True
lena,R,60,27 114 220 58,1974,256,True
lena,R,61,182 15 51 228,1814,256,True
lena,R,62,207 226 25 20,1806,256,True
lena,R,63,30 109 140 120,1810,256,True
lena,G,0,57 216 75 194,1922,256,True
lena,G,1,103 177 190 8,1694,256,True
lena,G,2,145 115 102 144,1776,256,True
lena,G,3,63 239 82 195,1812,256,True
lena,G,4,133 156 140 214,1706,256,True
lena,G,5,72 24 31 188,1666,256,True
lena,G,6,227 120 243 23,1924,256,True
lena,G,7,38 247 201 199,1812,256,True
lena,G,8,98 32 21 66,1738,256,True
lena,G,9,52 107 116 113,1736,256,True
lena,G,10,28 33 167 138,1862,256,True
lena,G,11,46 70 118 110,1826,256,True
lena,G,12,91 79 168 170,1996,256,True
lena,G,13,137 241 65 141,1774,256,True
lena,G,14,92 99 234 217,1744,256,True
lena,G,15,213 67 53 132,1934,256,True
lena,G,16,131 125 233 210,1894,256,True
lena,G,17,19 95 37 117,1850,256,True
lena,G,18,56 43 165 230,1792,256,True
lena,G,19,252 106 122 15,1892,256,True
lena,G,20,16 204 44 40,1828,256,True
lena,G,21,205 26 249 135,1826,256,True
lena,G,22,88 94 35 154,1886,256,True
lena,G,23,192 196 222 100,1758,256,True
lena,G,24,128 0 101 59,1816,256,True
lena,G,25,22 104 162 27,1942,256,True
lena,G,26,223 220 47 161,1908,256,True
lena,G,27,34 150 90 151,1656,256,True
lena,G,28,189 54 169 153,1730,256,True
lena,G,29,18 184 251 84,1730,256,True
lena,G,30,127 96 250 30,1932,256,True
lena,G,31,93 14 236 74,2000,256,True
lena,G,32,7 149 4 134,1686,256,True
lena,G,33,109 13 136 39,1680,256,True
lena,G,34,176 80 129 58,1772,256,True
lena,G,35,147 36 219 179,1782,256,True
lena,G,36,111 12 186 85,1978,256,True
lena,G,37,240 164 62 155,1772,256,True
lena,G,38,73 1 126 254,1726,256,True
lena,G,39,174 238 6 10,1848,256,True
lena,G,40,172 68 228 160,1902,256,True
lena,G,41,187 253 112 224,1912,256,True
lena,G,42,130 124 77 78,1726,256,True
lena,G,43,48 50 231 229,1912,256,True
lena,G,44,87 158 225 105,1894,256,True
lena,G,45,191 175 245 163,1718,256,True
lena,G,46,108 25 3 49,1654,256,True
lena,G,47,200 215 11 209,1918,256,True
lena,G,48,180 212 97 237,1908,256,True
lena,G,49,198 143 226 81,1642,256,True
lena,G,50,178 9 244 207,1774,256,True
lena,G,51,208 64 203 193,1718,256,True
lena,G,52,121 211 171 5,1716,256,True
lena,G,53,157 152 86 182,1820,256,True
lena,G,54,20 139 123 83,1818,256,True
lena,G,55,173 71 159 148,1564,256,True
lena,G,56,181 142 2 45,1858,256,True
lena,G,57,119 89 221 202,1910,256,True
lena,G,58,183 248 60 61,1890,256,True
lena,G,59,76 206 69 232,1830,256,True
lena,G,60,41 246 166 255,1906,256,True
lena,G,61,55 197 114 146,1772,256,True
lena,G,62,51 185 235 242,1880,256,True
lena,G,63,218 17 42 29,1776,256,True
lena,B,0,211 182 222 149,1782,256,True
lena,B,1,76 210 61 72,1842,256,True
lena,B,2,220 234 134 224,1730,256,True
lena,B,3,27 175 168 115,1734,256,True
lena,B,4,8 9 17 229,1960,256,True
lena,B,5,187 249 51 79,1756,256,True
lena,B,6,140 74 102 132,1848,256,True
lena,B,7,177 225 88 87,1846,256,True
lena,B,8,196 141 173 166,1906,256,True
lena,B,9,214 108 26 164,1742,256,True
lena,B,10,203 46 65 93,1788,256,True
lena,B,11,190 3 111 237,1846,256,True
lena,B,12,242 96 35 81,1770,256,True
lena,B,13,36 38 16 185,1930,256,True
lena,B,14,106 206 59 32,1926,256,True
lena,B,15,30 55 213 169,1890,256,True
lena,B,16,201 184 208 66,1790,256,True
lena,B,17,162 80 64 235,1800,256,True
lena,B,18,86 48 101 13,1786,256,True
lena,B,19,6 47 71 34,1826,256,True
lena,B,20,233 112 82 23,1892,256,True
lena,B,21,163 7 4 75,1946,256,True
lena,B,22,120 29 215 223,1814,256,True
lena,B,23,151 130 62 24,1946,256,True
lena,B,24,57 248 204 254,1896,256,True
lena,B,25,241 97 240 63,1838,256,True
lena,B,26,245 148 144 37,1680,256,True
lena,B,27,139 94 67 89,1872,256,True
lena,B,28,228 193 83 95,1826,256,True
lena,B,29,28 99 128 41,1768,256,True
lena,B,30,114 118 191 54,1918,256,True
lena,B,31,189 238 21 39,1880,256,True
lena,B,32,243 178 202 50,1758,256,True
lena,B,33,116 25 250 124,1854,256,True
lena,B,34,84 218 60 117,1908,256,True
lena,B,35,160 33 103 1,1926,256,True
lena,B,36,252 155 11 231,1748,256,True
lena,B,37,49 19 158 113,1956,256,True
lena,B,38,174 194 165 167,1910,256,True
lena,B,39,147 105 247 135,1866,256,True
lena,B,40,246 107 20 138,1736,256,True
lena,B,41,143 58 137 90,1898,256,True
lena,B,42,153 226 179 216,1904,256,True
lena,B,43,100 157 126 146,1886,256,True
lena,B,44,77 205 188 239,1822,256,True
lena,B,45,43 219 104 209,1912,256,True
lena,B,46,73 156 212 236,1736,256,True
lena,B,47,227 125 152 171,1822,256,True
lena,B,48,70 197 154 251,1692,256,True
lena,B,49,145 161 122 42,1752,256,True
lena,B,50,133 230 45 110,1772,256,True
lena,B,51,18 221 40 31,1854,256,True
lena,B,52,91 142 123 255,1850,256,True
lena,B,53,52 195 121 22,1990,256,True
lena,B,54,199 12 78 10,1868,256,True
lena,B,55,68 119 5 217,1812,256,True
lena,B,56,2 181 85 244,1890,256,True
lena,B,57,98 172 232 56,1862,256,True
lena,B,58,176 253 180 15,1780,256,True
lena,B,59,198 109 127 159,1992,256,True
lena,B,60,14 207 170 183,1870,256,True
lena,B,61,53 69 131 92,1862,256,True
lena,B,62,136 150 44 200,1774,256,True
lena,B,63,186 192 129 0,1850,256,True
peppers,R,0,75 175 44 192,1768,256,True
peppers,R,1,1 3 6 170,1770,256,True
peppers,R,2,12 180 104 238,1740,256,True
peppers,R,3,244 41 136 210,1730,256,True
peppers,R,4,42 90 52 143,1898,256,True
peppers,R,5,251 45 61 55,1700,256,True
peppers,R,6,5 35 62 205,1726,256,True
peppers,R,7,178 173 116 60,1828,256,True
peppers,R,8,11 115 163 103,1846,256,True
peppers,R,9,135 181 113 96,1762,256,True
peppers,R,10,47 91 169 141,1688,256,True
peppers,R,11,227 117 138 36,1812,256,True
peppers,R,12,225 164 71 234,1888,256,True
peppers,R,13,208 144 17 43,2010,256,True
peppers,R,14,4 67 183 80,1808,256,True
peppers,R,15,107 94 24 95,1928,256,True
peppers,R,16,156 150 66 128,1760,256,True
peppers,R,17,64 253 83 86,1884,256,True
peppers,R,18,139 255 216 65,1812,256,True
peppers,R,19,142 81 195 197,1890,256,True
peppers,R,20,212 70 246 202,1818,256,True
peppers,R,21,239 213 233 201,1922,256,True
peppers,R,22,48 134 131 108,1810,256,True
peppers,R,23,151 241 49 184,1738,256,True
peppers,R,24,229 221 18 129,1844,256,True
peppers,R,25,53 196 160 194,1812,256,True
peppers,R,26,218 232 69 122,1748,256,True
peppers,R,27,79 242 247 124,1944,256,True
peppers,R,28,204 0 97 254,1904,256,True
peppers,R,29,177 147 174 121,1854,256,True
peppers,R,30,2 219 168 14,1836,256,True
peppers,R,31,73 165 76 93,1926,256,True
peppers,R,32,87 187 9 111,1818,256,True
peppers,R,33,188 236 19 28,1816,256,True
peppers,R,34,189 209 92 159,1846,256,True
peppers,R,35,179 88 154 190,1896,256,True
peppers,R,36,77 148 7 171,1826,256,True
peppers,R,37,185 231 34 21,1900,256,True
peppers,R,38,200 237 215 56,1762,256,True
peppers,R,39,32 176 127 22,1836,256,True
peppers,R,40,198 162 84 82,1836,256,True
peppers,R,41,145 125 149 46,1942,256,True
peppers,R,42,245 68 252 214,1760,256,True
peppers,R,43,102 16 13 33,1692,256,True
peppers,R,44,137 223 132 26,1752,256,True
peppers,R,45,78 186 38 59,2000,256,True
peppers,R,46,152 230 191 72,1720,256,True
peppers,R,47,119 74 39 112,2000,256,True
peppers,R,48,31 146 85 211,1936,256,True
peppers,R,49,54 243 167 133,1914,256,True
peppers,R,50,206 105 199 118,1844,256,True
peppers,R,51,123 106 37 217,1940,256,True
peppers,R,52,100 235 89 23,1594,256,True
peppers,R,53,166 40 222 98,1818,256,True
peppers,R,54,161 130 193 158,1902,256,True
peppers,R,55,50 10 155 248,1780,256,True
peppers,R,56,126 110 8 157,1828,256,True
peppers,R,57,250 224 63 249,1898,256,True
peppers,R,58,153 29 99 203,1874,256,True
peppers,R,59,172 57 240 101,1822,256,True
peppers,R,60,27 114 220 58,1966,256,True
peppers,R,61,182 15 51 228,1824,256,True
peppers,R,62,207 226 25 20,1798,256,True
peppers,R,63,30 109 140 120,1804,256,True
peppers,G,0,57 216 75 194,1884,256,True
peppers,G,1,103 177 190 8,1638,256,True
peppers,G,2,145 115 102 144,1672,256,True
peppers,G,3,63 239 82 195,1834,256,True
peppers,G,4,133 156 140 214,1674,256,True
peppers,G,5,72 24 31 188,1746,256,True
peppers,G,6,227 120 243 23,1920,256,True
peppers,G,7,38 247 201 199,1782,256,True
peppers,G,8,98 32 21 66,1632,256,True
peppers,G,9,52 107 116 113,1674,256,True
peppers,G,10,28 33 167 138,1818,256,True
peppers,G,11,46 70 118 110,1702,256,True
peppers,G,12,91 79 168 170,1972,256,True
peppers,G,13,137 241 65 141,1656,256,True
peppers,G,14,92 99 234 217,1638,256,True
peppers,G,15,213 67 53 132,1776,256,True
peppers,G,16,131 125 233 210,1824,256,True
peppers,G,17,19 95 37 117,1820,256,True
peppers,G,18,56 43 165 230,1718,256,True
peppers,G,19,252 106 122 15,1876,256,True
peppers,G,20,16 204 44 40,1816,256,True
peppers,G,21,205 26 249 135,1740,256,True
peppers,G,22,88 94 35 154,1882,256,True
peppers,G,23,192 196 222 100,1710,256,True
peppers,G,24,128 0 101 59,1758,256,True
peppers,G,25,22 104 162 27,1870,256,True
peppers,G,26,223 220 47 161,1840,256,True
peppers,G,27,34 150 90 151,1664,256,True
peppers,G,28,189 54 169 153,1590,256,True
peppers,G,29,18 184 251 84,1708,256,True
peppers,G,30,127 96 250 30,1872,256,True
peppers,G,31,93 14 236 74,1988,256,True
peppers,G,32,7 149 4 134,1670,256,True
peppers,G,33,109 13 136 39,1592,256,True
peppers,G,34,176 80 129 58,1662,256,True
peppers,G,35,147 36 219 179,1790,256,True
peppers,G,36,111 12 186 85,1976,256,True
peppers,G,37,240 164 62 155,1810,256,True
peppers,G,38,73 1 126 254,1698,256,True
peppers,G,39,174 238 6 10,1752,256,True
peppers,G,40,172 68 228 160,1864,256,True
peppers,G,41,187 253 112 224,1884,256,True
peppers,G,42,130 124 77 78,1772,256,True
peppers,G,43,48 50 231 229,1852,256,True
peppers,G,44,87 158 225 105,1824,256,True
peppers,G,45,191 175 245 163,1740,256,True
peppers,G,46,108 25 3 49,1656,256,True
peppers,G,47,200 215 11 209,1906,256,True
peppers,G,48,180 212 97 237,1910,256,True
peppers,G,49,198 143 226 81,1638,256,True
peppers,G,50,178 9 244 207,1720,256,True
peppers,G,51,208 64 203 193,1684,256,True
peppers,G,52,121 211 171 5,1736,256,True
peppers,G,53,157 152 86 182,1886,256,True
peppers,G,54,20 139 123 83,1742,256,True
peppers,G,55,173 71 159 148,1482,256,True
peppers,G,56,181 142 2 45,1852,256,True
peppers,G,57,119 89 221 202,1906,256,True
peppers,G,58,183 248 60 61,1812,256,True
peppers,G,59,76 206 69 232,1818,256,True
peppers,G,60,41 246 166 255,1902,256,True
peppers,G,61,55 197 114 146,1692,256,True
peppers,G,62,51 185 235 242,1794,256,True
peppers,G,63,218 17 42 29,1724,256,True
peppers,B,0,211 182 222 149,1594,256,True
peppers,B,1,76 210 61 72,1696,256,True
peppers,B,2,220 234 134 224,1722,256,True
peppers,B,3,27 175 168 115,1748,256,True
peppers,B,4,8 9 17 229,1870,256,True
peppers,B,5,187 249 51 79,1650,256,True
peppers,B,6,140 74 102 132,1804,256,True
peppers,B,7,177 225 88 87,1788,256,True
peppers,B,8,196 141 173 166,1734,256,True
peppers,B,9,214 108 26 164,1632,256,True
peppers,B,10,203 46 65 93,1646,256,True
peppers,B,11,190 3 111 237,1786,256,True
peppers,B,12,242 96 35 81,1690,256,True
peppers,B,13,36 38 16 185,1910,256,True
peppers,B,14,106 206 59 32,1784,256,True
peppers,B,15,30 55 213 169,1896,256,True
peppers,B,16,201 184 208 66,1768,256,True
peppers,B,17,162 80 64 235,1646,256,True
peppers,B,18,86 48 101 13,1788,256,True
peppers,B,19,6 47 71 34,1820,256,True
peppers,B,20,233 112 82 23,1760,256,True
peppers,B,21,163 7 4 75,1926,256,True
peppers,B,22,120 29 215 223,1746,256,True
peppers,B,23,151 130 62 24,1914,256,True
peppers,B,24,57 248 204 254,1856,256,True
peppers,B,25,241 97 240 63,1714,256,True
peppers,B,26,245 148 144 37,1544,256,True
peppers,B,27,139 94 67 89,1888,256,True
peppers,B,28,228 193 83 95,1776,256,True
peppers,B,29,28 99 128 41,1714,256,True
peppers,B,30,114 118 191 54,1868,256,True
peppers,B,31,189 238 21 39,1882,256,True
peppers,B,32,243 178 202 50,1656,256,True
peppers,B,33,116 25 250 124,1768,256,True
peppers,B,34,84 218 60 117,1934,256,True
peppers,B,35,160 33 103 1,1852,256,True
peppers,B,36,252 155 11 231,1666,256,True
peppers,B,37,49 19 158 113,1832,256,True
peppers,B,38,174 194 165 167,1892,256,True
peppers,B,39,147 105 247 135,1796,256,True
peppers,B,40,246 107 20 138,1694,256,True
peppers,B,41,143 58 137 90,1862,256,True
peppers,B,42,153 226 179 216,1886,256,True
peppers,B,43,100 157 126 146,1718,256,True
peppers,B,44,77 205 188 239,1706,256,True
peppers,B,45,43 219 104 209,1910,256,True
peppers,B,46,73 156 212 236,1658,256,True
peppers,B,47,227 125 152 171,1860,256,True
peppers,B,48,70 197 154 251,1486,256,True
peppers,B,49,145 161 122 42,1546,256,True
peppers,B,50,133 230 45 110,1534,256,True
peppers,B,51,18 221 40 31,1820,256,True
peppers,B,52,91 142 123 255,1746,256,True
peppers,B,53,52 195 121 22,1968,256,True
peppers,B,54,199 12 78 10,1838,256,True
peppers,B,55,68 119 5 217,1828,256,True
peppers,B,56,2 181 85 244,1746,256,True
peppers,B,57,98 172 232 56,1734,256,True
peppers,B,58,176 253 180 15,1596,256,True
peppers,B,59,198 109 127 159,2002,256,True
peppers,B,60,14 207 170 183,1802,256,True
peppers,B,61,53 69 131 92,1870,256,True
peppers,B,62,136 150 44 200,1770,256,True
peppers,B,63,186 192 129 0,1700,256,True
