image,block_size,stage,channel,entropy_bits,histogram_bins,sample_count,formula
airplane,32,final_marked_image,R,7.135636527,256,262144,H=-sum(p(i)*log2(p(i)))
airplane,32,final_marked_image,G,7.180702424,256,262144,H=-sum(p(i)*log2(p(i)))
airplane,32,final_marked_image,B,6.784789838,256,262144,H=-sum(p(i)*log2(p(i)))
airplane,32,final_marked_image,RGB_pooled,7.064999369,256,786432,H=-sum(p(i)*log2(p(i)))
baboon,32,final_marked_image,R,7.807437634,256,262144,H=-sum(p(i)*log2(p(i)))
baboon,32,final_marked_image,G,7.683203666,256,262144,H=-sum(p(i)*log2(p(i)))
baboon,32,final_marked_image,B,7.842778310,256,262144,H=-sum(p(i)*log2(p(i)))
baboon,32,final_marked_image,RGB_pooled,7.854161678,256,786432,H=-sum(p(i)*log2(p(i)))
couple,32,final_marked_image,R,6.758240761,256,262144,H=-sum(p(i)*log2(p(i)))
couple,32,final_marked_image,G,6.307566009,256,262144,H=-sum(p(i)*log2(p(i)))
couple,32,final_marked_image,B,6.192004474,256,262144,H=-sum(p(i)*log2(p(i)))
couple,32,final_marked_image,RGB_pooled,6.463652151,256,786432,H=-sum(p(i)*log2(p(i)))
girl,32,final_marked_image,R,7.428313126,256,262144,H=-sum(p(i)*log2(p(i)))
girl,32,final_marked_image,G,7.077189296,256,262144,H=-sum(p(i)*log2(p(i)))
girl,32,final_marked_image,B,6.942157102,256,262144,H=-sum(p(i)*log2(p(i)))
girl,32,final_marked_image,RGB_pooled,7.231297119,256,786432,H=-sum(p(i)*log2(p(i)))
lena,32,final_marked_image,R,7.434802831,256,262144,H=-sum(p(i)*log2(p(i)))
lena,32,final_marked_image,G,7.746658523,256,262144,H=-sum(p(i)*log2(p(i)))
lena,32,final_marked_image,B,7.350288629,256,262144,H=-sum(p(i)*log2(p(i)))
lena,32,final_marked_image,RGB_pooled,7.861728222,256,786432,H=-sum(p(i)*log2(p(i)))
peppers,32,final_marked_image,R,7.583238681,256,262144,H=-sum(p(i)*log2(p(i)))
peppers,32,final_marked_image,G,7.630465959,256,262144,H=-sum(p(i)*log2(p(i)))
peppers,32,final_marked_image,B,7.239497768,256,262144,H=-sum(p(i)*log2(p(i)))
peppers,32,final_marked_image,RGB_pooled,7.761418610,256,786432,H=-sum(p(i)*log2(p(i)))
