method,image_id,source_filename,input_file_sha256,block_size,variant,key_fixture_label,key_fixture_sha256,image_id_fixture_label,image_id_fixture_sha256,different_image_id_fixture_sha256,payload_size_bits,random_seed,modified_input_rgb_sha256,modified_final_output_rgb_sha256,modified_recovered_rgb_sha256,npcr_percent,uaci_percent,encrypted_entropy,entropy_aggregation,encrypted_correlation,correlation_aggregation,recovery_error,recovery_ssim,encryption_time_seconds,decryption_time_seconds,exact_recovery,payload_recovered,notes
authenticated_tpe,airplane,airplane.tif,515d0a5105047916be9faed513330046be41a61f4b155e854731e512ce1f4c4a,32,fixed_image_id_changed_plaintext,public TEST_KEY bytes(range(32)),630dcd2966c4336691125448bbb25b4ff412a49c732db2c8abc1b8581bd710dd,same deterministic ImageID as clean baseline,f89e7350eedf528814f905068170ca47d04b427b001065b0e2e4f9b10d856862,not_applicable,not_applicable,not_applicable; deterministic HMAC_DRBG,6ad974d55d4583e8cc8fb82bf13bae1e7a4997b01076cea2291951a263695103,2ab725b58b4711376bd06a97ceca6631598e1591cafb3b08ccd3817ef488f2f9,6ad974d55d4583e8cc8fb82bf13bae1e7a4997b01076cea2291951a263695103,1.106389364,0.009371689,7.033703058,arithmetic mean of per-channel Shannon entropies; see entropy_results.csv,0.553907765,arithmetic mean of 9 sampled RGB channel x direction coefficients; see correlation_results.csv,0,1.000000000,1.777841249,1.946822791,True,not_applicable,same TEST_KEY and fixed ImageID; one top-left R sample per 32x32 block changed by +/-1; mode=group
authenticated_tpe,airplane,airplane.tif,515d0a5105047916be9faed513330046be41a61f4b155e854731e512ce1f4c4a,32,image_specific_different_id_changed_plaintext,public TEST_KEY bytes(range(32)),630dcd2966c4336691125448bbb25b4ff412a49c732db2c8abc1b8581bd710dd,changed-plaintext deterministic ImageID,989f15920d668849b4b774dd1a9a3ea12dc0f5164a336f99ae2e7aa19371064f,989f15920d668849b4b774dd1a9a3ea12dc0f5164a336f99ae2e7aa19371064f,not_applicable,not_applicable; deterministic HMAC_DRBG,6ad974d55d4583e8cc8fb82bf13bae1e7a4997b01076cea2291951a263695103,1855c9cf743073022cb99866e511fd36a7c9bc145383c8854afaa2e9ea369c22,6ad974d55d4583e8cc8fb82bf13bae1e7a4997b01076cea2291951a263695103,97.197087606,9.157433603,7.033764917,arithmetic mean of per-channel Shannon entropies; see entropy_results.csv,0.553907765,arithmetic mean of 9 sampled RGB channel x direction coefficients; see correlation_results.csv,0,1.000000000,1.749294001,1.928872750,True,not_applicable,same TEST_KEY; changed plaintext uses a different deterministic ImageID; mode=group
authenticated_tpe,baboon,baboon.tif,cd4456f2562dc352acee627428eb4e2ccaed5f53082ce0838d9fff6b8a3e3517,32,fixed_image_id_changed_plaintext,public TEST_KEY bytes(range(32)),630dcd2966c4336691125448bbb25b4ff412a49c732db2c8abc1b8581bd710dd,same deterministic ImageID as clean baseline,a5242a73ea647fe2a692bf37139d0c6ecb756737f2650a1296aac6315b84cc90,not_applicable,not_applicable,not_applicable; deterministic HMAC_DRBG,3fd6ae33177b33c4ee99e85d026cfab3a2d596fc3e6e2235ed385773663d4be3,d62a4f62753f694d4f64ca6af4cc9bb3f8bff1061ad56ce9233b0e47adf94467,3fd6ae33177b33c4ee99e85d026cfab3a2d596fc3e6e2235ed385773663d4be3,1.104227702,0.010354036,7.777769758,arithmetic mean of per-channel Shannon entropies; see entropy_results.csv,0.586416434,arithmetic mean of 9 sampled RGB channel x direction coefficients; see correlation_results.csv,0,1.000000000,1.786750416,1.956408542,True,not_applicable,same TEST_KEY and fixed ImageID; one top-left R sample per 32x32 block changed by +/-1; mode=group
authenticated_tpe,baboon,baboon.tif,cd4456f2562dc352acee627428eb4e2ccaed5f53082ce0838d9fff6b8a3e3517,32,image_specific_different_id_changed_plaintext,public TEST_KEY bytes(range(32)),630dcd2966c4336691125448bbb25b4ff412a49c732db2c8abc1b8581bd710dd,changed-plaintext deterministic ImageID,7caa71bfa346c54157138625da4c5e7a7925d0d2a2f8e22d3286499cc2049aef,7caa71bfa346c54157138625da4c5e7a7925d0d2a2f8e22d3286499cc2049aef,not_applicable,not_applicable; deterministic HMAC_DRBG,3fd6ae33177b33c4ee99e85d026cfab3a2d596fc3e6e2235ed385773663d4be3,d51b3866ab469230ae941e7306fbfd02f1932c4742dcabc1b441aad533c02c86,3fd6ae33177b33c4ee99e85d026cfab3a2d596fc3e6e2235ed385773663d4be3,97.428258260,10.691447538,7.777670302,arithmetic mean of per-channel Shannon entropies; see entropy_results.csv,0.586416434,arithmetic mean of 9 sampled RGB channel x direction coefficients; see correlation_results.csv,0,1.000000000,1.775992834,2.001301083,True,not_applicable,same TEST_KEY; changed plaintext uses a different deterministic ImageID; mode=group
authenticated_tpe,couple,couple.tif,e1760e29f10762fe60349e2848b01065b69784d04848606dd8644b6a9a893288,32,fixed_image_id_changed_plaintext,public TEST_KEY bytes(range(32)),630dcd2966c4336691125448bbb25b4ff412a49c732db2c8abc1b8581bd710dd,same deterministic ImageID as clean baseline,4bf7e9d5d5fc87486b8dc6cb260099f55b8921302127c8f2cfbb7144159fe6f6,not_applicable,not_applicable,not_applicable; deterministic HMAC_DRBG,62a132a9711d201ad7f8056a0f6fd16c961fc7a79cefa1f25015255422c9c1a6,12e320e972d64acda71d394bd3d69310c3cba9c1632c324bca1dfe9858a21bcd,62a132a9711d201ad7f8056a0f6fd16c961fc7a79cefa1f25015255422c9c1a6,1.100794474,0.006749272,6.419336073,arithmetic mean of per-channel Shannon entropies; see entropy_results.csv,0.814021029,arithmetic mean of 9 sampled RGB channel x direction coefficients; see correlation_results.csv,0,1.000000000,1.869437709,2.135869166,True,not_applicable,same TEST_KEY and fixed ImageID; one top-left R sample per 32x32 block changed by +/-1; mode=group
authenticated_tpe,couple,couple.tif,e1760e29f10762fe60349e2848b01065b69784d04848606dd8644b6a9a893288,32,image_specific_different_id_changed_plaintext,public TEST_KEY bytes(range(32)),630dcd2966c4336691125448bbb25b4ff412a49c732db2c8abc1b8581bd710dd,changed-plaintext deterministic ImageID,e301f494a230f4180c1f51500f8fc8b457adb3c196912464601aa7942f52a57c,e301f494a230f4180c1f51500f8fc8b457adb3c196912464601aa7942f52a57c,not_applicable,not_applicable; deterministic HMAC_DRBG,62a132a9711d201ad7f8056a0f6fd16c961fc7a79cefa1f25015255422c9c1a6,ae4bcd26def4a4edcca66df2231466c63260aaf6a5302f13a8fd2e4890eb659b,62a132a9711d201ad7f8056a0f6fd16c961fc7a79cefa1f25015255422c9c1a6,83.731460571,3.936873293,6.419604025,arithmetic mean of per-channel Shannon entropies; see entropy_results.csv,0.814021029,arithmetic mean of 9 sampled RGB channel x direction coefficients; see correlation_results.csv,0,1.000000000,1.868273791,2.135067833,True,not_applicable,same TEST_KEY; changed plaintext uses a different deterministic ImageID; mode=group
authenticated_tpe,girl,girl.tif,d044fcfbea02123efdc167e596f45e839c39c2e1ca2ff841710ef4db15bc4dfb,32,fixed_image_id_changed_plaintext,public TEST_KEY bytes(range(32)),630dcd2966c4336691125448bbb25b4ff412a49c732db2c8abc1b8581bd710dd,same deterministic ImageID as clean baseline,7152b91b6e156fcdf5a94aad147f67eb5240650897f9f55cf8ea0c48f992372b,not_applicable,not_applicable,not_applicable; deterministic HMAC_DRBG,11b73a5b2781aed97487e539e921bd4bbed38591e615f5dda22c0f5e9e495f68,7ceec97d3b6391bddd1a9963aaed9bec3de433d4146ea2e4322934f7a58e5b74,11b73a5b2781aed97487e539e921bd4bbed38591e615f5dda22c0f5e9e495f68,1.114400228,0.008563372,7.149246398,arithmetic mean of per-channel Shannon entropies; see entropy_results.csv,0.800930522,arithmetic mean of 9 sampled RGB channel x direction coefficients; see correlation_results.csv,0,1.000000000,1.791446084,1.992578792,True,not_applicable,same TEST_KEY and fixed ImageID; one top-left R sample per 32x32 block changed by +/-1; mode=group
authenticated_tpe,girl,girl.tif,d044fcfbea02123efdc167e596f45e839c39c2e1ca2ff841710ef4db15bc4dfb,32,image_specific_different_id_changed_plaintext,public TEST_KEY bytes(range(32)),630dcd2966c4336691125448bbb25b4ff412a49c732db2c8abc1b8581bd710dd,changed-plaintext deterministic ImageID,9803ba2502d0290bd6d96ce345de948613ffe3b1cc4d0b096c12350f5eb5673a,9803ba2502d0290bd6d96ce345de948613ffe3b1cc4d0b096c12350f5eb5673a,not_applicable,not_applicable; deterministic HMAC_DRBG,11b73a5b2781aed97487e539e921bd4bbed38591e615f5dda22c0f5e9e495f68,620988b615ce5c11191d55552d550cf6f77e42a9002e7ea0776768048b5870ff,11b73a5b2781aed97487e539e921bd4bbed38591e615f5dda22c0f5e9e495f68,91.629791260,6.204352285,7.149742107,arithmetic mean of per-channel Shannon entropies; see entropy_results.csv,0.800930522,arithmetic mean of 9 sampled RGB channel x direction coefficients; see correlation_results.csv,0,1.000000000,1.810777041,1.988477125,True,not_applicable,same TEST_KEY; changed plaintext uses a different deterministic ImageID; mode=group
authenticated_tpe,lena,lena.tif,d5cd280e7e970a31828fe2c91ead6c8ce3ea257d04b6eabbd8e254c6e1cce255,32,fixed_image_id_changed_plaintext,public TEST_KEY bytes(range(32)),630dcd2966c4336691125448bbb25b4ff412a49c732db2c8abc1b8581bd710dd,same deterministic ImageID as clean baseline,a2bbaf1c0727fd94c070d96f45056cae9c5444a844567090d0188203afe886c2,not_applicable,not_applicable,not_applicable; deterministic HMAC_DRBG,d8fb70c8fd425921405d0cf4dde4e3aa270d49f752bbd0fca9b92ad232c0c3e3,a862c176b71c1e1cc5881aab9682c6611fcc58a6dc520e81cc91568049a5450c,d8fb70c8fd425921405d0cf4dde4e3aa270d49f752bbd0fca9b92ad232c0c3e3,1.116307576,0.010526071,7.510588041,arithmetic mean of per-channel Shannon entropies; see entropy_results.csv,0.616837755,arithmetic mean of 9 sampled RGB channel x direction coefficients; see correlation_results.csv,0,1.000000000,1.758457250,1.931564958,True,not_applicable,same TEST_KEY and fixed ImageID; one top-left R sample per 32x32 block changed by +/-1; mode=group
authenticated_tpe,lena,lena.tif,d5cd280e7e970a31828fe2c91ead6c8ce3ea257d04b6eabbd8e254c6e1cce255,32,image_specific_different_id_changed_plaintext,public TEST_KEY bytes(range(32)),630dcd2966c4336691125448bbb25b4ff412a49c732db2c8abc1b8581bd710dd,changed-plaintext deterministic ImageID,cddbc1183ddb9477187a7175ee06c1fdd1c5fc1339740c29e9fa3f5b85a067d3,cddbc1183ddb9477187a7175ee06c1fdd1c5fc1339740c29e9fa3f5b85a067d3,not_applicable,not_applicable; deterministic HMAC_DRBG,d8fb70c8fd425921405d0cf4dde4e3aa270d49f752bbd0fca9b92ad232c0c3e3,29562026cd6bd9e2ea4b2455ee371d5bd684ca26c52cbcd44e7bffd57da688ed,d8fb70c8fd425921405d0cf4dde4e3aa270d49f752bbd0fca9b92ad232c0c3e3,97.258631388,9.846384385,7.510132263,arithmetic mean of per-channel Shannon entropies; see entropy_results.csv,0.616837755,arithmetic mean of 9 sampled RGB channel x direction coefficients; see correlation_results.csv,0,1.000000000,1.771814791,1.941308334,True,not_applicable,same TEST_KEY; changed plaintext uses a different deterministic ImageID; mode=group
authenticated_tpe,peppers,peppers.tif,208e8c6542e91a1b3d7d9457626b7577fc0d21affeb800435858cc83f2537649,32,fixed_image_id_changed_plaintext,public TEST_KEY bytes(range(32)),630dcd2966c4336691125448bbb25b4ff412a49c732db2c8abc1b8581bd710dd,same deterministic ImageID as clean baseline,0c121f7dfa0a7b47598c1286e9c94c68fc37f9b70af26de822dd89a62e2f3afd,not_applicable,not_applicable,not_applicable; deterministic HMAC_DRBG,72dafadc3151376ac872c1152787f6930f50d1c301669a29b2c0aa713eb4f715,480b3ff62faf8f56319fae6c68daa041c1c45e246605a7be107bffb764595cb5,72dafadc3151376ac872c1152787f6930f50d1c301669a29b2c0aa713eb4f715,1.101048787,0.010383955,7.484466112,arithmetic mean of per-channel Shannon entropies; see entropy_results.csv,0.752009830,arithmetic mean of 9 sampled RGB channel x direction coefficients; see correlation_results.csv,0,1.000000000,1.776305541,1.945386834,True,not_applicable,same TEST_KEY and fixed ImageID; one top-left R sample per 32x32 block changed by +/-1; mode=group
authenticated_tpe,peppers,peppers.tif,208e8c6542e91a1b3d7d9457626b7577fc0d21affeb800435858cc83f2537649,32,image_specific_different_id_changed_plaintext,public TEST_KEY bytes(range(32)),630dcd2966c4336691125448bbb25b4ff412a49c732db2c8abc1b8581bd710dd,changed-plaintext deterministic ImageID,50b4b8dde291757251c48df72d3a317e3c83a25d66cdc365226116003d3cf079,50b4b8dde291757251c48df72d3a317e3c83a25d66cdc365226116003d3cf079,not_applicable,not_applicable; deterministic HMAC_DRBG,72dafadc3151376ac872c1152787f6930f50d1c301669a29b2c0aa713eb4f715,7b56a66e2dee46d06e8f5f491abe0b8dc4848daa07e2f122a8c0c6fdc575c78f,72dafadc3151376ac872c1152787f6930f50d1c301669a29b2c0aa713eb4f715,93.980280558,8.373573154,7.484314841,arithmetic mean of per-channel Shannon entropies; see entropy_results.csv,0.752009830,arithmetic mean of 9 sampled RGB channel x direction coefficients; see correlation_results.csv,0,1.000000000,1.761498292,1.939012500,True,not_applicable,same TEST_KEY; changed plaintext uses a different deterministic ImageID; mode=group
