test_name,test_label,test_component,component_label,streams,pass,fail,not_applicable,pass_proportion
Frequency,Frequency Test,1,component=1,100,99,1,0,0.99
BlockFrequency,Block Frequency Test,1,component=1,100,100,0,0,1.0
CumulativeSums,Cumulative Sums Test,1,forward,100,99,1,0,0.99
CumulativeSums,Cumulative Sums Test,2,reverse,100,99,1,0,0.99
Runs,Runs Test,1,component=1,100,99,1,0,0.99
LongestRun,Longest Run of Ones Test,1,component=1,100,99,1,0,0.99
Rank,Binary Matrix Rank Test,1,component=1,100,97,3,0,0.97
FFT,Discrete Fourier Transform Test,1,component=1,100,99,1,0,0.99
NonOverlappingTemplate,Non-overlapping Template Matching Test,1,template=1,100,100,0,0,1.0
NonOverlappingTemplate,Non-overlapping Template Matching Test,2,template=2,100,100,0,0,1.0
NonOverlappingTemplate,Non-overlapping Template Matching Test,3,template=3,100,97,3,0,0.97
NonOverlappingTemplate,Non-overlapping Template Matching Test,4,template=4,100,100,0,0,1.0
NonOverlappingTemplate,Non-overlapping Template Matching Test,5,template=5,100,100,0,0,1.0
NonOverlappingTemplate,Non-overlapping Template Matching Test,6,template=6,100,100,0,0,1.0
NonOverlappingTemplate,Non-overlapping Template Matching Test,7,template=7,100,99,1,0,0.99
NonOverlappingTemplate,Non-overlapping Template Matching Test,8,template=8,100,100,0,0,1.0
NonOverlappingTemplate,Non-overlapping Template Matching Test,9,template=9,100,98,2,0,0.98
NonOverlappingTemplate,Non-overlapping Template Matching Test,10,template=10,100,100,0,0,1.0
NonOverlappingTemplate,Non-overlapping Template Matching Test,11,template=11,100,99,1,0,0.99
NonOverlappingTemplate,Non-overlapping Template Matching Test,12,template=12,100,100,0,0,1.0
NonOverlappingTemplate,Non-overlapping Template Matching Test,13,template=13,100,99,1,0,0.99
NonOverlappingTemplate,Non-overlapping Template Matching Test,14,template=14,100,100,0,0,1.0
NonOverlappingTemplate,Non-overlapping Template Matching Test,15,template=15,100,98,2,0,0.98
NonOverlappingTemplate,Non-overlapping Template Matching Test,16,template=16,100,100,0,0,1.0
NonOverlappingTemplate,Non-overlapping Template Matching Test,17,template=17,100,99,1,0,0.99
NonOverlappingTemplate,Non-overlapping Template Matching Test,18,template=18,100,99,1,0,0.99
NonOverlappingTemplate,Non-overlapping Template Matching Test,19,template=19,100,99,1,0,0.99
NonOverlappingTemplate,Non-overlapping Template Matching Test,20,template=20,100,99,1,0,0.99
NonOverlappingTemplate,Non-overlapping Template Matching Test,21,template=21,100,99,1,0,0.99
NonOverlappingTemplate,Non-overlapping Template Matching Test,22,template=22,100,100,0,0,1.0
NonOverlappingTemplate,Non-overlapping Template Matching Test,23,template=23,100,98,2,0,0.98
NonOverlappingTemplate,Non-overlapping Template Matching Test,24,template=24,100,100,0,0,1.0
NonOverlappingTemplate,Non-overlapping Template Matching Test,25,template=25,100,96,4,0,0.96
NonOverlappingTemplate,Non-overlapping Template Matching Test,26,template=26,100,100,0,0,1.0
NonOverlappingTemplate,Non-overlapping Template Matching Test,27,template=27,100,99,1,0,0.99
NonOverlappingTemplate,Non-overlapping Template Matching Test,28,template=28,100,97,3,0,0.97
NonOverlappingTemplate,Non-overlapping Template Matching Test,29,template=29,100,99,1,0,0.99
NonOverlappingTemplate,Non-overlapping Template Matching Test,30,template=30,100,99,1,0,0.99
NonOverlappingTemplate,Non-overlapping Template Matching Test,31,template=31,100,100,0,0,1.0
NonOverlappingTemplate,Non-overlapping Template Matching Test,32,template=32,100,99,1,0,0.99
NonOverlappingTemplate,Non-overlapping Template Matching Test,33,template=33,100,99,1,0,0.99
NonOverlappingTemplate,Non-overlapping Template Matching Test,34,template=34,100,100,0,0,1.0
NonOverlappingTemplate,Non-overlapping Template Matching Test,35,template=35,100,96,4,0,0.96
NonOverlappingTemplate,Non-overlapping Template Matching Test,36,template=36,100,99,1,0,0.99
NonOverlappingTemplate,Non-overlapping Template Matching Test,37,template=37,100,100,0,0,1.0
NonOverlappingTemplate,Non-overlapping Template Matching Test,38,template=38,100,98,2,0,0.98
NonOverlappingTemplate,Non-overlapping Template Matching Test,39,template=39,100,99,1,0,0.99
NonOverlappingTemplate,Non-overlapping Template Matching Test,40,template=40,100,99,1,0,0.99
NonOverlappingTemplate,Non-overlapping Template Matching Test,41,template=41,100,99,1,0,0.99
NonOverlappingTemplate,Non-overlapping Template Matching Test,42,template=42,100,100,0,0,1.0
NonOverlappingTemplate,Non-overlapping Template Matching Test,43,template=43,100,100,0,0,1.0
NonOverlappingTemplate,Non-overlapping Template Matching Test,44,template=44,100,97,3,0,0.97
NonOverlappingTemplate,Non-overlapping Template Matching Test,45,template=45,100,97,3,0,0.97
NonOverlappingTemplate,Non-overlapping Template Matching Test,46,template=46,100,99,1,0,0.99
NonOverlappingTemplate,Non-overlapping Template Matching Test,47,template=47,100,99,1,0,0.99
NonOverlappingTemplate,Non-overlapping Template Matching Test,48,template=48,100,99,1,0,0.99
NonOverlappingTemplate,Non-overlapping Template Matching Test,49,template=49,100,100,0,0,1.0
NonOverlappingTemplate,Non-overlapping Template Matching Test,50,template=50,100,99,1,0,0.99
NonOverlappingTemplate,Non-overlapping Template Matching Test,51,template=51,100,99,1,0,0.99
NonOverlappingTemplate,Non-overlapping Template Matching Test,52,template=52,100,99,1,0,0.99
NonOverlappingTemplate,Non-overlapping Template Matching Test,53,template=53,100,100,0,0,1.0
NonOverlappingTemplate,Non-overlapping Template Matching Test,54,template=54,100,100,0,0,1.0
NonOverlappingTemplate,Non-overlapping Template Matching Test,55,template=55,100,100,0,0,1.0
NonOverlappingTemplate,Non-overlapping Template Matching Test,56,template=56,100,99,1,0,0.99
NonOverlappingTemplate,Non-overlapping Template Matching Test,57,template=57,100,99,1,0,0.99
NonOverlappingTemplate,Non-overlapping Template Matching Test,58,template=58,100,100,0,0,1.0
NonOverlappingTemplate,Non-overlapping Template Matching Test,59,template=59,100,98,2,0,0.98
NonOverlappingTemplate,Non-overlapping Template Matching Test,60,template=60,100,98,2,0,0.98
NonOverlappingTemplate,Non-overlapping Template Matching Test,61,template=61,100,95,5,0,0.95
NonOverlappingTemplate,Non-overlapping Template Matching Test,62,template=62,100,96,4,0,0.96
NonOverlappingTemplate,Non-overlapping Template Matching Test,63,template=63,100,100,0,0,1.0
NonOverlappingTemplate,Non-overlapping Template Matching Test,64,template=64,100,98,2,0,0.98
NonOverlappingTemplate,Non-overlapping Template Matching Test,65,template=65,100,99,1,0,0.99
NonOverlappingTemplate,Non-overlapping Template Matching Test,66,template=66,100,99,1,0,0.99
NonOverlappingTemplate,Non-overlapping Template Matching Test,67,template=67,100,97,3,0,0.97
NonOverlappingTemplate,Non-overlapping Template Matching Test,68,template=68,100,100,0,0,1.0
NonOverlappingTemplate,Non-overlapping Template Matching Test,69,template=69,100,99,1,0,0.99
NonOverlappingTemplate,Non-overlapping Template Matching Test,70,template=70,100,98,2,0,0.98
NonOverlappingTemplate,Non-overlapping Template Matching Test,71,template=71,100,100,0,0,1.0
NonOverlappingTemplate,Non-overlapping Template Matching Test,72,template=72,100,98,2,0,0.98
NonOverlappingTemplate,Non-overlapping Template Matching Test,73,template=73,100,97,3,0,0.97
NonOverlappingTemplate,Non-overlapping Template Matching Test,74,template=74,100,99,1,0,0.99
NonOverlappingTemplate,Non-overlapping Template Matching Test,75,template=75,100,100,0,0,1.0
NonOverlappingTemplate,Non-overlapping Template Matching Test,76,template=76,100,100,0,0,1.0
NonOverlappingTemplate,Non-overlapping Template Matching Test,77,template=77,100,99,1,0,0.99
NonOverlappingTemplate,Non-overlapping Template Matching Test,78,template=78,100,99,1,0,0.99
NonOverlappingTemplate,Non-overlapping Template Matching Test,79,template=79,100,100,0,0,1.0
NonOverlappingTemplate,Non-overlapping Template Matching Test,80,template=80,100,100,0,0,1.0
NonOverlappingTemplate,Non-overlapping Template Matching Test,81,template=81,100,98,2,0,0.98
NonOverlappingTemplate,Non-overlapping Template Matching Test,82,template=82,100,99,1,0,0.99
NonOverlappingTemplate,Non-overlapping Template Matching Test,83,template=83,100,100,0,0,1.0
NonOverlappingTemplate,Non-overlapping Template Matching Test,84,template=84,100,99,1,0,0.99
NonOverlappingTemplate,Non-overlapping Template Matching Test,85,template=85,100,99,1,0,0.99
NonOverlappingTemplate,Non-overlapping Template Matching Test,86,template=86,100,99,1,0,0.99
NonOverlappingTemplate,Non-overlapping Template Matching Test,87,template=87,100,99,1,0,0.99
NonOverlappingTemplate,Non-overlapping Template Matching Test,88,template=88,100,99,1,0,0.99
NonOverlappingTemplate,Non-overlapping Template Matching Test,89,template=89,100,100,0,0,1.0
NonOverlappingTemplate,Non-overlapping Template Matching Test,90,template=90,100,99,1,0,0.99
NonOverlappingTemplate,Non-overlapping Template Matching Test,91,template=91,100,100,0,0,1.0
NonOverlappingTemplate,Non-overlapping Template Matching Test,92,template=92,100,99,1,0,0.99
NonOverlappingTemplate,Non-overlapping Template Matching Test,93,template=93,100,100,0,0,1.0
NonOverlappingTemplate,Non-overlapping Template Matching Test,94,template=94,100,100,0,0,1.0
NonOverlappingTemplate,Non-overlapping Template Matching Test,95,template=95,100,99,1,0,0.99
NonOverlappingTemplate,Non-overlapping Template Matching Test,96,template=96,100,100,0,0,1.0
NonOverlappingTemplate,Non-overlapping Template Matching Test,97,template=97,100,98,2,0,0.98
NonOverlappingTemplate,Non-overlapping Template Matching Test,98,template=98,100,99,1,0,0.99
NonOverlappingTemplate,Non-overlapping Template Matching Test,99,template=99,100,98,2,0,0.98
NonOverlappingTemplate,Non-overlapping Template Matching Test,100,template=100,100,98,2,0,0.98
NonOverlappingTemplate,Non-overlapping Template Matching Test,101,template=101,100,97,3,0,0.97
NonOverlappingTemplate,Non-overlapping Template Matching Test,102,template=102,100,99,1,0,0.99
NonOverlappingTemplate,Non-overlapping Template Matching Test,103,template=103,100,100,0,0,1.0
NonOverlappingTemplate,Non-overlapping Template Matching Test,104,template=104,100,100,0,0,1.0
NonOverlappingTemplate,Non-overlapping Template Matching Test,105,template=105,100,100,0,0,1.0
NonOverlappingTemplate,Non-overlapping Template Matching Test,106,template=106,100,100,0,0,1.0
NonOverlappingTemplate,Non-overlapping Template Matching Test,107,template=107,100,100,0,0,1.0
NonOverlappingTemplate,Non-overlapping Template Matching Test,108,template=108,100,99,1,0,0.99
NonOverlappingTemplate,Non-overlapping Template Matching Test,109,template=109,100,100,0,0,1.0
NonOverlappingTemplate,Non-overlapping Template Matching Test,110,template=110,100,99,1,0,0.99
NonOverlappingTemplate,Non-overlapping Template Matching Test,111,template=111,100,98,2,0,0.98
NonOverlappingTemplate,Non-overlapping Template Matching Test,112,template=112,100,100,0,0,1.0
NonOverlappingTemplate,Non-overlapping Template Matching Test,113,template=113,100,98,2,0,0.98
NonOverlappingTemplate,Non-overlapping Template Matching Test,114,template=114,100,100,0,0,1.0
NonOverlappingTemplate,Non-overlapping Template Matching Test,115,template=115,100,98,2,0,0.98
NonOverlappingTemplate,Non-overlapping Template Matching Test,116,template=116,100,99,1,0,0.99
NonOverlappingTemplate,Non-overlapping Template Matching Test,117,template=117,100,98,2,0,0.98
NonOverlappingTemplate,Non-overlapping Template Matching Test,118,template=118,100,98,2,0,0.98
NonOverlappingTemplate,Non-overlapping Template Matching Test,119,template=119,100,100,0,0,1.0
NonOverlappingTemplate,Non-overlapping Template Matching Test,120,template=120,100,98,2,0,0.98
NonOverlappingTemplate,Non-overlapping Template Matching Test,121,template=121,100,99,1,0,0.99
NonOverlappingTemplate,Non-overlapping Template Matching Test,122,template=122,100,96,4,0,0.96
NonOverlappingTemplate,Non-overlapping Template Matching Test,123,template=123,100,100,0,0,1.0
NonOverlappingTemplate,Non-overlapping Template Matching Test,124,template=124,100,100,0,0,1.0
NonOverlappingTemplate,Non-overlapping Template Matching Test,125,template=125,100,100,0,0,1.0
NonOverlappingTemplate,Non-overlapping Template Matching Test,126,template=126,100,99,1,0,0.99
NonOverlappingTemplate,Non-overlapping Template Matching Test,127,template=127,100,98,2,0,0.98
NonOverlappingTemplate,Non-overlapping Template Matching Test,128,template=128,100,99,1,0,0.99
NonOverlappingTemplate,Non-overlapping Template Matching Test,129,template=129,100,100,0,0,1.0
NonOverlappingTemplate,Non-overlapping Template Matching Test,130,template=130,100,100,0,0,1.0
NonOverlappingTemplate,Non-overlapping Template Matching Test,131,template=131,100,99,1,0,0.99
NonOverlappingTemplate,Non-overlapping Template Matching Test,132,template=132,100,99,1,0,0.99
NonOverlappingTemplate,Non-overlapping Template Matching Test,133,template=133,100,99,1,0,0.99
NonOverlappingTemplate,Non-overlapping Template Matching Test,134,template=134,100,100,0,0,1.0
NonOverlappingTemplate,Non-overlapping Template Matching Test,135,template=135,100,100,0,0,1.0
NonOverlappingTemplate,Non-overlapping Template Matching Test,136,template=136,100,98,2,0,0.98
NonOverlappingTemplate,Non-overlapping Template Matching Test,137,template=137,100,96,4,0,0.96
NonOverlappingTemplate,Non-overlapping Template Matching Test,138,template=138,100,100,0,0,1.0
NonOverlappingTemplate,Non-overlapping Template Matching Test,139,template=139,100,95,5,0,0.95
NonOverlappingTemplate,Non-overlapping Template Matching Test,140,template=140,100,100,0,0,1.0
NonOverlappingTemplate,Non-overlapping Template Matching Test,141,template=141,100,98,2,0,0.98
NonOverlappingTemplate,Non-overlapping Template Matching Test,142,template=142,100,98,2,0,0.98
NonOverlappingTemplate,Non-overlapping Template Matching Test,143,template=143,100,99,1,0,0.99
NonOverlappingTemplate,Non-overlapping Template Matching Test,144,template=144,100,98,2,0,0.98
NonOverlappingTemplate,Non-overlapping Template Matching Test,145,template=145,100,100,0,0,1.0
NonOverlappingTemplate,Non-overlapping Template Matching Test,146,template=146,100,100,0,0,1.0
NonOverlappingTemplate,Non-overlapping Template Matching Test,147,template=147,100,98,2,0,0.98
NonOverlappingTemplate,Non-overlapping Template Matching Test,148,template=148,100,99,1,0,0.99
OverlappingTemplate,Overlapping Template Matching Test,1,component=1,100,96,4,0,0.96
Universal,Maurer's Universal Statistical Test,1,component=1,100,100,0,0,1.0
ApproximateEntropy,Approximate Entropy Test,1,component=1,100,98,2,0,0.98
RandomExcursions,Random Excursions Test,1,state=-4,100,65,2,33,0.9701492537313433
RandomExcursions,Random Excursions Test,2,state=-3,100,67,0,33,1.0
RandomExcursions,Random Excursions Test,3,state=-2,100,67,0,33,1.0
RandomExcursions,Random Excursions Test,4,state=-1,100,67,0,33,1.0
RandomExcursions,Random Excursions Test,5,state=1,100,67,0,33,1.0
RandomExcursions,Random Excursions Test,6,state=2,100,67,0,33,1.0
RandomExcursions,Random Excursions Test,7,state=3,100,67,0,33,1.0
RandomExcursions,Random Excursions Test,8,state=4,100,67,0,33,1.0
RandomExcursionsVariant,Random Excursions Variant Test,1,state=-9,100,66,1,33,0.9850746268656716
RandomExcursionsVariant,Random Excursions Variant Test,2,state=-8,100,66,1,33,0.9850746268656716
RandomExcursionsVariant,Random Excursions Variant Test,3,state=-7,100,66,1,33,0.9850746268656716
RandomExcursionsVariant,Random Excursions Variant Test,4,state=-6,100,67,0,33,1.0
RandomExcursionsVariant,Random Excursions Variant Test,5,state=-5,100,67,0,33,1.0
RandomExcursionsVariant,Random Excursions Variant Test,6,state=-4,100,67,0,33,1.0
RandomExcursionsVariant,Random Excursions Variant Test,7,state=-3,100,67,0,33,1.0
RandomExcursionsVariant,Random Excursions Variant Test,8,state=-2,100,66,1,33,0.9850746268656716
RandomExcursionsVariant,Random Excursions Variant Test,9,state=-1,100,67,0,33,1.0
RandomExcursionsVariant,Random Excursions Variant Test,10,state=1,100,67,0,33,1.0
RandomExcursionsVariant,Random Excursions Variant Test,11,state=2,100,67,0,33,1.0
RandomExcursionsVariant,Random Excursions Variant Test,12,state=3,100,67,0,33,1.0
RandomExcursionsVariant,Random Excursions Variant Test,13,state=4,100,67,0,33,1.0
RandomExcursionsVariant,Random Excursions Variant Test,14,state=5,100,67,0,33,1.0
RandomExcursionsVariant,Random Excursions Variant Test,15,state=6,100,67,0,33,1.0
RandomExcursionsVariant,Random Excursions Variant Test,16,state=7,100,67,0,33,1.0
RandomExcursionsVariant,Random Excursions Variant Test,17,state=8,100,67,0,33,1.0
RandomExcursionsVariant,Random Excursions Variant Test,18,state=9,100,67,0,33,1.0
Serial,Serial Test,1,m,100,97,3,0,0.97
Serial,Serial Test,2,m-1,100,97,3,0,0.97
LinearComplexity,Linear Complexity Test,1,component=1,100,97,3,0,0.97
