class_size,samples,chi_square,p_value,uncorrected_p_below_0.01,holm_rejected_at_0.01,distinct_sizes_tested,expected_false_positives_at_0.01
2,200000,0.38088,0.5371326511648657,False,False,128,1.28
3,200000,2.45119,0.2935829664803137,False,False,128,1.28
4,200000,3.62924,0.30438289190610335,False,False,128,1.28
5,200000,4.10965,0.39136968014466084,False,False,128,1.28
6,200000,4.119999999999999,0.5322715614464215,False,False,128,1.28
7,200000,1.3502199999999998,0.9688164410681236,False,False,128,1.28
8,200000,7.510719999999999,0.3777049192009212,False,False,128,1.28
9,200000,4.1956,0.8390584779854933,False,False,128,1.28
10,200000,8.675099999999999,0.4677894789059215,False,False,128,1.28
11,200000,9.730030000000003,0.4644894626685796,False,False,128,1.28
12,200000,13.305279999999996,0.27384161797824413,False,False,128,1.28
13,200000,21.15913,0.04809823808608361,False,False,128,1.28
14,200000,8.196779999999999,0.8305481872201349,False,False,128,1.28
15,200000,17.218299999999996,0.24473120327368064,False,False,128,1.28
16,200000,9.110399999999998,0.8716745323720868,False,False,128,1.28
17,200000,15.686540000000003,0.4750438797644777,False,False,128,1.28
18,200000,9.71692,0.915059550833304,False,False,128,1.28
19,200000,9.213679999999998,0.954585315025788,False,False,128,1.28
20,200000,28.8746,0.06798336337070597,False,False,128,1.28
21,200000,22.324390000000005,0.32317093312234596,False,False,128,1.28
22,200000,12.11428,0.9364811537429186,False,False,128,1.28
23,200000,14.55201,0.880735953389872,False,False,128,1.28
24,200000,21.767439999999997,0.534326046321141,False,False,128,1.28
25,200000,16.9815,0.84944999698647,False,False,128,1.28
26,200000,30.61364,0.20213253578118628,False,False,128,1.28
27,200000,15.829359999999998,0.940221720325653,False,False,128,1.28
28,200000,18.670879999999997,0.8816811613046673,False,False,128,1.28
29,200000,22.1698,0.7733699319455283,False,False,128,1.28
30,200000,36.15729999999999,0.16902666479919437,False,False,128,1.28
31,200000,28.180759999999996,0.5608583420960969,False,False,128,1.28
32,200000,25.58688,0.7408732473002373,False,False,128,1.28
33,200000,42.428079999999994,0.10287518095743599,False,False,128,1.28
34,200000,25.753259999999997,0.811497005969326,False,False,128,1.28
35,200000,20.37965,0.9685999542832697,False,False,128,1.28
36,200000,33.343360000000004,0.5481996944791827,False,False,128,1.28
37,200000,43.32865000000002,0.18710668128529992,False,False,128,1.28
38,200000,24.10018,0.9495943714124954,False,False,128,1.28
39,200000,45.63397,0.18447511594791452,False,False,128,1.28
40,200000,51.288399999999996,0.08993960580077347,False,False,128,1.28
41,200000,28.161649999999998,0.920145418822788,False,False,128,1.28
42,200000,46.161280000000005,0.26742062752807755,False,False,128,1.28
43,200000,54.2707,0.0971130469704709,False,False,128,1.28
44,200000,48.53044000000001,0.25985677226216114,False,False,128,1.28
45,200000,47.464000000000006,0.333348597626685,False,False,128,1.28
46,200000,38.352639999999994,0.7476979887173907,False,False,128,1.28
47,200000,41.05267,0.6791499892198213,False,False,128,1.28
48,200000,40.16608,0.7493850458756613,False,False,128,1.28
49,200000,39.66045,0.7987011668825927,False,False,128,1.28
50,200000,52.58749999999999,0.33690821748612904,False,False,128,1.28
51,200000,55.3438,0.2800796204742249,False,False,128,1.28
52,200000,64.51556,0.09676322349825947,False,False,128,1.28
53,200000,54.73015,0.3713357519749678,False,False,128,1.28
54,200000,54.99772,0.39887504621754377,False,False,128,1.28
55,200000,49.315949999999994,0.6553393157123365,False,False,128,1.28
56,200000,49.88192,0.6699883346812886,False,False,128,1.28
57,200000,50.39428,0.6861218550765539,False,False,128,1.28
58,200000,49.13168,0.7613429925009579,False,False,128,1.28
59,200000,49.82795,0.7688105068143612,False,False,128,1.28
60,200000,76.1464,0.06587618130241382,False,False,128,1.28
61,200000,60.04324,0.47414719729901966,False,False,128,1.28
62,200000,63.30066,0.3951401257695127,False,False,128,1.28
63,200000,60.26992000000001,0.5385497465111583,False,False,128,1.28
64,200000,50.68352,0.8681602045793843,False,False,128,1.28
65,200000,76.90754999999999,0.1292079068585684,False,False,128,1.28
66,200000,55.82542000000001,0.7842864957108867,False,False,128,1.28
67,200000,45.005449999999996,0.9776686126521574,False,False,128,1.28
68,200000,63.36032000000001,0.6034954383496687,False,False,128,1.28
69,200000,70.11886000000001,0.40636844986585835,False,False,128,1.28
70,200000,47.11369999999999,0.9797546761317437,False,False,128,1.28
71,200000,93.22878999999999,0.03323241005389313,False,False,128,1.28
72,200000,67.40152,0.5990982043873714,False,False,128,1.28
73,200000,65.67098999999999,0.687121043389822,False,False,128,1.28
74,200000,67.62692,0.6556162209683507,False,False,128,1.28
75,200000,72.74575000000002,0.5194505343647985,False,False,128,1.28
76,200000,53.381080000000004,0.9722374352338325,False,False,128,1.28
77,200000,85.34391999999998,0.21697198496903247,False,False,128,1.28
78,200000,75.8149,0.5168179006205209,False,False,128,1.28
79,200000,62.79317999999999,0.894850545362946,False,False,128,1.28
80,200000,80.4864,0.43230663073631526,False,False,128,1.28
81,200000,60.88264,0.9449869773174511,False,False,128,1.28
82,200000,88.62558,0.2632684724978407,False,False,128,1.28
83,200000,95.00062,0.15447333649829761,False,False,128,1.28
84,200000,78.35512000000001,0.6237892880851725,False,False,128,1.28
85,200000,95.51649999999998,0.183586973089193,False,False,128,1.28
86,200000,125.67219999999996,0.002750776888579319,True,False,128,1.28
88,200000,77.44328000000002,0.7586033464165381,False,False,128,1.28
90,200000,99.7306,0.2050892372727588,False,False,128,1.28
92,200000,70.77803999999999,0.9425598916901772,False,False,128,1.28
94,200000,80.26994,0.8238858561927018,False,False,128,1.28
96,200000,89.28447999999999,0.6460327862372981,False,False,128,1.28
98,200000,85.24955999999999,0.7972785605968676,False,False,128,1.28
100,200000,103.77599999999998,0.35148305904880706,False,False,128,1.28
102,200000,90.91018000000001,0.7541815261699067,False,False,128,1.28
104,200000,124.37536,0.07452424400241299,False,False,128,1.28
106,200000,131.18954,0.042643518443034024,False,False,128,1.28
108,200000,119.70915999999998,0.18895757883401393,False,False,128,1.28
110,200000,76.94629999999998,0.9914259980447838,False,False,128,1.28
112,200000,100.16319999999999,0.7603088818919396,False,False,128,1.28
114,200000,107.01808000000001,0.6407987824873675,False,False,128,1.28
116,200000,109.42152,0.6292240535617236,False,False,128,1.28
118,200000,104.48024000000002,0.7897645295493156,False,False,128,1.28
120,200000,126.26319999999998,0.3069312947494416,False,False,128,1.28
122,200000,145.30172000000002,0.065450972329995,False,False,128,1.28
124,200000,130.85152,0.29714722981076475,False,False,128,1.28
126,200000,116.59696000000001,0.6919668392066125,False,False,128,1.28
128,200000,118.43199999999999,0.6943109271521409,False,False,128,1.28
130,200000,132.29469999999998,0.4032936081507483,False,False,128,1.28
132,200000,127.40704,0.5724988534041934,False,False,128,1.28
134,200000,118.21166,0.8163172985860813,False,False,128,1.28
136,200000,141.45832000000001,0.334555002222578,False,False,128,1.28
138,200000,135.7558,0.5139897316233369,False,False,128,1.28
140,200000,119.01139999999998,0.8889882073751233,False,False,128,1.28
142,200000,184.01435999999998,0.008700122410720634,True,False,128,1.28
144,200000,149.35408,0.34105343990650916,False,False,128,1.28
146,200000,150.74884000000003,0.35485117815922085,False,False,128,1.28
148,200000,170.44252,0.09028341502140609,False,False,128,1.28
150,200000,157.12600000000003,0.3082240778254972,False,False,128,1.28
152,200000,128.1628,0.9111774022386611,False,False,128,1.28
154,200000,151.79492,0.512334839486288,False,False,128,1.28
156,200000,171.09112000000005,0.178359651791183,False,False,128,1.28
158,200000,131.71436,0.9296929766753634,False,False,128,1.28
160,200000,177.5632,0.14915600333627163,False,False,128,1.28
162,200000,139.09786,0.8930954385722752,False,False,128,1.28
164,200000,161.47684,0.5190069306637306,False,False,128,1.28
166,200000,185.48556000000002,0.1312544670504897,False,False,128,1.28
168,200000,159.08248000000003,0.6567593513929646,False,False,128,1.28
170,200000,162.7294,0.6213401483828758,False,False,128,1.28
172,200000,214.64952,0.013200358521165073,False,False,128,1.28
